workerid,hitid,hittypeid,title,description,keywords,reward,creationtime,assignments,numavailable,numpending,numcomplete,hitstatus,reviewstatus,annotation,assignmentduration,autoapprovaldelay,hitlifetime,viewhit,assignmentid,workerid,assignmentstatus,autoapprovaltime,assignmentaccepttime,assignmentsubmittime,assignmentapprovaltime,assignmentrejecttime,deadline,feedback,reject,Answer.catch_trials,Answer.condition,Answer.justification,Answer.time_in_minutes
0,3VW0145YLYCSB2D7UVR5EZW5DWKJMV,3UFCYGUHNP4CXE3VBIPPD007NZATNX,Judging whether a speaker is right or wrong about a scenario,"In this task you will be watching a short video. At the end of the video, a puppet will make a statement and your goal is to say whether the puppett is right or wrong",language research UCI fun cognitive science university explanations,$1.25,Fri Nov 24 12:53:56 PST 2017,9,0,0,0,Reviewable,NotReviewed,1 cond,1800,60000,Sun Dec 24 12:53:56 PST 2017,https://requester.mturk.com/mturk/manageHIT?HITId=3VW0145YLYCSB2D7UVR5EZW5DWKJMV,37Z929RLG98SAKKBGO6WHYD5E84TSO,0,Submitted,Sat Nov 25 05:43:22 PST 2017,Fri Nov 24 12:54:49 PST 2017,Fri Nov 24 13:03:22 PST 2017,,,,,,[],"""cond2""",undefined,8.515766666666666
1,3VW0145YLYCSB2D7UVR5EZW5DWKJMV,3UFCYGUHNP4CXE3VBIPPD007NZATNX,Judging whether a speaker is right or wrong about a scenario,"In this task you will be watching a short video. At the end of the video, a puppet will make a statement and your goal is to say whether the puppett is right or wrong",language research UCI fun cognitive science university explanations,$1.25,Fri Nov 24 12:53:56 PST 2017,9,0,0,0,Reviewable,NotReviewed,1 cond,1800,60000,Sun Dec 24 12:53:56 PST 2017,https://requester.mturk.com/mturk/manageHIT?HITId=3VW0145YLYCSB2D7UVR5EZW5DWKJMV,39PAAFCODM082C1FAJB1SLXCDCYTVT,1,Submitted,Sat Nov 25 05:47:24 PST 2017,Fri Nov 24 12:54:54 PST 2017,Fri Nov 24 13:07:24 PST 2017,,,,,,[],"""cond1""",undefined,12.412216666666666
2,3VW0145YLYCSB2D7UVR5EZW5DWKJMV,3UFCYGUHNP4CXE3VBIPPD007NZATNX,Judging whether a speaker is right or wrong about a scenario,"In this task you will be watching a short video. At the end of the video, a puppet will make a statement and your goal is to say whether the puppett is right or wrong",language research UCI fun cognitive science university explanations,$1.25,Fri Nov 24 12:53:56 PST 2017,9,0,0,0,Reviewable,NotReviewed,1 cond,1800,60000,Sun Dec 24 12:53:56 PST 2017,https://requester.mturk.com/mturk/manageHIT?HITId=3VW0145YLYCSB2D7UVR5EZW5DWKJMV,3OLQQLKKNSPXMYJO3Z8NQBMHFF5JE9,2,Submitted,Sat Nov 25 05:47:37 PST 2017,Fri Nov 24 12:56:35 PST 2017,Fri Nov 24 13:07:37 PST 2017,,,,,,[],"""cond2""",undefined,10.862333333333334
3,3VW0145YLYCSB2D7UVR5EZW5DWKJMV,3UFCYGUHNP4CXE3VBIPPD007NZATNX,Judging whether a speaker is right or wrong about a scenario,"In this task you will be watching a short video. At the end of the video, a puppet will make a statement and your goal is to say whether the puppett is right or wrong",language research UCI fun cognitive science university explanations,$1.25,Fri Nov 24 12:53:56 PST 2017,9,0,0,0,Reviewable,NotReviewed,1 cond,1800,60000,Sun Dec 24 12:53:56 PST 2017,https://requester.mturk.com/mturk/manageHIT?HITId=3VW0145YLYCSB2D7UVR5EZW5DWKJMV,3XLBSAQ9Z4C2DY9IYDX38VIQCQDZ7N,3,Submitted,Sat Nov 25 05:47:45 PST 2017,Fri Nov 24 12:54:27 PST 2017,Fri Nov 24 13:07:45 PST 2017,,,,,,[],"""cond3""",undefined,13.159733333333334
4,3VW0145YLYCSB2D7UVR5EZW5DWKJMV,3UFCYGUHNP4CXE3VBIPPD007NZATNX,Judging whether a speaker is right or wrong about a scenario,"In this task you will be watching a short video. At the end of the video, a puppet will make a statement and your goal is to say whether the puppett is right or wrong",language research UCI fun cognitive science university explanations,$1.25,Fri Nov 24 12:53:56 PST 2017,9,0,0,0,Reviewable,NotReviewed,1 cond,1800,60000,Sun Dec 24 12:53:56 PST 2017,https://requester.mturk.com/mturk/manageHIT?HITId=3VW0145YLYCSB2D7UVR5EZW5DWKJMV,3T3IWE1XG6NGX45YOKHRMYY4WKJTQZ,4,Submitted,Sat Nov 25 05:48:52 PST 2017,Fri Nov 24 12:54:39 PST 2017,Fri Nov 24 13:08:52 PST 2017,,,,,,[],"""cond1""",undefined,12.74265
5,3VW0145YLYCSB2D7UVR5EZW5DWKJMV,3UFCYGUHNP4CXE3VBIPPD007NZATNX,Judging whether a speaker is right or wrong about a scenario,"In this task you will be watching a short video. At the end of the video, a puppet will make a statement and your goal is to say whether the puppett is right or wrong",language research UCI fun cognitive science university explanations,$1.25,Fri Nov 24 12:53:56 PST 2017,9,0,0,0,Reviewable,NotReviewed,1 cond,1800,60000,Sun Dec 24 12:53:56 PST 2017,https://requester.mturk.com/mturk/manageHIT?HITId=3VW0145YLYCSB2D7UVR5EZW5DWKJMV,3TOK3KHVJTIQEUVBW4MMSXBMSMB7OU,5,Submitted,Sat Nov 25 05:48:57 PST 2017,Fri Nov 24 13:01:05 PST 2017,Fri Nov 24 13:08:57 PST 2017,,,,,,[],"""cond1""",undefined,7.4096
6,3VW0145YLYCSB2D7UVR5EZW5DWKJMV,3UFCYGUHNP4CXE3VBIPPD007NZATNX,Judging whether a speaker is right or wrong about a scenario,"In this task you will be watching a short video. At the end of the video, a puppet will make a statement and your goal is to say whether the puppett is right or wrong",language research UCI fun cognitive science university explanations,$1.25,Fri Nov 24 12:53:56 PST 2017,9,0,0,0,Reviewable,NotReviewed,1 cond,1800,60000,Sun Dec 24 12:53:56 PST 2017,https://requester.mturk.com/mturk/manageHIT?HITId=3VW0145YLYCSB2D7UVR5EZW5DWKJMV,3F1567XTNW5XDPWKQECAVYXS2DIQ9Y,6,Submitted,Sat Nov 25 06:06:30 PST 2017,Fri Nov 24 13:17:22 PST 2017,Fri Nov 24 13:26:30 PST 2017,,,,,,[],"""cond4""",undefined,9.091633333333334
7,3VW0145YLYCSB2D7UVR5EZW5DWKJMV,3UFCYGUHNP4CXE3VBIPPD007NZATNX,Judging whether a speaker is right or wrong about a scenario,"In this task you will be watching a short video. At the end of the video, a puppet will make a statement and your goal is to say whether the puppett is right or wrong",language research UCI fun cognitive science university explanations,$1.25,Fri Nov 24 12:53:56 PST 2017,9,0,0,0,Reviewable,NotReviewed,1 cond,1800,60000,Sun Dec 24 12:53:56 PST 2017,https://requester.mturk.com/mturk/manageHIT?HITId=3VW0145YLYCSB2D7UVR5EZW5DWKJMV,3V0Z7YWSIY0EID72R4R5RYOMDZO2VD,7,Submitted,Sat Nov 25 06:15:39 PST 2017,Fri Nov 24 13:14:15 PST 2017,Fri Nov 24 13:35:39 PST 2017,,,,,,[],"""cond4""",undefined,7.514866666666666
8,3VW0145YLYCSB2D7UVR5EZW5DWKJMV,3UFCYGUHNP4CXE3VBIPPD007NZATNX,Judging whether a speaker is right or wrong about a scenario,"In this task you will be watching a short video. At the end of the video, a puppet will make a statement and your goal is to say whether the puppett is right or wrong",language research UCI fun cognitive science university explanations,$1.25,Fri Nov 24 12:53:56 PST 2017,9,0,0,0,Reviewable,NotReviewed,1 cond,1800,60000,Sun Dec 24 12:53:56 PST 2017,https://requester.mturk.com/mturk/manageHIT?HITId=3VW0145YLYCSB2D7UVR5EZW5DWKJMV,3RJSC4XJ10UQO9P96Q5E4C183D950W,8,Submitted,Sat Nov 25 07:35:27 PST 2017,Fri Nov 24 14:41:57 PST 2017,Fri Nov 24 14:55:27 PST 2017,,,,,,[],"""cond4""",undefined,11.426316666666667
