workerid,language,enjoyment,gender,age,comments,asses,selfreport,education
0,English,2,Male,30,,Yes,Studying child development and education.,2
1,English,2,Male,71, Thank you for an interesting hit and I hope my data is useful.,Yes, Not at all sure. I would love to know.,3
2,English,2,Female,54,,Yes,No idea,4
3,english,2,Male,66,It went smoothly. ,Yes,Basic logic?,3
4,english,2,Male,38,,Yes,Unsure,3
5,english,1,Female,53,,Yes,not sure,3
6,English,2,Female,52,,Yes,It was strange and fun!,3
7,English,2,Male,25,I was a bit confused a couple of times and may have gotten some wrong but mostly it was very easy simple and fun.,Yes,To see how well someone could understand English and see if someone was lying or not.,0
8,english,2,Male,25,,Yes,,2
