workerid,trial_type,justification,response,condition,language,enjoyment,gender,age,comments,asses,selfreport,education,OS,screenH,screenW,Browser,hitid,hittypeid,title,description,keywords,reward,creationtime,assignments,numavailable,numpending,numcomplete,hitstatus,reviewstatus,annotation,assignmentduration,autoapprovaldelay,hitlifetime,viewhit,assignmentid,workerid,assignmentstatus,autoapprovaltime,assignmentaccepttime,assignmentsubmittime,assignmentapprovaltime,assignmentrejecttime,deadline,feedback,reject,Answer.catch_trials,Answer.condition,Answer.justification,Answer.time_in_minutes
0,one_slider_practice,He did buy 2 cars.,0.8,NA,english,2,Female,35,the lady talking was harder to understand,Yes,language perception,3,Windows,1024,1280,Chrome,3BKZLF990ZZ9R66Y8OZP5VVY01QQYJ,3UFCYGUHNP4CXE3VBIPPD007NZATNX,Judging whether a speaker is right or wrong about a scenario,"In this task you will be watching a short video. At the end of the video, a puppet will make a statement and your goal is to say whether the puppett is right or wrong",language research UCI fun cognitive science university explanations,$1.25,Fri Nov 24 12:53:21 PST 2017,9,0,0,0,Reviewable,NotReviewed,1 cond,1800,60000,Sun Dec 24 12:53:21 PST 2017,https://requester.mturk.com/mturk/manageHIT?HITId=3BKZLF990ZZ9R66Y8OZP5VVY01QQYJ,3J2UYBXQQLCM7DPNB9FJWIF8Z8B604,0,Submitted,Sat Nov 25 05:40:16 PST 2017,Fri Nov 24 12:54:03 PST 2017,Fri Nov 24 13:00:16 PST 2017,,,,,,[],"""cond4""",undefined,6.192616666666667
0,one_slider_practice,third dog did not jump on the table,0,NA,english,2,Female,35,the lady talking was harder to understand,Yes,language perception,3,Windows,1024,1280,Chrome,3BKZLF990ZZ9R66Y8OZP5VVY01QQYJ,3UFCYGUHNP4CXE3VBIPPD007NZATNX,Judging whether a speaker is right or wrong about a scenario,"In this task you will be watching a short video. At the end of the video, a puppet will make a statement and your goal is to say whether the puppett is right or wrong",language research UCI fun cognitive science university explanations,$1.25,Fri Nov 24 12:53:21 PST 2017,9,0,0,0,Reviewable,NotReviewed,1 cond,1800,60000,Sun Dec 24 12:53:21 PST 2017,https://requester.mturk.com/mturk/manageHIT?HITId=3BKZLF990ZZ9R66Y8OZP5VVY01QQYJ,3J2UYBXQQLCM7DPNB9FJWIF8Z8B604,0,Submitted,Sat Nov 25 05:40:16 PST 2017,Fri Nov 24 12:54:03 PST 2017,Fri Nov 24 13:00:16 PST 2017,,,,,,[],"""cond4""",undefined,6.192616666666667
0,one_slider,All 4 frogs jumped over the fence,0.26,cond4,english,2,Female,35,the lady talking was harder to understand,Yes,language perception,3,Windows,1024,1280,Chrome,3BKZLF990ZZ9R66Y8OZP5VVY01QQYJ,3UFCYGUHNP4CXE3VBIPPD007NZATNX,Judging whether a speaker is right or wrong about a scenario,"In this task you will be watching a short video. At the end of the video, a puppet will make a statement and your goal is to say whether the puppett is right or wrong",language research UCI fun cognitive science university explanations,$1.25,Fri Nov 24 12:53:21 PST 2017,9,0,0,0,Reviewable,NotReviewed,1 cond,1800,60000,Sun Dec 24 12:53:21 PST 2017,https://requester.mturk.com/mturk/manageHIT?HITId=3BKZLF990ZZ9R66Y8OZP5VVY01QQYJ,3J2UYBXQQLCM7DPNB9FJWIF8Z8B604,0,Submitted,Sat Nov 25 05:40:16 PST 2017,Fri Nov 24 12:54:03 PST 2017,Fri Nov 24 13:00:16 PST 2017,,,,,,[],"""cond4""",undefined,6.192616666666667
0,one_slider,2 hippos drank milk,0.01,cond3,english,2,Female,35,the lady talking was harder to understand,Yes,language perception,3,Windows,1024,1280,Chrome,3BKZLF990ZZ9R66Y8OZP5VVY01QQYJ,3UFCYGUHNP4CXE3VBIPPD007NZATNX,Judging whether a speaker is right or wrong about a scenario,"In this task you will be watching a short video. At the end of the video, a puppet will make a statement and your goal is to say whether the puppett is right or wrong",language research UCI fun cognitive science university explanations,$1.25,Fri Nov 24 12:53:21 PST 2017,9,0,0,0,Reviewable,NotReviewed,1 cond,1800,60000,Sun Dec 24 12:53:21 PST 2017,https://requester.mturk.com/mturk/manageHIT?HITId=3BKZLF990ZZ9R66Y8OZP5VVY01QQYJ,3J2UYBXQQLCM7DPNB9FJWIF8Z8B604,0,Submitted,Sat Nov 25 05:40:16 PST 2017,Fri Nov 24 12:54:03 PST 2017,Fri Nov 24 13:00:16 PST 2017,,,,,,[],"""cond4""",undefined,6.192616666666667
0,one_slider,it was correct,0.84,cond3,english,2,Female,35,the lady talking was harder to understand,Yes,language perception,3,Windows,1024,1280,Chrome,3BKZLF990ZZ9R66Y8OZP5VVY01QQYJ,3UFCYGUHNP4CXE3VBIPPD007NZATNX,Judging whether a speaker is right or wrong about a scenario,"In this task you will be watching a short video. At the end of the video, a puppet will make a statement and your goal is to say whether the puppett is right or wrong",language research UCI fun cognitive science university explanations,$1.25,Fri Nov 24 12:53:21 PST 2017,9,0,0,0,Reviewable,NotReviewed,1 cond,1800,60000,Sun Dec 24 12:53:21 PST 2017,https://requester.mturk.com/mturk/manageHIT?HITId=3BKZLF990ZZ9R66Y8OZP5VVY01QQYJ,3J2UYBXQQLCM7DPNB9FJWIF8Z8B604,0,Submitted,Sat Nov 25 05:40:16 PST 2017,Fri Nov 24 12:54:03 PST 2017,Fri Nov 24 13:00:16 PST 2017,,,,,,[],"""cond4""",undefined,6.192616666666667
0,one_slider,one of the dogs rolled its ball,0,cond1,english,2,Female,35,the lady talking was harder to understand,Yes,language perception,3,Windows,1024,1280,Chrome,3BKZLF990ZZ9R66Y8OZP5VVY01QQYJ,3UFCYGUHNP4CXE3VBIPPD007NZATNX,Judging whether a speaker is right or wrong about a scenario,"In this task you will be watching a short video. At the end of the video, a puppet will make a statement and your goal is to say whether the puppett is right or wrong",language research UCI fun cognitive science university explanations,$1.25,Fri Nov 24 12:53:21 PST 2017,9,0,0,0,Reviewable,NotReviewed,1 cond,1800,60000,Sun Dec 24 12:53:21 PST 2017,https://requester.mturk.com/mturk/manageHIT?HITId=3BKZLF990ZZ9R66Y8OZP5VVY01QQYJ,3J2UYBXQQLCM7DPNB9FJWIF8Z8B604,0,Submitted,Sat Nov 25 05:40:16 PST 2017,Fri Nov 24 12:54:03 PST 2017,Fri Nov 24 13:00:16 PST 2017,,,,,,[],"""cond4""",undefined,6.192616666666667
0,one_slider,"True, but they didn&quotechart mention the eggs at all",0.89,cond3,english,2,Female,35,the lady talking was harder to understand,Yes,language perception,3,Windows,1024,1280,Chrome,3BKZLF990ZZ9R66Y8OZP5VVY01QQYJ,3UFCYGUHNP4CXE3VBIPPD007NZATNX,Judging whether a speaker is right or wrong about a scenario,"In this task you will be watching a short video. At the end of the video, a puppet will make a statement and your goal is to say whether the puppett is right or wrong",language research UCI fun cognitive science university explanations,$1.25,Fri Nov 24 12:53:21 PST 2017,9,0,0,0,Reviewable,NotReviewed,1 cond,1800,60000,Sun Dec 24 12:53:21 PST 2017,https://requester.mturk.com/mturk/manageHIT?HITId=3BKZLF990ZZ9R66Y8OZP5VVY01QQYJ,3J2UYBXQQLCM7DPNB9FJWIF8Z8B604,0,Submitted,Sat Nov 25 05:40:16 PST 2017,Fri Nov 24 12:54:03 PST 2017,Fri Nov 24 13:00:16 PST 2017,,,,,,[],"""cond4""",undefined,6.192616666666667
0,one_slider,only 2 lizards got on the book,0,cond3,english,2,Female,35,the lady talking was harder to understand,Yes,language perception,3,Windows,1024,1280,Chrome,3BKZLF990ZZ9R66Y8OZP5VVY01QQYJ,3UFCYGUHNP4CXE3VBIPPD007NZATNX,Judging whether a speaker is right or wrong about a scenario,"In this task you will be watching a short video. At the end of the video, a puppet will make a statement and your goal is to say whether the puppett is right or wrong",language research UCI fun cognitive science university explanations,$1.25,Fri Nov 24 12:53:21 PST 2017,9,0,0,0,Reviewable,NotReviewed,1 cond,1800,60000,Sun Dec 24 12:53:21 PST 2017,https://requester.mturk.com/mturk/manageHIT?HITId=3BKZLF990ZZ9R66Y8OZP5VVY01QQYJ,3J2UYBXQQLCM7DPNB9FJWIF8Z8B604,0,Submitted,Sat Nov 25 05:40:16 PST 2017,Fri Nov 24 12:54:03 PST 2017,Fri Nov 24 13:00:16 PST 2017,,,,,,[],"""cond4""",undefined,6.192616666666667
0,one_slider,All dinosaurs ate the fish so that&quotechars only partially correct,0.8,cond4,english,2,Female,35,the lady talking was harder to understand,Yes,language perception,3,Windows,1024,1280,Chrome,3BKZLF990ZZ9R66Y8OZP5VVY01QQYJ,3UFCYGUHNP4CXE3VBIPPD007NZATNX,Judging whether a speaker is right or wrong about a scenario,"In this task you will be watching a short video. At the end of the video, a puppet will make a statement and your goal is to say whether the puppett is right or wrong",language research UCI fun cognitive science university explanations,$1.25,Fri Nov 24 12:53:21 PST 2017,9,0,0,0,Reviewable,NotReviewed,1 cond,1800,60000,Sun Dec 24 12:53:21 PST 2017,https://requester.mturk.com/mturk/manageHIT?HITId=3BKZLF990ZZ9R66Y8OZP5VVY01QQYJ,3J2UYBXQQLCM7DPNB9FJWIF8Z8B604,0,Submitted,Sat Nov 25 05:40:16 PST 2017,Fri Nov 24 12:54:03 PST 2017,Fri Nov 24 13:00:16 PST 2017,,,,,,[],"""cond4""",undefined,6.192616666666667
1,one_slider_practice,"He purchased the silver and yellow car, then only had one penny left so he stopped.",0.97,NA,English,2,Female,35,,Yes,Paying attention to details?,2,Mac,1200,1920,Firefox,3BKZLF990ZZ9R66Y8OZP5VVY01QQYJ,3UFCYGUHNP4CXE3VBIPPD007NZATNX,Judging whether a speaker is right or wrong about a scenario,"In this task you will be watching a short video. At the end of the video, a puppet will make a statement and your goal is to say whether the puppett is right or wrong",language research UCI fun cognitive science university explanations,$1.25,Fri Nov 24 12:53:21 PST 2017,9,0,0,0,Reviewable,NotReviewed,1 cond,1800,60000,Sun Dec 24 12:53:21 PST 2017,https://requester.mturk.com/mturk/manageHIT?HITId=3BKZLF990ZZ9R66Y8OZP5VVY01QQYJ,36NEMU28XFDH46B0RWFLS9LYQD4WM5,1,Submitted,Sat Nov 25 05:42:45 PST 2017,Fri Nov 24 12:53:51 PST 2017,Fri Nov 24 13:02:45 PST 2017,,,,,,[],"""cond1""",undefined,8.78465
1,one_slider_practice,"The first two jumped on the table, the third did not.",0.02,NA,English,2,Female,35,,Yes,Paying attention to details?,2,Mac,1200,1920,Firefox,3BKZLF990ZZ9R66Y8OZP5VVY01QQYJ,3UFCYGUHNP4CXE3VBIPPD007NZATNX,Judging whether a speaker is right or wrong about a scenario,"In this task you will be watching a short video. At the end of the video, a puppet will make a statement and your goal is to say whether the puppett is right or wrong",language research UCI fun cognitive science university explanations,$1.25,Fri Nov 24 12:53:21 PST 2017,9,0,0,0,Reviewable,NotReviewed,1 cond,1800,60000,Sun Dec 24 12:53:21 PST 2017,https://requester.mturk.com/mturk/manageHIT?HITId=3BKZLF990ZZ9R66Y8OZP5VVY01QQYJ,36NEMU28XFDH46B0RWFLS9LYQD4WM5,1,Submitted,Sat Nov 25 05:42:45 PST 2017,Fri Nov 24 12:53:51 PST 2017,Fri Nov 24 13:02:45 PST 2017,,,,,,[],"""cond1""",undefined,8.78465
1,one_slider,Four frogs jumped over the fence and only two over the rock.,0.02,cond4,English,2,Female,35,,Yes,Paying attention to details?,2,Mac,1200,1920,Firefox,3BKZLF990ZZ9R66Y8OZP5VVY01QQYJ,3UFCYGUHNP4CXE3VBIPPD007NZATNX,Judging whether a speaker is right or wrong about a scenario,"In this task you will be watching a short video. At the end of the video, a puppet will make a statement and your goal is to say whether the puppett is right or wrong",language research UCI fun cognitive science university explanations,$1.25,Fri Nov 24 12:53:21 PST 2017,9,0,0,0,Reviewable,NotReviewed,1 cond,1800,60000,Sun Dec 24 12:53:21 PST 2017,https://requester.mturk.com/mturk/manageHIT?HITId=3BKZLF990ZZ9R66Y8OZP5VVY01QQYJ,36NEMU28XFDH46B0RWFLS9LYQD4WM5,1,Submitted,Sat Nov 25 05:42:45 PST 2017,Fri Nov 24 12:53:51 PST 2017,Fri Nov 24 13:02:45 PST 2017,,,,,,[],"""cond1""",undefined,8.78465
1,one_slider,There were only two hippos that drank the milk. Only two total as well.,0.02,cond2,English,2,Female,35,,Yes,Paying attention to details?,2,Mac,1200,1920,Firefox,3BKZLF990ZZ9R66Y8OZP5VVY01QQYJ,3UFCYGUHNP4CXE3VBIPPD007NZATNX,Judging whether a speaker is right or wrong about a scenario,"In this task you will be watching a short video. At the end of the video, a puppet will make a statement and your goal is to say whether the puppett is right or wrong",language research UCI fun cognitive science university explanations,$1.25,Fri Nov 24 12:53:21 PST 2017,9,0,0,0,Reviewable,NotReviewed,1 cond,1800,60000,Sun Dec 24 12:53:21 PST 2017,https://requester.mturk.com/mturk/manageHIT?HITId=3BKZLF990ZZ9R66Y8OZP5VVY01QQYJ,36NEMU28XFDH46B0RWFLS9LYQD4WM5,1,Submitted,Sat Nov 25 05:42:45 PST 2017,Fri Nov 24 12:53:51 PST 2017,Fri Nov 24 13:02:45 PST 2017,,,,,,[],"""cond1""",undefined,8.78465
1,one_slider,"Two butterflies stayed home, therefore, they didn&quotechart go to the city.",0.98,cond3,English,2,Female,35,,Yes,Paying attention to details?,2,Mac,1200,1920,Firefox,3BKZLF990ZZ9R66Y8OZP5VVY01QQYJ,3UFCYGUHNP4CXE3VBIPPD007NZATNX,Judging whether a speaker is right or wrong about a scenario,"In this task you will be watching a short video. At the end of the video, a puppet will make a statement and your goal is to say whether the puppett is right or wrong",language research UCI fun cognitive science university explanations,$1.25,Fri Nov 24 12:53:21 PST 2017,9,0,0,0,Reviewable,NotReviewed,1 cond,1800,60000,Sun Dec 24 12:53:21 PST 2017,https://requester.mturk.com/mturk/manageHIT?HITId=3BKZLF990ZZ9R66Y8OZP5VVY01QQYJ,36NEMU28XFDH46B0RWFLS9LYQD4WM5,1,Submitted,Sat Nov 25 05:42:45 PST 2017,Fri Nov 24 12:53:51 PST 2017,Fri Nov 24 13:02:45 PST 2017,,,,,,[],"""cond1""",undefined,8.78465
1,one_slider,The first dog rolled its ball across the table.,0.02,cond4,English,2,Female,35,,Yes,Paying attention to details?,2,Mac,1200,1920,Firefox,3BKZLF990ZZ9R66Y8OZP5VVY01QQYJ,3UFCYGUHNP4CXE3VBIPPD007NZATNX,Judging whether a speaker is right or wrong about a scenario,"In this task you will be watching a short video. At the end of the video, a puppet will make a statement and your goal is to say whether the puppett is right or wrong",language research UCI fun cognitive science university explanations,$1.25,Fri Nov 24 12:53:21 PST 2017,9,0,0,0,Reviewable,NotReviewed,1 cond,1800,60000,Sun Dec 24 12:53:21 PST 2017,https://requester.mturk.com/mturk/manageHIT?HITId=3BKZLF990ZZ9R66Y8OZP5VVY01QQYJ,36NEMU28XFDH46B0RWFLS9LYQD4WM5,1,Submitted,Sat Nov 25 05:42:45 PST 2017,Fri Nov 24 12:53:51 PST 2017,Fri Nov 24 13:02:45 PST 2017,,,,,,[],"""cond1""",undefined,8.78465
1,one_slider,One lion DID buy a cookie.,0.03,cond1,English,2,Female,35,,Yes,Paying attention to details?,2,Mac,1200,1920,Firefox,3BKZLF990ZZ9R66Y8OZP5VVY01QQYJ,3UFCYGUHNP4CXE3VBIPPD007NZATNX,Judging whether a speaker is right or wrong about a scenario,"In this task you will be watching a short video. At the end of the video, a puppet will make a statement and your goal is to say whether the puppett is right or wrong",language research UCI fun cognitive science university explanations,$1.25,Fri Nov 24 12:53:21 PST 2017,9,0,0,0,Reviewable,NotReviewed,1 cond,1800,60000,Sun Dec 24 12:53:21 PST 2017,https://requester.mturk.com/mturk/manageHIT?HITId=3BKZLF990ZZ9R66Y8OZP5VVY01QQYJ,36NEMU28XFDH46B0RWFLS9LYQD4WM5,1,Submitted,Sat Nov 25 05:42:45 PST 2017,Fri Nov 24 12:53:51 PST 2017,Fri Nov 24 13:02:45 PST 2017,,,,,,[],"""cond1""",undefined,8.78465
1,one_slider,"Only two lizards climbed on the book, the other two didn&quotechart because they thought it was too high.",0.01,cond2,English,2,Female,35,,Yes,Paying attention to details?,2,Mac,1200,1920,Firefox,3BKZLF990ZZ9R66Y8OZP5VVY01QQYJ,3UFCYGUHNP4CXE3VBIPPD007NZATNX,Judging whether a speaker is right or wrong about a scenario,"In this task you will be watching a short video. At the end of the video, a puppet will make a statement and your goal is to say whether the puppett is right or wrong",language research UCI fun cognitive science university explanations,$1.25,Fri Nov 24 12:53:21 PST 2017,9,0,0,0,Reviewable,NotReviewed,1 cond,1800,60000,Sun Dec 24 12:53:21 PST 2017,https://requester.mturk.com/mturk/manageHIT?HITId=3BKZLF990ZZ9R66Y8OZP5VVY01QQYJ,36NEMU28XFDH46B0RWFLS9LYQD4WM5,1,Submitted,Sat Nov 25 05:42:45 PST 2017,Fri Nov 24 12:53:51 PST 2017,Fri Nov 24 13:02:45 PST 2017,,,,,,[],"""cond1""",undefined,8.78465
1,one_slider,One of the dinosaurs DID eat a bug.,0.03,cond1,English,2,Female,35,,Yes,Paying attention to details?,2,Mac,1200,1920,Firefox,3BKZLF990ZZ9R66Y8OZP5VVY01QQYJ,3UFCYGUHNP4CXE3VBIPPD007NZATNX,Judging whether a speaker is right or wrong about a scenario,"In this task you will be watching a short video. At the end of the video, a puppet will make a statement and your goal is to say whether the puppett is right or wrong",language research UCI fun cognitive science university explanations,$1.25,Fri Nov 24 12:53:21 PST 2017,9,0,0,0,Reviewable,NotReviewed,1 cond,1800,60000,Sun Dec 24 12:53:21 PST 2017,https://requester.mturk.com/mturk/manageHIT?HITId=3BKZLF990ZZ9R66Y8OZP5VVY01QQYJ,36NEMU28XFDH46B0RWFLS9LYQD4WM5,1,Submitted,Sat Nov 25 05:42:45 PST 2017,Fri Nov 24 12:53:51 PST 2017,Fri Nov 24 13:02:45 PST 2017,,,,,,[],"""cond1""",undefined,8.78465
2,one_slider_practice,Brainy Smurf bought 2 cars for 2 pennies each. ,1,NA,English,1,Female,43,,Yes,Attention to detail and logic statements,4,Windows,900,1600,Chrome,3BKZLF990ZZ9R66Y8OZP5VVY01QQYJ,3UFCYGUHNP4CXE3VBIPPD007NZATNX,Judging whether a speaker is right or wrong about a scenario,"In this task you will be watching a short video. At the end of the video, a puppet will make a statement and your goal is to say whether the puppett is right or wrong",language research UCI fun cognitive science university explanations,$1.25,Fri Nov 24 12:53:21 PST 2017,9,0,0,0,Reviewable,NotReviewed,1 cond,1800,60000,Sun Dec 24 12:53:21 PST 2017,https://requester.mturk.com/mturk/manageHIT?HITId=3BKZLF990ZZ9R66Y8OZP5VVY01QQYJ,3DR23U6WE5ER01FTFTMRSH9QDHVTEN,2,Submitted,Sat Nov 25 05:43:08 PST 2017,Fri Nov 24 12:53:32 PST 2017,Fri Nov 24 13:03:08 PST 2017,,,,,,[],"""cond1""",undefined,9.4498
2,one_slider_practice,Only two dogs jumped on the table,0,NA,English,1,Female,43,,Yes,Attention to detail and logic statements,4,Windows,900,1600,Chrome,3BKZLF990ZZ9R66Y8OZP5VVY01QQYJ,3UFCYGUHNP4CXE3VBIPPD007NZATNX,Judging whether a speaker is right or wrong about a scenario,"In this task you will be watching a short video. At the end of the video, a puppet will make a statement and your goal is to say whether the puppett is right or wrong",language research UCI fun cognitive science university explanations,$1.25,Fri Nov 24 12:53:21 PST 2017,9,0,0,0,Reviewable,NotReviewed,1 cond,1800,60000,Sun Dec 24 12:53:21 PST 2017,https://requester.mturk.com/mturk/manageHIT?HITId=3BKZLF990ZZ9R66Y8OZP5VVY01QQYJ,3DR23U6WE5ER01FTFTMRSH9QDHVTEN,2,Submitted,Sat Nov 25 05:43:08 PST 2017,Fri Nov 24 12:53:32 PST 2017,Fri Nov 24 13:03:08 PST 2017,,,,,,[],"""cond1""",undefined,9.4498
2,one_slider,"After both frogs jumped over the fences, only one frog jumped over the rock.",1,cond2,English,1,Female,43,,Yes,Attention to detail and logic statements,4,Windows,900,1600,Chrome,3BKZLF990ZZ9R66Y8OZP5VVY01QQYJ,3UFCYGUHNP4CXE3VBIPPD007NZATNX,Judging whether a speaker is right or wrong about a scenario,"In this task you will be watching a short video. At the end of the video, a puppet will make a statement and your goal is to say whether the puppett is right or wrong",language research UCI fun cognitive science university explanations,$1.25,Fri Nov 24 12:53:21 PST 2017,9,0,0,0,Reviewable,NotReviewed,1 cond,1800,60000,Sun Dec 24 12:53:21 PST 2017,https://requester.mturk.com/mturk/manageHIT?HITId=3BKZLF990ZZ9R66Y8OZP5VVY01QQYJ,3DR23U6WE5ER01FTFTMRSH9QDHVTEN,2,Submitted,Sat Nov 25 05:43:08 PST 2017,Fri Nov 24 12:53:32 PST 2017,Fri Nov 24 13:03:08 PST 2017,,,,,,[],"""cond1""",undefined,9.4498
2,one_slider,There are only 2 hippos,0,cond3,English,1,Female,43,,Yes,Attention to detail and logic statements,4,Windows,900,1600,Chrome,3BKZLF990ZZ9R66Y8OZP5VVY01QQYJ,3UFCYGUHNP4CXE3VBIPPD007NZATNX,Judging whether a speaker is right or wrong about a scenario,"In this task you will be watching a short video. At the end of the video, a puppet will make a statement and your goal is to say whether the puppett is right or wrong",language research UCI fun cognitive science university explanations,$1.25,Fri Nov 24 12:53:21 PST 2017,9,0,0,0,Reviewable,NotReviewed,1 cond,1800,60000,Sun Dec 24 12:53:21 PST 2017,https://requester.mturk.com/mturk/manageHIT?HITId=3BKZLF990ZZ9R66Y8OZP5VVY01QQYJ,3DR23U6WE5ER01FTFTMRSH9QDHVTEN,2,Submitted,Sat Nov 25 05:43:08 PST 2017,Fri Nov 24 12:53:32 PST 2017,Fri Nov 24 13:03:08 PST 2017,,,,,,[],"""cond1""",undefined,9.4498
2,one_slider,2 of 4 butterflies decided to stay at home.,1,cond3,English,1,Female,43,,Yes,Attention to detail and logic statements,4,Windows,900,1600,Chrome,3BKZLF990ZZ9R66Y8OZP5VVY01QQYJ,3UFCYGUHNP4CXE3VBIPPD007NZATNX,Judging whether a speaker is right or wrong about a scenario,"In this task you will be watching a short video. At the end of the video, a puppet will make a statement and your goal is to say whether the puppett is right or wrong",language research UCI fun cognitive science university explanations,$1.25,Fri Nov 24 12:53:21 PST 2017,9,0,0,0,Reviewable,NotReviewed,1 cond,1800,60000,Sun Dec 24 12:53:21 PST 2017,https://requester.mturk.com/mturk/manageHIT?HITId=3BKZLF990ZZ9R66Y8OZP5VVY01QQYJ,3DR23U6WE5ER01FTFTMRSH9QDHVTEN,2,Submitted,Sat Nov 25 05:43:08 PST 2017,Fri Nov 24 12:53:32 PST 2017,Fri Nov 24 13:03:08 PST 2017,,,,,,[],"""cond1""",undefined,9.4498
2,one_slider,One dog rolled its ball across the table.,0,cond2,English,1,Female,43,,Yes,Attention to detail and logic statements,4,Windows,900,1600,Chrome,3BKZLF990ZZ9R66Y8OZP5VVY01QQYJ,3UFCYGUHNP4CXE3VBIPPD007NZATNX,Judging whether a speaker is right or wrong about a scenario,"In this task you will be watching a short video. At the end of the video, a puppet will make a statement and your goal is to say whether the puppett is right or wrong",language research UCI fun cognitive science university explanations,$1.25,Fri Nov 24 12:53:21 PST 2017,9,0,0,0,Reviewable,NotReviewed,1 cond,1800,60000,Sun Dec 24 12:53:21 PST 2017,https://requester.mturk.com/mturk/manageHIT?HITId=3BKZLF990ZZ9R66Y8OZP5VVY01QQYJ,3DR23U6WE5ER01FTFTMRSH9QDHVTEN,2,Submitted,Sat Nov 25 05:43:08 PST 2017,Fri Nov 24 12:53:32 PST 2017,Fri Nov 24 13:03:08 PST 2017,,,,,,[],"""cond1""",undefined,9.4498
2,one_slider,One of the 2 lions did buy a cookie,0,cond1,English,1,Female,43,,Yes,Attention to detail and logic statements,4,Windows,900,1600,Chrome,3BKZLF990ZZ9R66Y8OZP5VVY01QQYJ,3UFCYGUHNP4CXE3VBIPPD007NZATNX,Judging whether a speaker is right or wrong about a scenario,"In this task you will be watching a short video. At the end of the video, a puppet will make a statement and your goal is to say whether the puppett is right or wrong",language research UCI fun cognitive science university explanations,$1.25,Fri Nov 24 12:53:21 PST 2017,9,0,0,0,Reviewable,NotReviewed,1 cond,1800,60000,Sun Dec 24 12:53:21 PST 2017,https://requester.mturk.com/mturk/manageHIT?HITId=3BKZLF990ZZ9R66Y8OZP5VVY01QQYJ,3DR23U6WE5ER01FTFTMRSH9QDHVTEN,2,Submitted,Sat Nov 25 05:43:08 PST 2017,Fri Nov 24 12:53:32 PST 2017,Fri Nov 24 13:03:08 PST 2017,,,,,,[],"""cond1""",undefined,9.4498
2,one_slider,Only 2 of 4 lizards climbed on the book,0,cond2,English,1,Female,43,,Yes,Attention to detail and logic statements,4,Windows,900,1600,Chrome,3BKZLF990ZZ9R66Y8OZP5VVY01QQYJ,3UFCYGUHNP4CXE3VBIPPD007NZATNX,Judging whether a speaker is right or wrong about a scenario,"In this task you will be watching a short video. At the end of the video, a puppet will make a statement and your goal is to say whether the puppett is right or wrong",language research UCI fun cognitive science university explanations,$1.25,Fri Nov 24 12:53:21 PST 2017,9,0,0,0,Reviewable,NotReviewed,1 cond,1800,60000,Sun Dec 24 12:53:21 PST 2017,https://requester.mturk.com/mturk/manageHIT?HITId=3BKZLF990ZZ9R66Y8OZP5VVY01QQYJ,3DR23U6WE5ER01FTFTMRSH9QDHVTEN,2,Submitted,Sat Nov 25 05:43:08 PST 2017,Fri Nov 24 12:53:32 PST 2017,Fri Nov 24 13:03:08 PST 2017,,,,,,[],"""cond1""",undefined,9.4498
2,one_slider,Only 1 of 2 dinosaurs didn&quotechart eat a bug,0,cond1,English,1,Female,43,,Yes,Attention to detail and logic statements,4,Windows,900,1600,Chrome,3BKZLF990ZZ9R66Y8OZP5VVY01QQYJ,3UFCYGUHNP4CXE3VBIPPD007NZATNX,Judging whether a speaker is right or wrong about a scenario,"In this task you will be watching a short video. At the end of the video, a puppet will make a statement and your goal is to say whether the puppett is right or wrong",language research UCI fun cognitive science university explanations,$1.25,Fri Nov 24 12:53:21 PST 2017,9,0,0,0,Reviewable,NotReviewed,1 cond,1800,60000,Sun Dec 24 12:53:21 PST 2017,https://requester.mturk.com/mturk/manageHIT?HITId=3BKZLF990ZZ9R66Y8OZP5VVY01QQYJ,3DR23U6WE5ER01FTFTMRSH9QDHVTEN,2,Submitted,Sat Nov 25 05:43:08 PST 2017,Fri Nov 24 12:53:32 PST 2017,Fri Nov 24 13:03:08 PST 2017,,,,,,[],"""cond1""",undefined,9.4498
3,one_slider_practice,"He is correct, two cars were purchased",0.88,NA,English,2,Male,40,It was interesting. I think I would have more of an opinion if I knew what exactly you were studying . ,Yes,I am not sure. Probably something about language and perceptions. ,1,Windows,1080,1920,Chrome,3BKZLF990ZZ9R66Y8OZP5VVY01QQYJ,3UFCYGUHNP4CXE3VBIPPD007NZATNX,Judging whether a speaker is right or wrong about a scenario,"In this task you will be watching a short video. At the end of the video, a puppet will make a statement and your goal is to say whether the puppett is right or wrong",language research UCI fun cognitive science university explanations,$1.25,Fri Nov 24 12:53:21 PST 2017,9,0,0,0,Reviewable,NotReviewed,1 cond,1800,60000,Sun Dec 24 12:53:21 PST 2017,https://requester.mturk.com/mturk/manageHIT?HITId=3BKZLF990ZZ9R66Y8OZP5VVY01QQYJ,3Q5C1WP23M1QVYAR299EIHKI85615M,3,Submitted,Sat Nov 25 05:43:32 PST 2017,Fri Nov 24 12:53:39 PST 2017,Fri Nov 24 13:03:32 PST 2017,,,,,,[],"""cond4""",undefined,9.855483333333334
3,one_slider_practice,The third dog did not jump on the table at all,0.05,NA,English,2,Male,40,It was interesting. I think I would have more of an opinion if I knew what exactly you were studying . ,Yes,I am not sure. Probably something about language and perceptions. ,1,Windows,1080,1920,Chrome,3BKZLF990ZZ9R66Y8OZP5VVY01QQYJ,3UFCYGUHNP4CXE3VBIPPD007NZATNX,Judging whether a speaker is right or wrong about a scenario,"In this task you will be watching a short video. At the end of the video, a puppet will make a statement and your goal is to say whether the puppett is right or wrong",language research UCI fun cognitive science university explanations,$1.25,Fri Nov 24 12:53:21 PST 2017,9,0,0,0,Reviewable,NotReviewed,1 cond,1800,60000,Sun Dec 24 12:53:21 PST 2017,https://requester.mturk.com/mturk/manageHIT?HITId=3BKZLF990ZZ9R66Y8OZP5VVY01QQYJ,3Q5C1WP23M1QVYAR299EIHKI85615M,3,Submitted,Sat Nov 25 05:43:32 PST 2017,Fri Nov 24 12:53:39 PST 2017,Fri Nov 24 13:03:32 PST 2017,,,,,,[],"""cond4""",undefined,9.855483333333334
3,one_slider,He is correct two frogs did jump over and two frogs did not jump over the rock,1,cond3,English,2,Male,40,It was interesting. I think I would have more of an opinion if I knew what exactly you were studying . ,Yes,I am not sure. Probably something about language and perceptions. ,1,Windows,1080,1920,Chrome,3BKZLF990ZZ9R66Y8OZP5VVY01QQYJ,3UFCYGUHNP4CXE3VBIPPD007NZATNX,Judging whether a speaker is right or wrong about a scenario,"In this task you will be watching a short video. At the end of the video, a puppet will make a statement and your goal is to say whether the puppett is right or wrong",language research UCI fun cognitive science university explanations,$1.25,Fri Nov 24 12:53:21 PST 2017,9,0,0,0,Reviewable,NotReviewed,1 cond,1800,60000,Sun Dec 24 12:53:21 PST 2017,https://requester.mturk.com/mturk/manageHIT?HITId=3BKZLF990ZZ9R66Y8OZP5VVY01QQYJ,3Q5C1WP23M1QVYAR299EIHKI85615M,3,Submitted,Sat Nov 25 05:43:32 PST 2017,Fri Nov 24 12:53:39 PST 2017,Fri Nov 24 13:03:32 PST 2017,,,,,,[],"""cond4""",undefined,9.855483333333334
3,one_slider,There were only two hippos in the story.,0,cond4,English,2,Male,40,It was interesting. I think I would have more of an opinion if I knew what exactly you were studying . ,Yes,I am not sure. Probably something about language and perceptions. ,1,Windows,1080,1920,Chrome,3BKZLF990ZZ9R66Y8OZP5VVY01QQYJ,3UFCYGUHNP4CXE3VBIPPD007NZATNX,Judging whether a speaker is right or wrong about a scenario,"In this task you will be watching a short video. At the end of the video, a puppet will make a statement and your goal is to say whether the puppett is right or wrong",language research UCI fun cognitive science university explanations,$1.25,Fri Nov 24 12:53:21 PST 2017,9,0,0,0,Reviewable,NotReviewed,1 cond,1800,60000,Sun Dec 24 12:53:21 PST 2017,https://requester.mturk.com/mturk/manageHIT?HITId=3BKZLF990ZZ9R66Y8OZP5VVY01QQYJ,3Q5C1WP23M1QVYAR299EIHKI85615M,3,Submitted,Sat Nov 25 05:43:32 PST 2017,Fri Nov 24 12:53:39 PST 2017,Fri Nov 24 13:03:32 PST 2017,,,,,,[],"""cond4""",undefined,9.855483333333334
3,one_slider,"I guess that is true. Two of the four butterflies did go to, and stayed in, the forest which means they never went to the city ",0.82,cond4,English,2,Male,40,It was interesting. I think I would have more of an opinion if I knew what exactly you were studying . ,Yes,I am not sure. Probably something about language and perceptions. ,1,Windows,1080,1920,Chrome,3BKZLF990ZZ9R66Y8OZP5VVY01QQYJ,3UFCYGUHNP4CXE3VBIPPD007NZATNX,Judging whether a speaker is right or wrong about a scenario,"In this task you will be watching a short video. At the end of the video, a puppet will make a statement and your goal is to say whether the puppett is right or wrong",language research UCI fun cognitive science university explanations,$1.25,Fri Nov 24 12:53:21 PST 2017,9,0,0,0,Reviewable,NotReviewed,1 cond,1800,60000,Sun Dec 24 12:53:21 PST 2017,https://requester.mturk.com/mturk/manageHIT?HITId=3BKZLF990ZZ9R66Y8OZP5VVY01QQYJ,3Q5C1WP23M1QVYAR299EIHKI85615M,3,Submitted,Sat Nov 25 05:43:32 PST 2017,Fri Nov 24 12:53:39 PST 2017,Fri Nov 24 13:03:32 PST 2017,,,,,,[],"""cond4""",undefined,9.855483333333334
3,one_slider,One of the dogs did in fact roll its ball ,0.01,cond2,English,2,Male,40,It was interesting. I think I would have more of an opinion if I knew what exactly you were studying . ,Yes,I am not sure. Probably something about language and perceptions. ,1,Windows,1080,1920,Chrome,3BKZLF990ZZ9R66Y8OZP5VVY01QQYJ,3UFCYGUHNP4CXE3VBIPPD007NZATNX,Judging whether a speaker is right or wrong about a scenario,"In this task you will be watching a short video. At the end of the video, a puppet will make a statement and your goal is to say whether the puppett is right or wrong",language research UCI fun cognitive science university explanations,$1.25,Fri Nov 24 12:53:21 PST 2017,9,0,0,0,Reviewable,NotReviewed,1 cond,1800,60000,Sun Dec 24 12:53:21 PST 2017,https://requester.mturk.com/mturk/manageHIT?HITId=3BKZLF990ZZ9R66Y8OZP5VVY01QQYJ,3Q5C1WP23M1QVYAR299EIHKI85615M,3,Submitted,Sat Nov 25 05:43:32 PST 2017,Fri Nov 24 12:53:39 PST 2017,Fri Nov 24 13:03:32 PST 2017,,,,,,[],"""cond4""",undefined,9.855483333333334
3,one_slider,One of the two lions did actually buy a cookie. Only one did not.,0,cond1,English,2,Male,40,It was interesting. I think I would have more of an opinion if I knew what exactly you were studying . ,Yes,I am not sure. Probably something about language and perceptions. ,1,Windows,1080,1920,Chrome,3BKZLF990ZZ9R66Y8OZP5VVY01QQYJ,3UFCYGUHNP4CXE3VBIPPD007NZATNX,Judging whether a speaker is right or wrong about a scenario,"In this task you will be watching a short video. At the end of the video, a puppet will make a statement and your goal is to say whether the puppett is right or wrong",language research UCI fun cognitive science university explanations,$1.25,Fri Nov 24 12:53:21 PST 2017,9,0,0,0,Reviewable,NotReviewed,1 cond,1800,60000,Sun Dec 24 12:53:21 PST 2017,https://requester.mturk.com/mturk/manageHIT?HITId=3BKZLF990ZZ9R66Y8OZP5VVY01QQYJ,3Q5C1WP23M1QVYAR299EIHKI85615M,3,Submitted,Sat Nov 25 05:43:32 PST 2017,Fri Nov 24 12:53:39 PST 2017,Fri Nov 24 13:03:32 PST 2017,,,,,,[],"""cond4""",undefined,9.855483333333334
3,one_slider,Only two of the lizards climbed on the book. The other two decided not to ,0,cond3,English,2,Male,40,It was interesting. I think I would have more of an opinion if I knew what exactly you were studying . ,Yes,I am not sure. Probably something about language and perceptions. ,1,Windows,1080,1920,Chrome,3BKZLF990ZZ9R66Y8OZP5VVY01QQYJ,3UFCYGUHNP4CXE3VBIPPD007NZATNX,Judging whether a speaker is right or wrong about a scenario,"In this task you will be watching a short video. At the end of the video, a puppet will make a statement and your goal is to say whether the puppett is right or wrong",language research UCI fun cognitive science university explanations,$1.25,Fri Nov 24 12:53:21 PST 2017,9,0,0,0,Reviewable,NotReviewed,1 cond,1800,60000,Sun Dec 24 12:53:21 PST 2017,https://requester.mturk.com/mturk/manageHIT?HITId=3BKZLF990ZZ9R66Y8OZP5VVY01QQYJ,3Q5C1WP23M1QVYAR299EIHKI85615M,3,Submitted,Sat Nov 25 05:43:32 PST 2017,Fri Nov 24 12:53:39 PST 2017,Fri Nov 24 13:03:32 PST 2017,,,,,,[],"""cond4""",undefined,9.855483333333334
3,one_slider,"Technically that is true. All four dinosaurs ate fish, and two did not eat bugs. So he is actually not wrong, although not telling the entire story",0.66,cond4,English,2,Male,40,It was interesting. I think I would have more of an opinion if I knew what exactly you were studying . ,Yes,I am not sure. Probably something about language and perceptions. ,1,Windows,1080,1920,Chrome,3BKZLF990ZZ9R66Y8OZP5VVY01QQYJ,3UFCYGUHNP4CXE3VBIPPD007NZATNX,Judging whether a speaker is right or wrong about a scenario,"In this task you will be watching a short video. At the end of the video, a puppet will make a statement and your goal is to say whether the puppett is right or wrong",language research UCI fun cognitive science university explanations,$1.25,Fri Nov 24 12:53:21 PST 2017,9,0,0,0,Reviewable,NotReviewed,1 cond,1800,60000,Sun Dec 24 12:53:21 PST 2017,https://requester.mturk.com/mturk/manageHIT?HITId=3BKZLF990ZZ9R66Y8OZP5VVY01QQYJ,3Q5C1WP23M1QVYAR299EIHKI85615M,3,Submitted,Sat Nov 25 05:43:32 PST 2017,Fri Nov 24 12:53:39 PST 2017,Fri Nov 24 13:03:32 PST 2017,,,,,,[],"""cond4""",undefined,9.855483333333334
4,one_slider_practice,He spent money and got two cars.,0.98,NA,English,1,Male,32,No issues,Yes,To gauge how people interpret language differently.,3,Windows,768,1366,Firefox,3BKZLF990ZZ9R66Y8OZP5VVY01QQYJ,3UFCYGUHNP4CXE3VBIPPD007NZATNX,Judging whether a speaker is right or wrong about a scenario,"In this task you will be watching a short video. At the end of the video, a puppet will make a statement and your goal is to say whether the puppett is right or wrong",language research UCI fun cognitive science university explanations,$1.25,Fri Nov 24 12:53:21 PST 2017,9,0,0,0,Reviewable,NotReviewed,1 cond,1800,60000,Sun Dec 24 12:53:21 PST 2017,https://requester.mturk.com/mturk/manageHIT?HITId=3BKZLF990ZZ9R66Y8OZP5VVY01QQYJ,3ND9UOO81K2XYOTFRKE6SW69Q8EWL3,4,Submitted,Sat Nov 25 05:44:38 PST 2017,Fri Nov 24 12:53:53 PST 2017,Fri Nov 24 13:04:38 PST 2017,,,,,,[],"""cond2""",undefined,10.725033333333334
4,one_slider_practice,The third dog did not jump on the table.,0.01,NA,English,1,Male,32,No issues,Yes,To gauge how people interpret language differently.,3,Windows,768,1366,Firefox,3BKZLF990ZZ9R66Y8OZP5VVY01QQYJ,3UFCYGUHNP4CXE3VBIPPD007NZATNX,Judging whether a speaker is right or wrong about a scenario,"In this task you will be watching a short video. At the end of the video, a puppet will make a statement and your goal is to say whether the puppett is right or wrong",language research UCI fun cognitive science university explanations,$1.25,Fri Nov 24 12:53:21 PST 2017,9,0,0,0,Reviewable,NotReviewed,1 cond,1800,60000,Sun Dec 24 12:53:21 PST 2017,https://requester.mturk.com/mturk/manageHIT?HITId=3BKZLF990ZZ9R66Y8OZP5VVY01QQYJ,3ND9UOO81K2XYOTFRKE6SW69Q8EWL3,4,Submitted,Sat Nov 25 05:44:38 PST 2017,Fri Nov 24 12:53:53 PST 2017,Fri Nov 24 13:04:38 PST 2017,,,,,,[],"""cond2""",undefined,10.725033333333334
4,one_slider,Only one frog jumped over the rock.,0.9,cond2,English,1,Male,32,No issues,Yes,To gauge how people interpret language differently.,3,Windows,768,1366,Firefox,3BKZLF990ZZ9R66Y8OZP5VVY01QQYJ,3UFCYGUHNP4CXE3VBIPPD007NZATNX,Judging whether a speaker is right or wrong about a scenario,"In this task you will be watching a short video. At the end of the video, a puppet will make a statement and your goal is to say whether the puppett is right or wrong",language research UCI fun cognitive science university explanations,$1.25,Fri Nov 24 12:53:21 PST 2017,9,0,0,0,Reviewable,NotReviewed,1 cond,1800,60000,Sun Dec 24 12:53:21 PST 2017,https://requester.mturk.com/mturk/manageHIT?HITId=3BKZLF990ZZ9R66Y8OZP5VVY01QQYJ,3ND9UOO81K2XYOTFRKE6SW69Q8EWL3,4,Submitted,Sat Nov 25 05:44:38 PST 2017,Fri Nov 24 12:53:53 PST 2017,Fri Nov 24 13:04:38 PST 2017,,,,,,[],"""cond2""",undefined,10.725033333333334
4,one_slider,There were only two hippos.,0.03,cond3,English,1,Male,32,No issues,Yes,To gauge how people interpret language differently.,3,Windows,768,1366,Firefox,3BKZLF990ZZ9R66Y8OZP5VVY01QQYJ,3UFCYGUHNP4CXE3VBIPPD007NZATNX,Judging whether a speaker is right or wrong about a scenario,"In this task you will be watching a short video. At the end of the video, a puppet will make a statement and your goal is to say whether the puppett is right or wrong",language research UCI fun cognitive science university explanations,$1.25,Fri Nov 24 12:53:21 PST 2017,9,0,0,0,Reviewable,NotReviewed,1 cond,1800,60000,Sun Dec 24 12:53:21 PST 2017,https://requester.mturk.com/mturk/manageHIT?HITId=3BKZLF990ZZ9R66Y8OZP5VVY01QQYJ,3ND9UOO81K2XYOTFRKE6SW69Q8EWL3,4,Submitted,Sat Nov 25 05:44:38 PST 2017,Fri Nov 24 12:53:53 PST 2017,Fri Nov 24 13:04:38 PST 2017,,,,,,[],"""cond2""",undefined,10.725033333333334
4,one_slider,One butterfly stayed in the forest.,0.96,cond2,English,1,Male,32,No issues,Yes,To gauge how people interpret language differently.,3,Windows,768,1366,Firefox,3BKZLF990ZZ9R66Y8OZP5VVY01QQYJ,3UFCYGUHNP4CXE3VBIPPD007NZATNX,Judging whether a speaker is right or wrong about a scenario,"In this task you will be watching a short video. At the end of the video, a puppet will make a statement and your goal is to say whether the puppett is right or wrong",language research UCI fun cognitive science university explanations,$1.25,Fri Nov 24 12:53:21 PST 2017,9,0,0,0,Reviewable,NotReviewed,1 cond,1800,60000,Sun Dec 24 12:53:21 PST 2017,https://requester.mturk.com/mturk/manageHIT?HITId=3BKZLF990ZZ9R66Y8OZP5VVY01QQYJ,3ND9UOO81K2XYOTFRKE6SW69Q8EWL3,4,Submitted,Sat Nov 25 05:44:38 PST 2017,Fri Nov 24 12:53:53 PST 2017,Fri Nov 24 13:04:38 PST 2017,,,,,,[],"""cond2""",undefined,10.725033333333334
4,one_slider,One dog did roll their ball.,0.02,cond1,English,1,Male,32,No issues,Yes,To gauge how people interpret language differently.,3,Windows,768,1366,Firefox,3BKZLF990ZZ9R66Y8OZP5VVY01QQYJ,3UFCYGUHNP4CXE3VBIPPD007NZATNX,Judging whether a speaker is right or wrong about a scenario,"In this task you will be watching a short video. At the end of the video, a puppet will make a statement and your goal is to say whether the puppett is right or wrong",language research UCI fun cognitive science university explanations,$1.25,Fri Nov 24 12:53:21 PST 2017,9,0,0,0,Reviewable,NotReviewed,1 cond,1800,60000,Sun Dec 24 12:53:21 PST 2017,https://requester.mturk.com/mturk/manageHIT?HITId=3BKZLF990ZZ9R66Y8OZP5VVY01QQYJ,3ND9UOO81K2XYOTFRKE6SW69Q8EWL3,4,Submitted,Sat Nov 25 05:44:38 PST 2017,Fri Nov 24 12:53:53 PST 2017,Fri Nov 24 13:04:38 PST 2017,,,,,,[],"""cond2""",undefined,10.725033333333334
4,one_slider,Two of the lions bought nothing.,0.63,cond3,English,1,Male,32,No issues,Yes,To gauge how people interpret language differently.,3,Windows,768,1366,Firefox,3BKZLF990ZZ9R66Y8OZP5VVY01QQYJ,3UFCYGUHNP4CXE3VBIPPD007NZATNX,Judging whether a speaker is right or wrong about a scenario,"In this task you will be watching a short video. At the end of the video, a puppet will make a statement and your goal is to say whether the puppett is right or wrong",language research UCI fun cognitive science university explanations,$1.25,Fri Nov 24 12:53:21 PST 2017,9,0,0,0,Reviewable,NotReviewed,1 cond,1800,60000,Sun Dec 24 12:53:21 PST 2017,https://requester.mturk.com/mturk/manageHIT?HITId=3BKZLF990ZZ9R66Y8OZP5VVY01QQYJ,3ND9UOO81K2XYOTFRKE6SW69Q8EWL3,4,Submitted,Sat Nov 25 05:44:38 PST 2017,Fri Nov 24 12:53:53 PST 2017,Fri Nov 24 13:04:38 PST 2017,,,,,,[],"""cond2""",undefined,10.725033333333334
4,one_slider,Only two lizards jumped on the book.,0.02,cond4,English,1,Male,32,No issues,Yes,To gauge how people interpret language differently.,3,Windows,768,1366,Firefox,3BKZLF990ZZ9R66Y8OZP5VVY01QQYJ,3UFCYGUHNP4CXE3VBIPPD007NZATNX,Judging whether a speaker is right or wrong about a scenario,"In this task you will be watching a short video. At the end of the video, a puppet will make a statement and your goal is to say whether the puppett is right or wrong",language research UCI fun cognitive science university explanations,$1.25,Fri Nov 24 12:53:21 PST 2017,9,0,0,0,Reviewable,NotReviewed,1 cond,1800,60000,Sun Dec 24 12:53:21 PST 2017,https://requester.mturk.com/mturk/manageHIT?HITId=3BKZLF990ZZ9R66Y8OZP5VVY01QQYJ,3ND9UOO81K2XYOTFRKE6SW69Q8EWL3,4,Submitted,Sat Nov 25 05:44:38 PST 2017,Fri Nov 24 12:53:53 PST 2017,Fri Nov 24 13:04:38 PST 2017,,,,,,[],"""cond2""",undefined,10.725033333333334
4,one_slider,The one dinosaur didn&quotechart eat a fish.,0.9,cond2,English,1,Male,32,No issues,Yes,To gauge how people interpret language differently.,3,Windows,768,1366,Firefox,3BKZLF990ZZ9R66Y8OZP5VVY01QQYJ,3UFCYGUHNP4CXE3VBIPPD007NZATNX,Judging whether a speaker is right or wrong about a scenario,"In this task you will be watching a short video. At the end of the video, a puppet will make a statement and your goal is to say whether the puppett is right or wrong",language research UCI fun cognitive science university explanations,$1.25,Fri Nov 24 12:53:21 PST 2017,9,0,0,0,Reviewable,NotReviewed,1 cond,1800,60000,Sun Dec 24 12:53:21 PST 2017,https://requester.mturk.com/mturk/manageHIT?HITId=3BKZLF990ZZ9R66Y8OZP5VVY01QQYJ,3ND9UOO81K2XYOTFRKE6SW69Q8EWL3,4,Submitted,Sat Nov 25 05:44:38 PST 2017,Fri Nov 24 12:53:53 PST 2017,Fri Nov 24 13:04:38 PST 2017,,,,,,[],"""cond2""",undefined,10.725033333333334
5,one_slider_practice,brainy smurf bought 2 cars,0.99,NA,english,2,Male,47,,Yes,dunno,3,Windows,768,1366,Chrome,3BKZLF990ZZ9R66Y8OZP5VVY01QQYJ,3UFCYGUHNP4CXE3VBIPPD007NZATNX,Judging whether a speaker is right or wrong about a scenario,"In this task you will be watching a short video. At the end of the video, a puppet will make a statement and your goal is to say whether the puppett is right or wrong",language research UCI fun cognitive science university explanations,$1.25,Fri Nov 24 12:53:21 PST 2017,9,0,0,0,Reviewable,NotReviewed,1 cond,1800,60000,Sun Dec 24 12:53:21 PST 2017,https://requester.mturk.com/mturk/manageHIT?HITId=3BKZLF990ZZ9R66Y8OZP5VVY01QQYJ,3L4D84MILZS968AQT0GTBEJU7VXHJN,5,Submitted,Sat Nov 25 05:49:25 PST 2017,Fri Nov 24 13:00:50 PST 2017,Fri Nov 24 13:09:25 PST 2017,,,,,,[],"""cond4""",undefined,8.508583333333334
5,one_slider_practice,the small dog didnt,0.02,NA,english,2,Male,47,,Yes,dunno,3,Windows,768,1366,Chrome,3BKZLF990ZZ9R66Y8OZP5VVY01QQYJ,3UFCYGUHNP4CXE3VBIPPD007NZATNX,Judging whether a speaker is right or wrong about a scenario,"In this task you will be watching a short video. At the end of the video, a puppet will make a statement and your goal is to say whether the puppett is right or wrong",language research UCI fun cognitive science university explanations,$1.25,Fri Nov 24 12:53:21 PST 2017,9,0,0,0,Reviewable,NotReviewed,1 cond,1800,60000,Sun Dec 24 12:53:21 PST 2017,https://requester.mturk.com/mturk/manageHIT?HITId=3BKZLF990ZZ9R66Y8OZP5VVY01QQYJ,3L4D84MILZS968AQT0GTBEJU7VXHJN,5,Submitted,Sat Nov 25 05:49:25 PST 2017,Fri Nov 24 13:00:50 PST 2017,Fri Nov 24 13:09:25 PST 2017,,,,,,[],"""cond4""",undefined,8.508583333333334
5,one_slider,the little frogs didnt jump,0.98,cond3,english,2,Male,47,,Yes,dunno,3,Windows,768,1366,Chrome,3BKZLF990ZZ9R66Y8OZP5VVY01QQYJ,3UFCYGUHNP4CXE3VBIPPD007NZATNX,Judging whether a speaker is right or wrong about a scenario,"In this task you will be watching a short video. At the end of the video, a puppet will make a statement and your goal is to say whether the puppett is right or wrong",language research UCI fun cognitive science university explanations,$1.25,Fri Nov 24 12:53:21 PST 2017,9,0,0,0,Reviewable,NotReviewed,1 cond,1800,60000,Sun Dec 24 12:53:21 PST 2017,https://requester.mturk.com/mturk/manageHIT?HITId=3BKZLF990ZZ9R66Y8OZP5VVY01QQYJ,3L4D84MILZS968AQT0GTBEJU7VXHJN,5,Submitted,Sat Nov 25 05:49:25 PST 2017,Fri Nov 24 13:00:50 PST 2017,Fri Nov 24 13:09:25 PST 2017,,,,,,[],"""cond4""",undefined,8.508583333333334
5,one_slider,there are only 2,0.02,cond3,english,2,Male,47,,Yes,dunno,3,Windows,768,1366,Chrome,3BKZLF990ZZ9R66Y8OZP5VVY01QQYJ,3UFCYGUHNP4CXE3VBIPPD007NZATNX,Judging whether a speaker is right or wrong about a scenario,"In this task you will be watching a short video. At the end of the video, a puppet will make a statement and your goal is to say whether the puppett is right or wrong",language research UCI fun cognitive science university explanations,$1.25,Fri Nov 24 12:53:21 PST 2017,9,0,0,0,Reviewable,NotReviewed,1 cond,1800,60000,Sun Dec 24 12:53:21 PST 2017,https://requester.mturk.com/mturk/manageHIT?HITId=3BKZLF990ZZ9R66Y8OZP5VVY01QQYJ,3L4D84MILZS968AQT0GTBEJU7VXHJN,5,Submitted,Sat Nov 25 05:49:25 PST 2017,Fri Nov 24 13:00:50 PST 2017,Fri Nov 24 13:09:25 PST 2017,,,,,,[],"""cond4""",undefined,8.508583333333334
5,one_slider,they both went to the forest but only one to the city,0.97,cond2,english,2,Male,47,,Yes,dunno,3,Windows,768,1366,Chrome,3BKZLF990ZZ9R66Y8OZP5VVY01QQYJ,3UFCYGUHNP4CXE3VBIPPD007NZATNX,Judging whether a speaker is right or wrong about a scenario,"In this task you will be watching a short video. At the end of the video, a puppet will make a statement and your goal is to say whether the puppett is right or wrong",language research UCI fun cognitive science university explanations,$1.25,Fri Nov 24 12:53:21 PST 2017,9,0,0,0,Reviewable,NotReviewed,1 cond,1800,60000,Sun Dec 24 12:53:21 PST 2017,https://requester.mturk.com/mturk/manageHIT?HITId=3BKZLF990ZZ9R66Y8OZP5VVY01QQYJ,3L4D84MILZS968AQT0GTBEJU7VXHJN,5,Submitted,Sat Nov 25 05:49:25 PST 2017,Fri Nov 24 13:00:50 PST 2017,Fri Nov 24 13:09:25 PST 2017,,,,,,[],"""cond4""",undefined,8.508583333333334
5,one_slider,one dog did,0.03,cond1,english,2,Male,47,,Yes,dunno,3,Windows,768,1366,Chrome,3BKZLF990ZZ9R66Y8OZP5VVY01QQYJ,3UFCYGUHNP4CXE3VBIPPD007NZATNX,Judging whether a speaker is right or wrong about a scenario,"In this task you will be watching a short video. At the end of the video, a puppet will make a statement and your goal is to say whether the puppett is right or wrong",language research UCI fun cognitive science university explanations,$1.25,Fri Nov 24 12:53:21 PST 2017,9,0,0,0,Reviewable,NotReviewed,1 cond,1800,60000,Sun Dec 24 12:53:21 PST 2017,https://requester.mturk.com/mturk/manageHIT?HITId=3BKZLF990ZZ9R66Y8OZP5VVY01QQYJ,3L4D84MILZS968AQT0GTBEJU7VXHJN,5,Submitted,Sat Nov 25 05:49:25 PST 2017,Fri Nov 24 13:00:50 PST 2017,Fri Nov 24 13:09:25 PST 2017,,,,,,[],"""cond4""",undefined,8.508583333333334
5,one_slider,"its partially correct, incompletely correct",0.51,cond4,english,2,Male,47,,Yes,dunno,3,Windows,768,1366,Chrome,3BKZLF990ZZ9R66Y8OZP5VVY01QQYJ,3UFCYGUHNP4CXE3VBIPPD007NZATNX,Judging whether a speaker is right or wrong about a scenario,"In this task you will be watching a short video. At the end of the video, a puppet will make a statement and your goal is to say whether the puppett is right or wrong",language research UCI fun cognitive science university explanations,$1.25,Fri Nov 24 12:53:21 PST 2017,9,0,0,0,Reviewable,NotReviewed,1 cond,1800,60000,Sun Dec 24 12:53:21 PST 2017,https://requester.mturk.com/mturk/manageHIT?HITId=3BKZLF990ZZ9R66Y8OZP5VVY01QQYJ,3L4D84MILZS968AQT0GTBEJU7VXHJN,5,Submitted,Sat Nov 25 05:49:25 PST 2017,Fri Nov 24 13:00:50 PST 2017,Fri Nov 24 13:09:25 PST 2017,,,,,,[],"""cond4""",undefined,8.508583333333334
5,one_slider,2 lizards did,0.05,cond3,english,2,Male,47,,Yes,dunno,3,Windows,768,1366,Chrome,3BKZLF990ZZ9R66Y8OZP5VVY01QQYJ,3UFCYGUHNP4CXE3VBIPPD007NZATNX,Judging whether a speaker is right or wrong about a scenario,"In this task you will be watching a short video. At the end of the video, a puppet will make a statement and your goal is to say whether the puppett is right or wrong",language research UCI fun cognitive science university explanations,$1.25,Fri Nov 24 12:53:21 PST 2017,9,0,0,0,Reviewable,NotReviewed,1 cond,1800,60000,Sun Dec 24 12:53:21 PST 2017,https://requester.mturk.com/mturk/manageHIT?HITId=3BKZLF990ZZ9R66Y8OZP5VVY01QQYJ,3L4D84MILZS968AQT0GTBEJU7VXHJN,5,Submitted,Sat Nov 25 05:49:25 PST 2017,Fri Nov 24 13:00:50 PST 2017,Fri Nov 24 13:09:25 PST 2017,,,,,,[],"""cond4""",undefined,8.508583333333334
5,one_slider,again its correct but incompletely,0.46,cond4,english,2,Male,47,,Yes,dunno,3,Windows,768,1366,Chrome,3BKZLF990ZZ9R66Y8OZP5VVY01QQYJ,3UFCYGUHNP4CXE3VBIPPD007NZATNX,Judging whether a speaker is right or wrong about a scenario,"In this task you will be watching a short video. At the end of the video, a puppet will make a statement and your goal is to say whether the puppett is right or wrong",language research UCI fun cognitive science university explanations,$1.25,Fri Nov 24 12:53:21 PST 2017,9,0,0,0,Reviewable,NotReviewed,1 cond,1800,60000,Sun Dec 24 12:53:21 PST 2017,https://requester.mturk.com/mturk/manageHIT?HITId=3BKZLF990ZZ9R66Y8OZP5VVY01QQYJ,3L4D84MILZS968AQT0GTBEJU7VXHJN,5,Submitted,Sat Nov 25 05:49:25 PST 2017,Fri Nov 24 13:00:50 PST 2017,Fri Nov 24 13:09:25 PST 2017,,,,,,[],"""cond4""",undefined,8.508583333333334
6,one_slider_practice,He purhchased 2 of them,1,NA,english,1,Female,35,I liked it and I found it facinating.,Yes,how correct a puppet was,1,Windows,1080,1920,Chrome,3BKZLF990ZZ9R66Y8OZP5VVY01QQYJ,3UFCYGUHNP4CXE3VBIPPD007NZATNX,Judging whether a speaker is right or wrong about a scenario,"In this task you will be watching a short video. At the end of the video, a puppet will make a statement and your goal is to say whether the puppett is right or wrong",language research UCI fun cognitive science university explanations,$1.25,Fri Nov 24 12:53:21 PST 2017,9,0,0,0,Reviewable,NotReviewed,1 cond,1800,60000,Sun Dec 24 12:53:21 PST 2017,https://requester.mturk.com/mturk/manageHIT?HITId=3BKZLF990ZZ9R66Y8OZP5VVY01QQYJ,3NQL1CS15R84JY09KPY002PRSEGYVN,6,Submitted,Sat Nov 25 05:59:51 PST 2017,Fri Nov 24 12:53:35 PST 2017,Fri Nov 24 13:19:51 PST 2017,,,,,,[],"""cond2""",undefined,12.488366666666666
6,one_slider_practice,Only 3 jumped on the table,0.07,NA,english,1,Female,35,I liked it and I found it facinating.,Yes,how correct a puppet was,1,Windows,1080,1920,Chrome,3BKZLF990ZZ9R66Y8OZP5VVY01QQYJ,3UFCYGUHNP4CXE3VBIPPD007NZATNX,Judging whether a speaker is right or wrong about a scenario,"In this task you will be watching a short video. At the end of the video, a puppet will make a statement and your goal is to say whether the puppett is right or wrong",language research UCI fun cognitive science university explanations,$1.25,Fri Nov 24 12:53:21 PST 2017,9,0,0,0,Reviewable,NotReviewed,1 cond,1800,60000,Sun Dec 24 12:53:21 PST 2017,https://requester.mturk.com/mturk/manageHIT?HITId=3BKZLF990ZZ9R66Y8OZP5VVY01QQYJ,3NQL1CS15R84JY09KPY002PRSEGYVN,6,Submitted,Sat Nov 25 05:59:51 PST 2017,Fri Nov 24 12:53:35 PST 2017,Fri Nov 24 13:19:51 PST 2017,,,,,,[],"""cond2""",undefined,12.488366666666666
6,one_slider,more than 2 jumped over the fence,0.33,cond4,english,1,Female,35,I liked it and I found it facinating.,Yes,how correct a puppet was,1,Windows,1080,1920,Chrome,3BKZLF990ZZ9R66Y8OZP5VVY01QQYJ,3UFCYGUHNP4CXE3VBIPPD007NZATNX,Judging whether a speaker is right or wrong about a scenario,"In this task you will be watching a short video. At the end of the video, a puppet will make a statement and your goal is to say whether the puppett is right or wrong",language research UCI fun cognitive science university explanations,$1.25,Fri Nov 24 12:53:21 PST 2017,9,0,0,0,Reviewable,NotReviewed,1 cond,1800,60000,Sun Dec 24 12:53:21 PST 2017,https://requester.mturk.com/mturk/manageHIT?HITId=3BKZLF990ZZ9R66Y8OZP5VVY01QQYJ,3NQL1CS15R84JY09KPY002PRSEGYVN,6,Submitted,Sat Nov 25 05:59:51 PST 2017,Fri Nov 24 12:53:35 PST 2017,Fri Nov 24 13:19:51 PST 2017,,,,,,[],"""cond2""",undefined,12.488366666666666
6,one_slider,2,0,cond2,english,1,Female,35,I liked it and I found it facinating.,Yes,how correct a puppet was,1,Windows,1080,1920,Chrome,3BKZLF990ZZ9R66Y8OZP5VVY01QQYJ,3UFCYGUHNP4CXE3VBIPPD007NZATNX,Judging whether a speaker is right or wrong about a scenario,"In this task you will be watching a short video. At the end of the video, a puppet will make a statement and your goal is to say whether the puppett is right or wrong",language research UCI fun cognitive science university explanations,$1.25,Fri Nov 24 12:53:21 PST 2017,9,0,0,0,Reviewable,NotReviewed,1 cond,1800,60000,Sun Dec 24 12:53:21 PST 2017,https://requester.mturk.com/mturk/manageHIT?HITId=3BKZLF990ZZ9R66Y8OZP5VVY01QQYJ,3NQL1CS15R84JY09KPY002PRSEGYVN,6,Submitted,Sat Nov 25 05:59:51 PST 2017,Fri Nov 24 12:53:35 PST 2017,Fri Nov 24 13:19:51 PST 2017,,,,,,[],"""cond2""",undefined,12.488366666666666
6,one_slider,"Thats correct, they did.",0.98,cond2,english,1,Female,35,I liked it and I found it facinating.,Yes,how correct a puppet was,1,Windows,1080,1920,Chrome,3BKZLF990ZZ9R66Y8OZP5VVY01QQYJ,3UFCYGUHNP4CXE3VBIPPD007NZATNX,Judging whether a speaker is right or wrong about a scenario,"In this task you will be watching a short video. At the end of the video, a puppet will make a statement and your goal is to say whether the puppett is right or wrong",language research UCI fun cognitive science university explanations,$1.25,Fri Nov 24 12:53:21 PST 2017,9,0,0,0,Reviewable,NotReviewed,1 cond,1800,60000,Sun Dec 24 12:53:21 PST 2017,https://requester.mturk.com/mturk/manageHIT?HITId=3BKZLF990ZZ9R66Y8OZP5VVY01QQYJ,3NQL1CS15R84JY09KPY002PRSEGYVN,6,Submitted,Sat Nov 25 05:59:51 PST 2017,Fri Nov 24 12:53:35 PST 2017,Fri Nov 24 13:19:51 PST 2017,,,,,,[],"""cond2""",undefined,12.488366666666666
6,one_slider,One of them rolled their balls,0,cond4,english,1,Female,35,I liked it and I found it facinating.,Yes,how correct a puppet was,1,Windows,1080,1920,Chrome,3BKZLF990ZZ9R66Y8OZP5VVY01QQYJ,3UFCYGUHNP4CXE3VBIPPD007NZATNX,Judging whether a speaker is right or wrong about a scenario,"In this task you will be watching a short video. At the end of the video, a puppet will make a statement and your goal is to say whether the puppett is right or wrong",language research UCI fun cognitive science university explanations,$1.25,Fri Nov 24 12:53:21 PST 2017,9,0,0,0,Reviewable,NotReviewed,1 cond,1800,60000,Sun Dec 24 12:53:21 PST 2017,https://requester.mturk.com/mturk/manageHIT?HITId=3BKZLF990ZZ9R66Y8OZP5VVY01QQYJ,3NQL1CS15R84JY09KPY002PRSEGYVN,6,Submitted,Sat Nov 25 05:59:51 PST 2017,Fri Nov 24 12:53:35 PST 2017,Fri Nov 24 13:19:51 PST 2017,,,,,,[],"""cond2""",undefined,12.488366666666666
6,one_slider,One lion bought a cookie,0.08,cond1,english,1,Female,35,I liked it and I found it facinating.,Yes,how correct a puppet was,1,Windows,1080,1920,Chrome,3BKZLF990ZZ9R66Y8OZP5VVY01QQYJ,3UFCYGUHNP4CXE3VBIPPD007NZATNX,Judging whether a speaker is right or wrong about a scenario,"In this task you will be watching a short video. At the end of the video, a puppet will make a statement and your goal is to say whether the puppett is right or wrong",language research UCI fun cognitive science university explanations,$1.25,Fri Nov 24 12:53:21 PST 2017,9,0,0,0,Reviewable,NotReviewed,1 cond,1800,60000,Sun Dec 24 12:53:21 PST 2017,https://requester.mturk.com/mturk/manageHIT?HITId=3BKZLF990ZZ9R66Y8OZP5VVY01QQYJ,3NQL1CS15R84JY09KPY002PRSEGYVN,6,Submitted,Sat Nov 25 05:59:51 PST 2017,Fri Nov 24 12:53:35 PST 2017,Fri Nov 24 13:19:51 PST 2017,,,,,,[],"""cond2""",undefined,12.488366666666666
6,one_slider,2 of the lizards jumped on the book,0.03,cond2,english,1,Female,35,I liked it and I found it facinating.,Yes,how correct a puppet was,1,Windows,1080,1920,Chrome,3BKZLF990ZZ9R66Y8OZP5VVY01QQYJ,3UFCYGUHNP4CXE3VBIPPD007NZATNX,Judging whether a speaker is right or wrong about a scenario,"In this task you will be watching a short video. At the end of the video, a puppet will make a statement and your goal is to say whether the puppett is right or wrong",language research UCI fun cognitive science university explanations,$1.25,Fri Nov 24 12:53:21 PST 2017,9,0,0,0,Reviewable,NotReviewed,1 cond,1800,60000,Sun Dec 24 12:53:21 PST 2017,https://requester.mturk.com/mturk/manageHIT?HITId=3BKZLF990ZZ9R66Y8OZP5VVY01QQYJ,3NQL1CS15R84JY09KPY002PRSEGYVN,6,Submitted,Sat Nov 25 05:59:51 PST 2017,Fri Nov 24 12:53:35 PST 2017,Fri Nov 24 13:19:51 PST 2017,,,,,,[],"""cond2""",undefined,12.488366666666666
6,one_slider,2 dinosaurs ate a bug but one dinosaur ate a fish,0.53,cond2,english,1,Female,35,I liked it and I found it facinating.,Yes,how correct a puppet was,1,Windows,1080,1920,Chrome,3BKZLF990ZZ9R66Y8OZP5VVY01QQYJ,3UFCYGUHNP4CXE3VBIPPD007NZATNX,Judging whether a speaker is right or wrong about a scenario,"In this task you will be watching a short video. At the end of the video, a puppet will make a statement and your goal is to say whether the puppett is right or wrong",language research UCI fun cognitive science university explanations,$1.25,Fri Nov 24 12:53:21 PST 2017,9,0,0,0,Reviewable,NotReviewed,1 cond,1800,60000,Sun Dec 24 12:53:21 PST 2017,https://requester.mturk.com/mturk/manageHIT?HITId=3BKZLF990ZZ9R66Y8OZP5VVY01QQYJ,3NQL1CS15R84JY09KPY002PRSEGYVN,6,Submitted,Sat Nov 25 05:59:51 PST 2017,Fri Nov 24 12:53:35 PST 2017,Fri Nov 24 13:19:51 PST 2017,,,,,,[],"""cond2""",undefined,12.488366666666666
7,one_slider_practice,He defietly bought 2,1,NA,English,2,Male,31,Nothing else comes to mind really.,Yes,Differences in logic,3,Windows,1080,1920,Chrome,3BKZLF990ZZ9R66Y8OZP5VVY01QQYJ,3UFCYGUHNP4CXE3VBIPPD007NZATNX,Judging whether a speaker is right or wrong about a scenario,"In this task you will be watching a short video. At the end of the video, a puppet will make a statement and your goal is to say whether the puppett is right or wrong",language research UCI fun cognitive science university explanations,$1.25,Fri Nov 24 12:53:21 PST 2017,9,0,0,0,Reviewable,NotReviewed,1 cond,1800,60000,Sun Dec 24 12:53:21 PST 2017,https://requester.mturk.com/mturk/manageHIT?HITId=3BKZLF990ZZ9R66Y8OZP5VVY01QQYJ,3N1FSUEFL502RAM34XAZERFDX6G4DC,7,Submitted,Sat Nov 25 06:13:48 PST 2017,Fri Nov 24 13:20:29 PST 2017,Fri Nov 24 13:33:48 PST 2017,,,,,,[],"""cond3""",undefined,12.987583333333333
7,one_slider_practice,Only 2 of them decided to jump up,0.15,NA,English,2,Male,31,Nothing else comes to mind really.,Yes,Differences in logic,3,Windows,1080,1920,Chrome,3BKZLF990ZZ9R66Y8OZP5VVY01QQYJ,3UFCYGUHNP4CXE3VBIPPD007NZATNX,Judging whether a speaker is right or wrong about a scenario,"In this task you will be watching a short video. At the end of the video, a puppet will make a statement and your goal is to say whether the puppett is right or wrong",language research UCI fun cognitive science university explanations,$1.25,Fri Nov 24 12:53:21 PST 2017,9,0,0,0,Reviewable,NotReviewed,1 cond,1800,60000,Sun Dec 24 12:53:21 PST 2017,https://requester.mturk.com/mturk/manageHIT?HITId=3BKZLF990ZZ9R66Y8OZP5VVY01QQYJ,3N1FSUEFL502RAM34XAZERFDX6G4DC,7,Submitted,Sat Nov 25 06:13:48 PST 2017,Fri Nov 24 13:20:29 PST 2017,Fri Nov 24 13:33:48 PST 2017,,,,,,[],"""cond3""",undefined,12.987583333333333
7,one_slider,only one jumped over the gray rock,0.77,cond2,English,2,Male,31,Nothing else comes to mind really.,Yes,Differences in logic,3,Windows,1080,1920,Chrome,3BKZLF990ZZ9R66Y8OZP5VVY01QQYJ,3UFCYGUHNP4CXE3VBIPPD007NZATNX,Judging whether a speaker is right or wrong about a scenario,"In this task you will be watching a short video. At the end of the video, a puppet will make a statement and your goal is to say whether the puppett is right or wrong",language research UCI fun cognitive science university explanations,$1.25,Fri Nov 24 12:53:21 PST 2017,9,0,0,0,Reviewable,NotReviewed,1 cond,1800,60000,Sun Dec 24 12:53:21 PST 2017,https://requester.mturk.com/mturk/manageHIT?HITId=3BKZLF990ZZ9R66Y8OZP5VVY01QQYJ,3N1FSUEFL502RAM34XAZERFDX6G4DC,7,Submitted,Sat Nov 25 06:13:48 PST 2017,Fri Nov 24 13:20:29 PST 2017,Fri Nov 24 13:33:48 PST 2017,,,,,,[],"""cond3""",undefined,12.987583333333333
7,one_slider,There is only 2 hippos so it can&quotechart be 3,0.01,cond4,English,2,Male,31,Nothing else comes to mind really.,Yes,Differences in logic,3,Windows,1080,1920,Chrome,3BKZLF990ZZ9R66Y8OZP5VVY01QQYJ,3UFCYGUHNP4CXE3VBIPPD007NZATNX,Judging whether a speaker is right or wrong about a scenario,"In this task you will be watching a short video. At the end of the video, a puppet will make a statement and your goal is to say whether the puppett is right or wrong",language research UCI fun cognitive science university explanations,$1.25,Fri Nov 24 12:53:21 PST 2017,9,0,0,0,Reviewable,NotReviewed,1 cond,1800,60000,Sun Dec 24 12:53:21 PST 2017,https://requester.mturk.com/mturk/manageHIT?HITId=3BKZLF990ZZ9R66Y8OZP5VVY01QQYJ,3N1FSUEFL502RAM34XAZERFDX6G4DC,7,Submitted,Sat Nov 25 06:13:48 PST 2017,Fri Nov 24 13:20:29 PST 2017,Fri Nov 24 13:33:48 PST 2017,,,,,,[],"""cond3""",undefined,12.987583333333333
7,one_slider,1 butterfly went to the city,0.91,cond1,English,2,Male,31,Nothing else comes to mind really.,Yes,Differences in logic,3,Windows,1080,1920,Chrome,3BKZLF990ZZ9R66Y8OZP5VVY01QQYJ,3UFCYGUHNP4CXE3VBIPPD007NZATNX,Judging whether a speaker is right or wrong about a scenario,"In this task you will be watching a short video. At the end of the video, a puppet will make a statement and your goal is to say whether the puppett is right or wrong",language research UCI fun cognitive science university explanations,$1.25,Fri Nov 24 12:53:21 PST 2017,9,0,0,0,Reviewable,NotReviewed,1 cond,1800,60000,Sun Dec 24 12:53:21 PST 2017,https://requester.mturk.com/mturk/manageHIT?HITId=3BKZLF990ZZ9R66Y8OZP5VVY01QQYJ,3N1FSUEFL502RAM34XAZERFDX6G4DC,7,Submitted,Sat Nov 25 06:13:48 PST 2017,Fri Nov 24 13:20:29 PST 2017,Fri Nov 24 13:33:48 PST 2017,,,,,,[],"""cond3""",undefined,12.987583333333333
7,one_slider,One dog rolled their ball,0,cond3,English,2,Male,31,Nothing else comes to mind really.,Yes,Differences in logic,3,Windows,1080,1920,Chrome,3BKZLF990ZZ9R66Y8OZP5VVY01QQYJ,3UFCYGUHNP4CXE3VBIPPD007NZATNX,Judging whether a speaker is right or wrong about a scenario,"In this task you will be watching a short video. At the end of the video, a puppet will make a statement and your goal is to say whether the puppett is right or wrong",language research UCI fun cognitive science university explanations,$1.25,Fri Nov 24 12:53:21 PST 2017,9,0,0,0,Reviewable,NotReviewed,1 cond,1800,60000,Sun Dec 24 12:53:21 PST 2017,https://requester.mturk.com/mturk/manageHIT?HITId=3BKZLF990ZZ9R66Y8OZP5VVY01QQYJ,3N1FSUEFL502RAM34XAZERFDX6G4DC,7,Submitted,Sat Nov 25 06:13:48 PST 2017,Fri Nov 24 13:20:29 PST 2017,Fri Nov 24 13:33:48 PST 2017,,,,,,[],"""cond3""",undefined,12.987583333333333
7,one_slider,"4 lions bought an egg, but 2 lions didn&quotechart buy a cookie",0.45,cond4,English,2,Male,31,Nothing else comes to mind really.,Yes,Differences in logic,3,Windows,1080,1920,Chrome,3BKZLF990ZZ9R66Y8OZP5VVY01QQYJ,3UFCYGUHNP4CXE3VBIPPD007NZATNX,Judging whether a speaker is right or wrong about a scenario,"In this task you will be watching a short video. At the end of the video, a puppet will make a statement and your goal is to say whether the puppett is right or wrong",language research UCI fun cognitive science university explanations,$1.25,Fri Nov 24 12:53:21 PST 2017,9,0,0,0,Reviewable,NotReviewed,1 cond,1800,60000,Sun Dec 24 12:53:21 PST 2017,https://requester.mturk.com/mturk/manageHIT?HITId=3BKZLF990ZZ9R66Y8OZP5VVY01QQYJ,3N1FSUEFL502RAM34XAZERFDX6G4DC,7,Submitted,Sat Nov 25 06:13:48 PST 2017,Fri Nov 24 13:20:29 PST 2017,Fri Nov 24 13:33:48 PST 2017,,,,,,[],"""cond3""",undefined,12.987583333333333
7,one_slider,"two of them thought it was too high so didn&quotechart
",0,cond1,English,2,Male,31,Nothing else comes to mind really.,Yes,Differences in logic,3,Windows,1080,1920,Chrome,3BKZLF990ZZ9R66Y8OZP5VVY01QQYJ,3UFCYGUHNP4CXE3VBIPPD007NZATNX,Judging whether a speaker is right or wrong about a scenario,"In this task you will be watching a short video. At the end of the video, a puppet will make a statement and your goal is to say whether the puppett is right or wrong",language research UCI fun cognitive science university explanations,$1.25,Fri Nov 24 12:53:21 PST 2017,9,0,0,0,Reviewable,NotReviewed,1 cond,1800,60000,Sun Dec 24 12:53:21 PST 2017,https://requester.mturk.com/mturk/manageHIT?HITId=3BKZLF990ZZ9R66Y8OZP5VVY01QQYJ,3N1FSUEFL502RAM34XAZERFDX6G4DC,7,Submitted,Sat Nov 25 06:13:48 PST 2017,Fri Nov 24 13:20:29 PST 2017,Fri Nov 24 13:33:48 PST 2017,,,,,,[],"""cond3""",undefined,12.987583333333333
7,one_slider,Two of em didn&quotechart eat bugs,0.93,cond3,English,2,Male,31,Nothing else comes to mind really.,Yes,Differences in logic,3,Windows,1080,1920,Chrome,3BKZLF990ZZ9R66Y8OZP5VVY01QQYJ,3UFCYGUHNP4CXE3VBIPPD007NZATNX,Judging whether a speaker is right or wrong about a scenario,"In this task you will be watching a short video. At the end of the video, a puppet will make a statement and your goal is to say whether the puppett is right or wrong",language research UCI fun cognitive science university explanations,$1.25,Fri Nov 24 12:53:21 PST 2017,9,0,0,0,Reviewable,NotReviewed,1 cond,1800,60000,Sun Dec 24 12:53:21 PST 2017,https://requester.mturk.com/mturk/manageHIT?HITId=3BKZLF990ZZ9R66Y8OZP5VVY01QQYJ,3N1FSUEFL502RAM34XAZERFDX6G4DC,7,Submitted,Sat Nov 25 06:13:48 PST 2017,Fri Nov 24 13:20:29 PST 2017,Fri Nov 24 13:33:48 PST 2017,,,,,,[],"""cond3""",undefined,12.987583333333333
8,one_slider_practice,It said so in the story. ,0.99,NA,English,2,Female,24,,Yes,Seeing if we remembrered things. ,3,Linux,1080,1920,Chrome,3BKZLF990ZZ9R66Y8OZP5VVY01QQYJ,3UFCYGUHNP4CXE3VBIPPD007NZATNX,Judging whether a speaker is right or wrong about a scenario,"In this task you will be watching a short video. At the end of the video, a puppet will make a statement and your goal is to say whether the puppett is right or wrong",language research UCI fun cognitive science university explanations,$1.25,Fri Nov 24 12:53:21 PST 2017,9,0,0,0,Reviewable,NotReviewed,1 cond,1800,60000,Sun Dec 24 12:53:21 PST 2017,https://requester.mturk.com/mturk/manageHIT?HITId=3BKZLF990ZZ9R66Y8OZP5VVY01QQYJ,3IAEQB9FMEKE0C5NE3GI9JY4HZIDWA,8,Submitted,Sat Nov 25 06:49:46 PST 2017,Fri Nov 24 13:57:42 PST 2017,Fri Nov 24 14:09:46 PST 2017,,,,,,[],"""cond1""",undefined,8.7266
8,one_slider_practice,"The third dog didn&quotechart because he was too small. 
",0,NA,English,2,Female,24,,Yes,Seeing if we remembrered things. ,3,Linux,1080,1920,Chrome,3BKZLF990ZZ9R66Y8OZP5VVY01QQYJ,3UFCYGUHNP4CXE3VBIPPD007NZATNX,Judging whether a speaker is right or wrong about a scenario,"In this task you will be watching a short video. At the end of the video, a puppet will make a statement and your goal is to say whether the puppett is right or wrong",language research UCI fun cognitive science university explanations,$1.25,Fri Nov 24 12:53:21 PST 2017,9,0,0,0,Reviewable,NotReviewed,1 cond,1800,60000,Sun Dec 24 12:53:21 PST 2017,https://requester.mturk.com/mturk/manageHIT?HITId=3BKZLF990ZZ9R66Y8OZP5VVY01QQYJ,3IAEQB9FMEKE0C5NE3GI9JY4HZIDWA,8,Submitted,Sat Nov 25 06:49:46 PST 2017,Fri Nov 24 13:57:42 PST 2017,Fri Nov 24 14:09:46 PST 2017,,,,,,[],"""cond1""",undefined,8.7266
8,one_slider,Two who jumped the fence decided the rock was too big to jump.,1,cond4,English,2,Female,24,,Yes,Seeing if we remembrered things. ,3,Linux,1080,1920,Chrome,3BKZLF990ZZ9R66Y8OZP5VVY01QQYJ,3UFCYGUHNP4CXE3VBIPPD007NZATNX,Judging whether a speaker is right or wrong about a scenario,"In this task you will be watching a short video. At the end of the video, a puppet will make a statement and your goal is to say whether the puppett is right or wrong",language research UCI fun cognitive science university explanations,$1.25,Fri Nov 24 12:53:21 PST 2017,9,0,0,0,Reviewable,NotReviewed,1 cond,1800,60000,Sun Dec 24 12:53:21 PST 2017,https://requester.mturk.com/mturk/manageHIT?HITId=3BKZLF990ZZ9R66Y8OZP5VVY01QQYJ,3IAEQB9FMEKE0C5NE3GI9JY4HZIDWA,8,Submitted,Sat Nov 25 06:49:46 PST 2017,Fri Nov 24 13:57:42 PST 2017,Fri Nov 24 14:09:46 PST 2017,,,,,,[],"""cond1""",undefined,8.7266
8,one_slider,There were only two hippos in the story. ,0.02,cond1,English,2,Female,24,,Yes,Seeing if we remembrered things. ,3,Linux,1080,1920,Chrome,3BKZLF990ZZ9R66Y8OZP5VVY01QQYJ,3UFCYGUHNP4CXE3VBIPPD007NZATNX,Judging whether a speaker is right or wrong about a scenario,"In this task you will be watching a short video. At the end of the video, a puppet will make a statement and your goal is to say whether the puppett is right or wrong",language research UCI fun cognitive science university explanations,$1.25,Fri Nov 24 12:53:21 PST 2017,9,0,0,0,Reviewable,NotReviewed,1 cond,1800,60000,Sun Dec 24 12:53:21 PST 2017,https://requester.mturk.com/mturk/manageHIT?HITId=3BKZLF990ZZ9R66Y8OZP5VVY01QQYJ,3IAEQB9FMEKE0C5NE3GI9JY4HZIDWA,8,Submitted,Sat Nov 25 06:49:46 PST 2017,Fri Nov 24 13:57:42 PST 2017,Fri Nov 24 14:09:46 PST 2017,,,,,,[],"""cond1""",undefined,8.7266
8,one_slider,The two stayed home instead. ,0.99,cond3,English,2,Female,24,,Yes,Seeing if we remembrered things. ,3,Linux,1080,1920,Chrome,3BKZLF990ZZ9R66Y8OZP5VVY01QQYJ,3UFCYGUHNP4CXE3VBIPPD007NZATNX,Judging whether a speaker is right or wrong about a scenario,"In this task you will be watching a short video. At the end of the video, a puppet will make a statement and your goal is to say whether the puppett is right or wrong",language research UCI fun cognitive science university explanations,$1.25,Fri Nov 24 12:53:21 PST 2017,9,0,0,0,Reviewable,NotReviewed,1 cond,1800,60000,Sun Dec 24 12:53:21 PST 2017,https://requester.mturk.com/mturk/manageHIT?HITId=3BKZLF990ZZ9R66Y8OZP5VVY01QQYJ,3IAEQB9FMEKE0C5NE3GI9JY4HZIDWA,8,Submitted,Sat Nov 25 06:49:46 PST 2017,Fri Nov 24 13:57:42 PST 2017,Fri Nov 24 14:09:46 PST 2017,,,,,,[],"""cond1""",undefined,8.7266
8,one_slider,One of the dogs did roll the ball. ,0.01,cond1,English,2,Female,24,,Yes,Seeing if we remembrered things. ,3,Linux,1080,1920,Chrome,3BKZLF990ZZ9R66Y8OZP5VVY01QQYJ,3UFCYGUHNP4CXE3VBIPPD007NZATNX,Judging whether a speaker is right or wrong about a scenario,"In this task you will be watching a short video. At the end of the video, a puppet will make a statement and your goal is to say whether the puppett is right or wrong",language research UCI fun cognitive science university explanations,$1.25,Fri Nov 24 12:53:21 PST 2017,9,0,0,0,Reviewable,NotReviewed,1 cond,1800,60000,Sun Dec 24 12:53:21 PST 2017,https://requester.mturk.com/mturk/manageHIT?HITId=3BKZLF990ZZ9R66Y8OZP5VVY01QQYJ,3IAEQB9FMEKE0C5NE3GI9JY4HZIDWA,8,Submitted,Sat Nov 25 06:49:46 PST 2017,Fri Nov 24 13:57:42 PST 2017,Fri Nov 24 14:09:46 PST 2017,,,,,,[],"""cond1""",undefined,8.7266
8,one_slider,Two didn&quotechart want a cookie. ,0.99,cond3,English,2,Female,24,,Yes,Seeing if we remembrered things. ,3,Linux,1080,1920,Chrome,3BKZLF990ZZ9R66Y8OZP5VVY01QQYJ,3UFCYGUHNP4CXE3VBIPPD007NZATNX,Judging whether a speaker is right or wrong about a scenario,"In this task you will be watching a short video. At the end of the video, a puppet will make a statement and your goal is to say whether the puppett is right or wrong",language research UCI fun cognitive science university explanations,$1.25,Fri Nov 24 12:53:21 PST 2017,9,0,0,0,Reviewable,NotReviewed,1 cond,1800,60000,Sun Dec 24 12:53:21 PST 2017,https://requester.mturk.com/mturk/manageHIT?HITId=3BKZLF990ZZ9R66Y8OZP5VVY01QQYJ,3IAEQB9FMEKE0C5NE3GI9JY4HZIDWA,8,Submitted,Sat Nov 25 06:49:46 PST 2017,Fri Nov 24 13:57:42 PST 2017,Fri Nov 24 14:09:46 PST 2017,,,,,,[],"""cond1""",undefined,8.7266
8,one_slider,Two decided not to clib on the book. ,0.02,cond4,English,2,Female,24,,Yes,Seeing if we remembrered things. ,3,Linux,1080,1920,Chrome,3BKZLF990ZZ9R66Y8OZP5VVY01QQYJ,3UFCYGUHNP4CXE3VBIPPD007NZATNX,Judging whether a speaker is right or wrong about a scenario,"In this task you will be watching a short video. At the end of the video, a puppet will make a statement and your goal is to say whether the puppett is right or wrong",language research UCI fun cognitive science university explanations,$1.25,Fri Nov 24 12:53:21 PST 2017,9,0,0,0,Reviewable,NotReviewed,1 cond,1800,60000,Sun Dec 24 12:53:21 PST 2017,https://requester.mturk.com/mturk/manageHIT?HITId=3BKZLF990ZZ9R66Y8OZP5VVY01QQYJ,3IAEQB9FMEKE0C5NE3GI9JY4HZIDWA,8,Submitted,Sat Nov 25 06:49:46 PST 2017,Fri Nov 24 13:57:42 PST 2017,Fri Nov 24 14:09:46 PST 2017,,,,,,[],"""cond1""",undefined,8.7266
8,one_slider,One of the dinousaurs did eat a bug. ,0.02,cond1,English,2,Female,24,,Yes,Seeing if we remembrered things. ,3,Linux,1080,1920,Chrome,3BKZLF990ZZ9R66Y8OZP5VVY01QQYJ,3UFCYGUHNP4CXE3VBIPPD007NZATNX,Judging whether a speaker is right or wrong about a scenario,"In this task you will be watching a short video. At the end of the video, a puppet will make a statement and your goal is to say whether the puppett is right or wrong",language research UCI fun cognitive science university explanations,$1.25,Fri Nov 24 12:53:21 PST 2017,9,0,0,0,Reviewable,NotReviewed,1 cond,1800,60000,Sun Dec 24 12:53:21 PST 2017,https://requester.mturk.com/mturk/manageHIT?HITId=3BKZLF990ZZ9R66Y8OZP5VVY01QQYJ,3IAEQB9FMEKE0C5NE3GI9JY4HZIDWA,8,Submitted,Sat Nov 25 06:49:46 PST 2017,Fri Nov 24 13:57:42 PST 2017,Fri Nov 24 14:09:46 PST 2017,,,,,,[],"""cond1""",undefined,8.7266
