workerid,hitid,hittypeid,title,description,keywords,reward,creationtime,assignments,numavailable,numpending,numcomplete,hitstatus,reviewstatus,annotation,assignmentduration,autoapprovaldelay,hitlifetime,viewhit,assignmentid,workerid,assignmentstatus,autoapprovaltime,assignmentaccepttime,assignmentsubmittime,assignmentapprovaltime,assignmentrejecttime,deadline,feedback,reject,Answer.catch_trials,Answer.condition,Answer.justification,Answer.time_in_minutes
0,3BKZLF990ZZ9R66Y8OZP5VVY01QQYJ,3UFCYGUHNP4CXE3VBIPPD007NZATNX,Judging whether a speaker is right or wrong about a scenario,"In this task you will be watching a short video. At the end of the video, a puppet will make a statement and your goal is to say whether the puppett is right or wrong",language research UCI fun cognitive science university explanations,$1.25,Fri Nov 24 12:53:21 PST 2017,9,0,0,0,Reviewable,NotReviewed,1 cond,1800,60000,Sun Dec 24 12:53:21 PST 2017,https://requester.mturk.com/mturk/manageHIT?HITId=3BKZLF990ZZ9R66Y8OZP5VVY01QQYJ,3J2UYBXQQLCM7DPNB9FJWIF8Z8B604,0,Submitted,Sat Nov 25 05:40:16 PST 2017,Fri Nov 24 12:54:03 PST 2017,Fri Nov 24 13:00:16 PST 2017,,,,,,[],"""cond4""",undefined,6.192616666666667
1,3BKZLF990ZZ9R66Y8OZP5VVY01QQYJ,3UFCYGUHNP4CXE3VBIPPD007NZATNX,Judging whether a speaker is right or wrong about a scenario,"In this task you will be watching a short video. At the end of the video, a puppet will make a statement and your goal is to say whether the puppett is right or wrong",language research UCI fun cognitive science university explanations,$1.25,Fri Nov 24 12:53:21 PST 2017,9,0,0,0,Reviewable,NotReviewed,1 cond,1800,60000,Sun Dec 24 12:53:21 PST 2017,https://requester.mturk.com/mturk/manageHIT?HITId=3BKZLF990ZZ9R66Y8OZP5VVY01QQYJ,36NEMU28XFDH46B0RWFLS9LYQD4WM5,1,Submitted,Sat Nov 25 05:42:45 PST 2017,Fri Nov 24 12:53:51 PST 2017,Fri Nov 24 13:02:45 PST 2017,,,,,,[],"""cond1""",undefined,8.78465
2,3BKZLF990ZZ9R66Y8OZP5VVY01QQYJ,3UFCYGUHNP4CXE3VBIPPD007NZATNX,Judging whether a speaker is right or wrong about a scenario,"In this task you will be watching a short video. At the end of the video, a puppet will make a statement and your goal is to say whether the puppett is right or wrong",language research UCI fun cognitive science university explanations,$1.25,Fri Nov 24 12:53:21 PST 2017,9,0,0,0,Reviewable,NotReviewed,1 cond,1800,60000,Sun Dec 24 12:53:21 PST 2017,https://requester.mturk.com/mturk/manageHIT?HITId=3BKZLF990ZZ9R66Y8OZP5VVY01QQYJ,3DR23U6WE5ER01FTFTMRSH9QDHVTEN,2,Submitted,Sat Nov 25 05:43:08 PST 2017,Fri Nov 24 12:53:32 PST 2017,Fri Nov 24 13:03:08 PST 2017,,,,,,[],"""cond1""",undefined,9.4498
3,3BKZLF990ZZ9R66Y8OZP5VVY01QQYJ,3UFCYGUHNP4CXE3VBIPPD007NZATNX,Judging whether a speaker is right or wrong about a scenario,"In this task you will be watching a short video. At the end of the video, a puppet will make a statement and your goal is to say whether the puppett is right or wrong",language research UCI fun cognitive science university explanations,$1.25,Fri Nov 24 12:53:21 PST 2017,9,0,0,0,Reviewable,NotReviewed,1 cond,1800,60000,Sun Dec 24 12:53:21 PST 2017,https://requester.mturk.com/mturk/manageHIT?HITId=3BKZLF990ZZ9R66Y8OZP5VVY01QQYJ,3Q5C1WP23M1QVYAR299EIHKI85615M,3,Submitted,Sat Nov 25 05:43:32 PST 2017,Fri Nov 24 12:53:39 PST 2017,Fri Nov 24 13:03:32 PST 2017,,,,,,[],"""cond4""",undefined,9.855483333333334
4,3BKZLF990ZZ9R66Y8OZP5VVY01QQYJ,3UFCYGUHNP4CXE3VBIPPD007NZATNX,Judging whether a speaker is right or wrong about a scenario,"In this task you will be watching a short video. At the end of the video, a puppet will make a statement and your goal is to say whether the puppett is right or wrong",language research UCI fun cognitive science university explanations,$1.25,Fri Nov 24 12:53:21 PST 2017,9,0,0,0,Reviewable,NotReviewed,1 cond,1800,60000,Sun Dec 24 12:53:21 PST 2017,https://requester.mturk.com/mturk/manageHIT?HITId=3BKZLF990ZZ9R66Y8OZP5VVY01QQYJ,3ND9UOO81K2XYOTFRKE6SW69Q8EWL3,4,Submitted,Sat Nov 25 05:44:38 PST 2017,Fri Nov 24 12:53:53 PST 2017,Fri Nov 24 13:04:38 PST 2017,,,,,,[],"""cond2""",undefined,10.725033333333334
5,3BKZLF990ZZ9R66Y8OZP5VVY01QQYJ,3UFCYGUHNP4CXE3VBIPPD007NZATNX,Judging whether a speaker is right or wrong about a scenario,"In this task you will be watching a short video. At the end of the video, a puppet will make a statement and your goal is to say whether the puppett is right or wrong",language research UCI fun cognitive science university explanations,$1.25,Fri Nov 24 12:53:21 PST 2017,9,0,0,0,Reviewable,NotReviewed,1 cond,1800,60000,Sun Dec 24 12:53:21 PST 2017,https://requester.mturk.com/mturk/manageHIT?HITId=3BKZLF990ZZ9R66Y8OZP5VVY01QQYJ,3L4D84MILZS968AQT0GTBEJU7VXHJN,5,Submitted,Sat Nov 25 05:49:25 PST 2017,Fri Nov 24 13:00:50 PST 2017,Fri Nov 24 13:09:25 PST 2017,,,,,,[],"""cond4""",undefined,8.508583333333334
6,3BKZLF990ZZ9R66Y8OZP5VVY01QQYJ,3UFCYGUHNP4CXE3VBIPPD007NZATNX,Judging whether a speaker is right or wrong about a scenario,"In this task you will be watching a short video. At the end of the video, a puppet will make a statement and your goal is to say whether the puppett is right or wrong",language research UCI fun cognitive science university explanations,$1.25,Fri Nov 24 12:53:21 PST 2017,9,0,0,0,Reviewable,NotReviewed,1 cond,1800,60000,Sun Dec 24 12:53:21 PST 2017,https://requester.mturk.com/mturk/manageHIT?HITId=3BKZLF990ZZ9R66Y8OZP5VVY01QQYJ,3NQL1CS15R84JY09KPY002PRSEGYVN,6,Submitted,Sat Nov 25 05:59:51 PST 2017,Fri Nov 24 12:53:35 PST 2017,Fri Nov 24 13:19:51 PST 2017,,,,,,[],"""cond2""",undefined,12.488366666666666
7,3BKZLF990ZZ9R66Y8OZP5VVY01QQYJ,3UFCYGUHNP4CXE3VBIPPD007NZATNX,Judging whether a speaker is right or wrong about a scenario,"In this task you will be watching a short video. At the end of the video, a puppet will make a statement and your goal is to say whether the puppett is right or wrong",language research UCI fun cognitive science university explanations,$1.25,Fri Nov 24 12:53:21 PST 2017,9,0,0,0,Reviewable,NotReviewed,1 cond,1800,60000,Sun Dec 24 12:53:21 PST 2017,https://requester.mturk.com/mturk/manageHIT?HITId=3BKZLF990ZZ9R66Y8OZP5VVY01QQYJ,3N1FSUEFL502RAM34XAZERFDX6G4DC,7,Submitted,Sat Nov 25 06:13:48 PST 2017,Fri Nov 24 13:20:29 PST 2017,Fri Nov 24 13:33:48 PST 2017,,,,,,[],"""cond3""",undefined,12.987583333333333
8,3BKZLF990ZZ9R66Y8OZP5VVY01QQYJ,3UFCYGUHNP4CXE3VBIPPD007NZATNX,Judging whether a speaker is right or wrong about a scenario,"In this task you will be watching a short video. At the end of the video, a puppet will make a statement and your goal is to say whether the puppett is right or wrong",language research UCI fun cognitive science university explanations,$1.25,Fri Nov 24 12:53:21 PST 2017,9,0,0,0,Reviewable,NotReviewed,1 cond,1800,60000,Sun Dec 24 12:53:21 PST 2017,https://requester.mturk.com/mturk/manageHIT?HITId=3BKZLF990ZZ9R66Y8OZP5VVY01QQYJ,3IAEQB9FMEKE0C5NE3GI9JY4HZIDWA,8,Submitted,Sat Nov 25 06:49:46 PST 2017,Fri Nov 24 13:57:42 PST 2017,Fri Nov 24 14:09:46 PST 2017,,,,,,[],"""cond1""",undefined,8.7266
