workerid,trial_type,justification,response,condition,language,enjoyment,gender,age,comments,asses,selfreport,education,OS,screenH,screenW,Browser,hitid,hittypeid,title,description,keywords,reward,creationtime,assignments,numavailable,numpending,numcomplete,hitstatus,reviewstatus,annotation,assignmentduration,autoapprovaldelay,hitlifetime,viewhit,assignmentid,workerid,assignmentstatus,autoapprovaltime,assignmentaccepttime,assignmentsubmittime,assignmentapprovaltime,assignmentrejecttime,deadline,feedback,reject,Answer.catch_trials,Answer.condition,Answer.justification,Answer.time_in_minutes
0,one_slider_practice,It is consistent with the facts,1,NA,English,1,Male,28,None,Yes,I don&quotechart know,3,Windows,1024,1280,Chrome,3SBNLSTU6U5F7NCYZOVOJ3X1NG5DZS,3UFCYGUHNP4CXE3VBIPPD007NZATNX,Judging whether a speaker is right or wrong about a scenario,"In this task you will be watching a short video. At the end of the video, a puppet will make a statement and your goal is to say whether the puppett is right or wrong",language research UCI fun cognitive science university explanations,$1.25,Fri Nov 24 12:53:15 PST 2017,9,0,0,0,Reviewable,NotReviewed,1 cond,1800,60000,Sun Dec 24 12:53:15 PST 2017,https://requester.mturk.com/mturk/manageHIT?HITId=3SBNLSTU6U5F7NCYZOVOJ3X1NG5DZS,3HVVDCPGTESP66WKFUYLZK16VT0YT7,0,Submitted,Sat Nov 25 05:39:53 PST 2017,Fri Nov 24 12:53:18 PST 2017,Fri Nov 24 12:59:53 PST 2017,,,,,,[],"""cond3""",undefined,6.5438833333333335
0,one_slider_practice,THe last dog did not do it,0,NA,English,1,Male,28,None,Yes,I don&quotechart know,3,Windows,1024,1280,Chrome,3SBNLSTU6U5F7NCYZOVOJ3X1NG5DZS,3UFCYGUHNP4CXE3VBIPPD007NZATNX,Judging whether a speaker is right or wrong about a scenario,"In this task you will be watching a short video. At the end of the video, a puppet will make a statement and your goal is to say whether the puppett is right or wrong",language research UCI fun cognitive science university explanations,$1.25,Fri Nov 24 12:53:15 PST 2017,9,0,0,0,Reviewable,NotReviewed,1 cond,1800,60000,Sun Dec 24 12:53:15 PST 2017,https://requester.mturk.com/mturk/manageHIT?HITId=3SBNLSTU6U5F7NCYZOVOJ3X1NG5DZS,3HVVDCPGTESP66WKFUYLZK16VT0YT7,0,Submitted,Sat Nov 25 05:39:53 PST 2017,Fri Nov 24 12:53:18 PST 2017,Fri Nov 24 12:59:53 PST 2017,,,,,,[],"""cond3""",undefined,6.5438833333333335
0,one_slider,ONe of the frogs fail to do so,1,cond2,English,1,Male,28,None,Yes,I don&quotechart know,3,Windows,1024,1280,Chrome,3SBNLSTU6U5F7NCYZOVOJ3X1NG5DZS,3UFCYGUHNP4CXE3VBIPPD007NZATNX,Judging whether a speaker is right or wrong about a scenario,"In this task you will be watching a short video. At the end of the video, a puppet will make a statement and your goal is to say whether the puppett is right or wrong",language research UCI fun cognitive science university explanations,$1.25,Fri Nov 24 12:53:15 PST 2017,9,0,0,0,Reviewable,NotReviewed,1 cond,1800,60000,Sun Dec 24 12:53:15 PST 2017,https://requester.mturk.com/mturk/manageHIT?HITId=3SBNLSTU6U5F7NCYZOVOJ3X1NG5DZS,3HVVDCPGTESP66WKFUYLZK16VT0YT7,0,Submitted,Sat Nov 25 05:39:53 PST 2017,Fri Nov 24 12:53:18 PST 2017,Fri Nov 24 12:59:53 PST 2017,,,,,,[],"""cond3""",undefined,6.5438833333333335
0,one_slider,There were only two hippos,0,cond3,English,1,Male,28,None,Yes,I don&quotechart know,3,Windows,1024,1280,Chrome,3SBNLSTU6U5F7NCYZOVOJ3X1NG5DZS,3UFCYGUHNP4CXE3VBIPPD007NZATNX,Judging whether a speaker is right or wrong about a scenario,"In this task you will be watching a short video. At the end of the video, a puppet will make a statement and your goal is to say whether the puppett is right or wrong",language research UCI fun cognitive science university explanations,$1.25,Fri Nov 24 12:53:15 PST 2017,9,0,0,0,Reviewable,NotReviewed,1 cond,1800,60000,Sun Dec 24 12:53:15 PST 2017,https://requester.mturk.com/mturk/manageHIT?HITId=3SBNLSTU6U5F7NCYZOVOJ3X1NG5DZS,3HVVDCPGTESP66WKFUYLZK16VT0YT7,0,Submitted,Sat Nov 25 05:39:53 PST 2017,Fri Nov 24 12:53:18 PST 2017,Fri Nov 24 12:59:53 PST 2017,,,,,,[],"""cond3""",undefined,6.5438833333333335
0,one_slider,They stayed at home,1,cond3,English,1,Male,28,None,Yes,I don&quotechart know,3,Windows,1024,1280,Chrome,3SBNLSTU6U5F7NCYZOVOJ3X1NG5DZS,3UFCYGUHNP4CXE3VBIPPD007NZATNX,Judging whether a speaker is right or wrong about a scenario,"In this task you will be watching a short video. At the end of the video, a puppet will make a statement and your goal is to say whether the puppett is right or wrong",language research UCI fun cognitive science university explanations,$1.25,Fri Nov 24 12:53:15 PST 2017,9,0,0,0,Reviewable,NotReviewed,1 cond,1800,60000,Sun Dec 24 12:53:15 PST 2017,https://requester.mturk.com/mturk/manageHIT?HITId=3SBNLSTU6U5F7NCYZOVOJ3X1NG5DZS,3HVVDCPGTESP66WKFUYLZK16VT0YT7,0,Submitted,Sat Nov 25 05:39:53 PST 2017,Fri Nov 24 12:53:18 PST 2017,Fri Nov 24 12:59:53 PST 2017,,,,,,[],"""cond3""",undefined,6.5438833333333335
0,one_slider,One of them did,0,cond4,English,1,Male,28,None,Yes,I don&quotechart know,3,Windows,1024,1280,Chrome,3SBNLSTU6U5F7NCYZOVOJ3X1NG5DZS,3UFCYGUHNP4CXE3VBIPPD007NZATNX,Judging whether a speaker is right or wrong about a scenario,"In this task you will be watching a short video. At the end of the video, a puppet will make a statement and your goal is to say whether the puppett is right or wrong",language research UCI fun cognitive science university explanations,$1.25,Fri Nov 24 12:53:15 PST 2017,9,0,0,0,Reviewable,NotReviewed,1 cond,1800,60000,Sun Dec 24 12:53:15 PST 2017,https://requester.mturk.com/mturk/manageHIT?HITId=3SBNLSTU6U5F7NCYZOVOJ3X1NG5DZS,3HVVDCPGTESP66WKFUYLZK16VT0YT7,0,Submitted,Sat Nov 25 05:39:53 PST 2017,Fri Nov 24 12:53:18 PST 2017,Fri Nov 24 12:59:53 PST 2017,,,,,,[],"""cond3""",undefined,6.5438833333333335
0,one_slider,They bought one in total,0,cond1,English,1,Male,28,None,Yes,I don&quotechart know,3,Windows,1024,1280,Chrome,3SBNLSTU6U5F7NCYZOVOJ3X1NG5DZS,3UFCYGUHNP4CXE3VBIPPD007NZATNX,Judging whether a speaker is right or wrong about a scenario,"In this task you will be watching a short video. At the end of the video, a puppet will make a statement and your goal is to say whether the puppett is right or wrong",language research UCI fun cognitive science university explanations,$1.25,Fri Nov 24 12:53:15 PST 2017,9,0,0,0,Reviewable,NotReviewed,1 cond,1800,60000,Sun Dec 24 12:53:15 PST 2017,https://requester.mturk.com/mturk/manageHIT?HITId=3SBNLSTU6U5F7NCYZOVOJ3X1NG5DZS,3HVVDCPGTESP66WKFUYLZK16VT0YT7,0,Submitted,Sat Nov 25 05:39:53 PST 2017,Fri Nov 24 12:53:18 PST 2017,Fri Nov 24 12:59:53 PST 2017,,,,,,[],"""cond3""",undefined,6.5438833333333335
0,one_slider,Only two did it,0,cond3,English,1,Male,28,None,Yes,I don&quotechart know,3,Windows,1024,1280,Chrome,3SBNLSTU6U5F7NCYZOVOJ3X1NG5DZS,3UFCYGUHNP4CXE3VBIPPD007NZATNX,Judging whether a speaker is right or wrong about a scenario,"In this task you will be watching a short video. At the end of the video, a puppet will make a statement and your goal is to say whether the puppett is right or wrong",language research UCI fun cognitive science university explanations,$1.25,Fri Nov 24 12:53:15 PST 2017,9,0,0,0,Reviewable,NotReviewed,1 cond,1800,60000,Sun Dec 24 12:53:15 PST 2017,https://requester.mturk.com/mturk/manageHIT?HITId=3SBNLSTU6U5F7NCYZOVOJ3X1NG5DZS,3HVVDCPGTESP66WKFUYLZK16VT0YT7,0,Submitted,Sat Nov 25 05:39:53 PST 2017,Fri Nov 24 12:53:18 PST 2017,Fri Nov 24 12:59:53 PST 2017,,,,,,[],"""cond3""",undefined,6.5438833333333335
0,one_slider,It is consistent with the facts of the case,1,cond3,English,1,Male,28,None,Yes,I don&quotechart know,3,Windows,1024,1280,Chrome,3SBNLSTU6U5F7NCYZOVOJ3X1NG5DZS,3UFCYGUHNP4CXE3VBIPPD007NZATNX,Judging whether a speaker is right or wrong about a scenario,"In this task you will be watching a short video. At the end of the video, a puppet will make a statement and your goal is to say whether the puppett is right or wrong",language research UCI fun cognitive science university explanations,$1.25,Fri Nov 24 12:53:15 PST 2017,9,0,0,0,Reviewable,NotReviewed,1 cond,1800,60000,Sun Dec 24 12:53:15 PST 2017,https://requester.mturk.com/mturk/manageHIT?HITId=3SBNLSTU6U5F7NCYZOVOJ3X1NG5DZS,3HVVDCPGTESP66WKFUYLZK16VT0YT7,0,Submitted,Sat Nov 25 05:39:53 PST 2017,Fri Nov 24 12:53:18 PST 2017,Fri Nov 24 12:59:53 PST 2017,,,,,,[],"""cond3""",undefined,6.5438833333333335
1,one_slider_practice,It is a fact the smurf bought two cars,0.99,NA,english,2,Female,35,it would have been nice if the stories would have been told at the same volume. ,Yes,How I perceived a situation,2,Windows,768,1366,Chrome,3SBNLSTU6U5F7NCYZOVOJ3X1NG5DZS,3UFCYGUHNP4CXE3VBIPPD007NZATNX,Judging whether a speaker is right or wrong about a scenario,"In this task you will be watching a short video. At the end of the video, a puppet will make a statement and your goal is to say whether the puppett is right or wrong",language research UCI fun cognitive science university explanations,$1.25,Fri Nov 24 12:53:15 PST 2017,9,0,0,0,Reviewable,NotReviewed,1 cond,1800,60000,Sun Dec 24 12:53:15 PST 2017,https://requester.mturk.com/mturk/manageHIT?HITId=3SBNLSTU6U5F7NCYZOVOJ3X1NG5DZS,3UN61F00HWPEO39803OTO82VC305RM,1,Submitted,Sat Nov 25 05:45:34 PST 2017,Fri Nov 24 12:53:24 PST 2017,Fri Nov 24 13:05:34 PST 2017,,,,,,[],"""cond1""",undefined,12.129316666666666
1,one_slider_practice,false  one dog did not jump on the table because it was to small,0.98,NA,english,2,Female,35,it would have been nice if the stories would have been told at the same volume. ,Yes,How I perceived a situation,2,Windows,768,1366,Chrome,3SBNLSTU6U5F7NCYZOVOJ3X1NG5DZS,3UFCYGUHNP4CXE3VBIPPD007NZATNX,Judging whether a speaker is right or wrong about a scenario,"In this task you will be watching a short video. At the end of the video, a puppet will make a statement and your goal is to say whether the puppett is right or wrong",language research UCI fun cognitive science university explanations,$1.25,Fri Nov 24 12:53:15 PST 2017,9,0,0,0,Reviewable,NotReviewed,1 cond,1800,60000,Sun Dec 24 12:53:15 PST 2017,https://requester.mturk.com/mturk/manageHIT?HITId=3SBNLSTU6U5F7NCYZOVOJ3X1NG5DZS,3UN61F00HWPEO39803OTO82VC305RM,1,Submitted,Sat Nov 25 05:45:34 PST 2017,Fri Nov 24 12:53:24 PST 2017,Fri Nov 24 13:05:34 PST 2017,,,,,,[],"""cond1""",undefined,12.129316666666666
1,one_slider,Two frogs did jump over the fence but four in total  his info about the rock was correct,0.85,cond4,english,2,Female,35,it would have been nice if the stories would have been told at the same volume. ,Yes,How I perceived a situation,2,Windows,768,1366,Chrome,3SBNLSTU6U5F7NCYZOVOJ3X1NG5DZS,3UFCYGUHNP4CXE3VBIPPD007NZATNX,Judging whether a speaker is right or wrong about a scenario,"In this task you will be watching a short video. At the end of the video, a puppet will make a statement and your goal is to say whether the puppett is right or wrong",language research UCI fun cognitive science university explanations,$1.25,Fri Nov 24 12:53:15 PST 2017,9,0,0,0,Reviewable,NotReviewed,1 cond,1800,60000,Sun Dec 24 12:53:15 PST 2017,https://requester.mturk.com/mturk/manageHIT?HITId=3SBNLSTU6U5F7NCYZOVOJ3X1NG5DZS,3UN61F00HWPEO39803OTO82VC305RM,1,Submitted,Sat Nov 25 05:45:34 PST 2017,Fri Nov 24 12:53:24 PST 2017,Fri Nov 24 13:05:34 PST 2017,,,,,,[],"""cond1""",undefined,12.129316666666666
1,one_slider,there was only two hippo&quotechars in the story therefore only two hippos could drink milk,0.02,cond1,english,2,Female,35,it would have been nice if the stories would have been told at the same volume. ,Yes,How I perceived a situation,2,Windows,768,1366,Chrome,3SBNLSTU6U5F7NCYZOVOJ3X1NG5DZS,3UFCYGUHNP4CXE3VBIPPD007NZATNX,Judging whether a speaker is right or wrong about a scenario,"In this task you will be watching a short video. At the end of the video, a puppet will make a statement and your goal is to say whether the puppett is right or wrong",language research UCI fun cognitive science university explanations,$1.25,Fri Nov 24 12:53:15 PST 2017,9,0,0,0,Reviewable,NotReviewed,1 cond,1800,60000,Sun Dec 24 12:53:15 PST 2017,https://requester.mturk.com/mturk/manageHIT?HITId=3SBNLSTU6U5F7NCYZOVOJ3X1NG5DZS,3UN61F00HWPEO39803OTO82VC305RM,1,Submitted,Sat Nov 25 05:45:34 PST 2017,Fri Nov 24 12:53:24 PST 2017,Fri Nov 24 13:05:34 PST 2017,,,,,,[],"""cond1""",undefined,12.129316666666666
1,one_slider,one butterfly went to the city the other the forest,0.99,cond1,english,2,Female,35,it would have been nice if the stories would have been told at the same volume. ,Yes,How I perceived a situation,2,Windows,768,1366,Chrome,3SBNLSTU6U5F7NCYZOVOJ3X1NG5DZS,3UFCYGUHNP4CXE3VBIPPD007NZATNX,Judging whether a speaker is right or wrong about a scenario,"In this task you will be watching a short video. At the end of the video, a puppet will make a statement and your goal is to say whether the puppett is right or wrong",language research UCI fun cognitive science university explanations,$1.25,Fri Nov 24 12:53:15 PST 2017,9,0,0,0,Reviewable,NotReviewed,1 cond,1800,60000,Sun Dec 24 12:53:15 PST 2017,https://requester.mturk.com/mturk/manageHIT?HITId=3SBNLSTU6U5F7NCYZOVOJ3X1NG5DZS,3UN61F00HWPEO39803OTO82VC305RM,1,Submitted,Sat Nov 25 05:45:34 PST 2017,Fri Nov 24 12:53:24 PST 2017,Fri Nov 24 13:05:34 PST 2017,,,,,,[],"""cond1""",undefined,12.129316666666666
1,one_slider,the first dog did roll it ball across the table,0,cond3,english,2,Female,35,it would have been nice if the stories would have been told at the same volume. ,Yes,How I perceived a situation,2,Windows,768,1366,Chrome,3SBNLSTU6U5F7NCYZOVOJ3X1NG5DZS,3UFCYGUHNP4CXE3VBIPPD007NZATNX,Judging whether a speaker is right or wrong about a scenario,"In this task you will be watching a short video. At the end of the video, a puppet will make a statement and your goal is to say whether the puppett is right or wrong",language research UCI fun cognitive science university explanations,$1.25,Fri Nov 24 12:53:15 PST 2017,9,0,0,0,Reviewable,NotReviewed,1 cond,1800,60000,Sun Dec 24 12:53:15 PST 2017,https://requester.mturk.com/mturk/manageHIT?HITId=3SBNLSTU6U5F7NCYZOVOJ3X1NG5DZS,3UN61F00HWPEO39803OTO82VC305RM,1,Submitted,Sat Nov 25 05:45:34 PST 2017,Fri Nov 24 12:53:24 PST 2017,Fri Nov 24 13:05:34 PST 2017,,,,,,[],"""cond1""",undefined,12.129316666666666
1,one_slider,That is a correct statement.  One lion did buy a cookie the other did not,1,cond1,english,2,Female,35,it would have been nice if the stories would have been told at the same volume. ,Yes,How I perceived a situation,2,Windows,768,1366,Chrome,3SBNLSTU6U5F7NCYZOVOJ3X1NG5DZS,3UFCYGUHNP4CXE3VBIPPD007NZATNX,Judging whether a speaker is right or wrong about a scenario,"In this task you will be watching a short video. At the end of the video, a puppet will make a statement and your goal is to say whether the puppett is right or wrong",language research UCI fun cognitive science university explanations,$1.25,Fri Nov 24 12:53:15 PST 2017,9,0,0,0,Reviewable,NotReviewed,1 cond,1800,60000,Sun Dec 24 12:53:15 PST 2017,https://requester.mturk.com/mturk/manageHIT?HITId=3SBNLSTU6U5F7NCYZOVOJ3X1NG5DZS,3UN61F00HWPEO39803OTO82VC305RM,1,Submitted,Sat Nov 25 05:45:34 PST 2017,Fri Nov 24 12:53:24 PST 2017,Fri Nov 24 13:05:34 PST 2017,,,,,,[],"""cond1""",undefined,12.129316666666666
1,one_slider,False  only two lizards jumped on the book.  The other two thought it was to high. ,0,cond3,english,2,Female,35,it would have been nice if the stories would have been told at the same volume. ,Yes,How I perceived a situation,2,Windows,768,1366,Chrome,3SBNLSTU6U5F7NCYZOVOJ3X1NG5DZS,3UFCYGUHNP4CXE3VBIPPD007NZATNX,Judging whether a speaker is right or wrong about a scenario,"In this task you will be watching a short video. At the end of the video, a puppet will make a statement and your goal is to say whether the puppett is right or wrong",language research UCI fun cognitive science university explanations,$1.25,Fri Nov 24 12:53:15 PST 2017,9,0,0,0,Reviewable,NotReviewed,1 cond,1800,60000,Sun Dec 24 12:53:15 PST 2017,https://requester.mturk.com/mturk/manageHIT?HITId=3SBNLSTU6U5F7NCYZOVOJ3X1NG5DZS,3UN61F00HWPEO39803OTO82VC305RM,1,Submitted,Sat Nov 25 05:45:34 PST 2017,Fri Nov 24 12:53:24 PST 2017,Fri Nov 24 13:05:34 PST 2017,,,,,,[],"""cond1""",undefined,12.129316666666666
1,one_slider,One dinosaur did eat a bug.  Both dinosaurs opted not to eat the fish,0,cond1,english,2,Female,35,it would have been nice if the stories would have been told at the same volume. ,Yes,How I perceived a situation,2,Windows,768,1366,Chrome,3SBNLSTU6U5F7NCYZOVOJ3X1NG5DZS,3UFCYGUHNP4CXE3VBIPPD007NZATNX,Judging whether a speaker is right or wrong about a scenario,"In this task you will be watching a short video. At the end of the video, a puppet will make a statement and your goal is to say whether the puppett is right or wrong",language research UCI fun cognitive science university explanations,$1.25,Fri Nov 24 12:53:15 PST 2017,9,0,0,0,Reviewable,NotReviewed,1 cond,1800,60000,Sun Dec 24 12:53:15 PST 2017,https://requester.mturk.com/mturk/manageHIT?HITId=3SBNLSTU6U5F7NCYZOVOJ3X1NG5DZS,3UN61F00HWPEO39803OTO82VC305RM,1,Submitted,Sat Nov 25 05:45:34 PST 2017,Fri Nov 24 12:53:24 PST 2017,Fri Nov 24 13:05:34 PST 2017,,,,,,[],"""cond1""",undefined,12.129316666666666
2,one_slider_practice,It&quotechars kind of right because they are both smurfs and in general the smurf did buy two cars. The problem is that it was the brainy smurf.,0.52,NA,English,2,Male,33,Thank you for an interesting HIT!,Yes,To study comprehension in adults.,3,Mac,900,1440,Chrome,3SBNLSTU6U5F7NCYZOVOJ3X1NG5DZS,3UFCYGUHNP4CXE3VBIPPD007NZATNX,Judging whether a speaker is right or wrong about a scenario,"In this task you will be watching a short video. At the end of the video, a puppet will make a statement and your goal is to say whether the puppett is right or wrong",language research UCI fun cognitive science university explanations,$1.25,Fri Nov 24 12:53:15 PST 2017,9,0,0,0,Reviewable,NotReviewed,1 cond,1800,60000,Sun Dec 24 12:53:15 PST 2017,https://requester.mturk.com/mturk/manageHIT?HITId=3SBNLSTU6U5F7NCYZOVOJ3X1NG5DZS,3YDTZAI2WXG8ZF6RO4Q4DPE489B14H,2,Submitted,Sat Nov 25 05:45:46 PST 2017,Fri Nov 24 12:53:18 PST 2017,Fri Nov 24 13:05:46 PST 2017,,,,,,[],"""cond1""",undefined,8.95585
2,one_slider_practice,The third dog didn&quotechart jump on the table because he was too small.,0,NA,English,2,Male,33,Thank you for an interesting HIT!,Yes,To study comprehension in adults.,3,Mac,900,1440,Chrome,3SBNLSTU6U5F7NCYZOVOJ3X1NG5DZS,3UFCYGUHNP4CXE3VBIPPD007NZATNX,Judging whether a speaker is right or wrong about a scenario,"In this task you will be watching a short video. At the end of the video, a puppet will make a statement and your goal is to say whether the puppett is right or wrong",language research UCI fun cognitive science university explanations,$1.25,Fri Nov 24 12:53:15 PST 2017,9,0,0,0,Reviewable,NotReviewed,1 cond,1800,60000,Sun Dec 24 12:53:15 PST 2017,https://requester.mturk.com/mturk/manageHIT?HITId=3SBNLSTU6U5F7NCYZOVOJ3X1NG5DZS,3YDTZAI2WXG8ZF6RO4Q4DPE489B14H,2,Submitted,Sat Nov 25 05:45:46 PST 2017,Fri Nov 24 12:53:18 PST 2017,Fri Nov 24 13:05:46 PST 2017,,,,,,[],"""cond1""",undefined,8.95585
2,one_slider,"Both frogs jumped over the fence, but the small frog didn&quotechart jump over the rock.",1,cond2,English,2,Male,33,Thank you for an interesting HIT!,Yes,To study comprehension in adults.,3,Mac,900,1440,Chrome,3SBNLSTU6U5F7NCYZOVOJ3X1NG5DZS,3UFCYGUHNP4CXE3VBIPPD007NZATNX,Judging whether a speaker is right or wrong about a scenario,"In this task you will be watching a short video. At the end of the video, a puppet will make a statement and your goal is to say whether the puppett is right or wrong",language research UCI fun cognitive science university explanations,$1.25,Fri Nov 24 12:53:15 PST 2017,9,0,0,0,Reviewable,NotReviewed,1 cond,1800,60000,Sun Dec 24 12:53:15 PST 2017,https://requester.mturk.com/mturk/manageHIT?HITId=3SBNLSTU6U5F7NCYZOVOJ3X1NG5DZS,3YDTZAI2WXG8ZF6RO4Q4DPE489B14H,2,Submitted,Sat Nov 25 05:45:46 PST 2017,Fri Nov 24 12:53:18 PST 2017,Fri Nov 24 13:05:46 PST 2017,,,,,,[],"""cond1""",undefined,8.95585
2,one_slider,Only two hippos are in the story and drank milk.,0,cond3,English,2,Male,33,Thank you for an interesting HIT!,Yes,To study comprehension in adults.,3,Mac,900,1440,Chrome,3SBNLSTU6U5F7NCYZOVOJ3X1NG5DZS,3UFCYGUHNP4CXE3VBIPPD007NZATNX,Judging whether a speaker is right or wrong about a scenario,"In this task you will be watching a short video. At the end of the video, a puppet will make a statement and your goal is to say whether the puppett is right or wrong",language research UCI fun cognitive science university explanations,$1.25,Fri Nov 24 12:53:15 PST 2017,9,0,0,0,Reviewable,NotReviewed,1 cond,1800,60000,Sun Dec 24 12:53:15 PST 2017,https://requester.mturk.com/mturk/manageHIT?HITId=3SBNLSTU6U5F7NCYZOVOJ3X1NG5DZS,3YDTZAI2WXG8ZF6RO4Q4DPE489B14H,2,Submitted,Sat Nov 25 05:45:46 PST 2017,Fri Nov 24 12:53:18 PST 2017,Fri Nov 24 13:05:46 PST 2017,,,,,,[],"""cond1""",undefined,8.95585
2,one_slider,"All four butterflies went to the forrest, but two didn&quotechart go to the city.",1,cond4,English,2,Male,33,Thank you for an interesting HIT!,Yes,To study comprehension in adults.,3,Mac,900,1440,Chrome,3SBNLSTU6U5F7NCYZOVOJ3X1NG5DZS,3UFCYGUHNP4CXE3VBIPPD007NZATNX,Judging whether a speaker is right or wrong about a scenario,"In this task you will be watching a short video. At the end of the video, a puppet will make a statement and your goal is to say whether the puppett is right or wrong",language research UCI fun cognitive science university explanations,$1.25,Fri Nov 24 12:53:15 PST 2017,9,0,0,0,Reviewable,NotReviewed,1 cond,1800,60000,Sun Dec 24 12:53:15 PST 2017,https://requester.mturk.com/mturk/manageHIT?HITId=3SBNLSTU6U5F7NCYZOVOJ3X1NG5DZS,3YDTZAI2WXG8ZF6RO4Q4DPE489B14H,2,Submitted,Sat Nov 25 05:45:46 PST 2017,Fri Nov 24 12:53:18 PST 2017,Fri Nov 24 13:05:46 PST 2017,,,,,,[],"""cond1""",undefined,8.95585
2,one_slider,"One dog rolled his ball across the table, but the other was scared his would fall off so it didn&quotechart.",0,cond4,English,2,Male,33,Thank you for an interesting HIT!,Yes,To study comprehension in adults.,3,Mac,900,1440,Chrome,3SBNLSTU6U5F7NCYZOVOJ3X1NG5DZS,3UFCYGUHNP4CXE3VBIPPD007NZATNX,Judging whether a speaker is right or wrong about a scenario,"In this task you will be watching a short video. At the end of the video, a puppet will make a statement and your goal is to say whether the puppett is right or wrong",language research UCI fun cognitive science university explanations,$1.25,Fri Nov 24 12:53:15 PST 2017,9,0,0,0,Reviewable,NotReviewed,1 cond,1800,60000,Sun Dec 24 12:53:15 PST 2017,https://requester.mturk.com/mturk/manageHIT?HITId=3SBNLSTU6U5F7NCYZOVOJ3X1NG5DZS,3YDTZAI2WXG8ZF6RO4Q4DPE489B14H,2,Submitted,Sat Nov 25 05:45:46 PST 2017,Fri Nov 24 12:53:18 PST 2017,Fri Nov 24 13:05:46 PST 2017,,,,,,[],"""cond1""",undefined,8.95585
2,one_slider,Two didn&quotechart buy cookies because they didn&quotechart like them.,1,cond3,English,2,Male,33,Thank you for an interesting HIT!,Yes,To study comprehension in adults.,3,Mac,900,1440,Chrome,3SBNLSTU6U5F7NCYZOVOJ3X1NG5DZS,3UFCYGUHNP4CXE3VBIPPD007NZATNX,Judging whether a speaker is right or wrong about a scenario,"In this task you will be watching a short video. At the end of the video, a puppet will make a statement and your goal is to say whether the puppett is right or wrong",language research UCI fun cognitive science university explanations,$1.25,Fri Nov 24 12:53:15 PST 2017,9,0,0,0,Reviewable,NotReviewed,1 cond,1800,60000,Sun Dec 24 12:53:15 PST 2017,https://requester.mturk.com/mturk/manageHIT?HITId=3SBNLSTU6U5F7NCYZOVOJ3X1NG5DZS,3YDTZAI2WXG8ZF6RO4Q4DPE489B14H,2,Submitted,Sat Nov 25 05:45:46 PST 2017,Fri Nov 24 12:53:18 PST 2017,Fri Nov 24 13:05:46 PST 2017,,,,,,[],"""cond1""",undefined,8.95585
2,one_slider,Only two lizzards climbed on the book. The other two thought the book was too high and didn&quotechart climb on it.,0,cond4,English,2,Male,33,Thank you for an interesting HIT!,Yes,To study comprehension in adults.,3,Mac,900,1440,Chrome,3SBNLSTU6U5F7NCYZOVOJ3X1NG5DZS,3UFCYGUHNP4CXE3VBIPPD007NZATNX,Judging whether a speaker is right or wrong about a scenario,"In this task you will be watching a short video. At the end of the video, a puppet will make a statement and your goal is to say whether the puppett is right or wrong",language research UCI fun cognitive science university explanations,$1.25,Fri Nov 24 12:53:15 PST 2017,9,0,0,0,Reviewable,NotReviewed,1 cond,1800,60000,Sun Dec 24 12:53:15 PST 2017,https://requester.mturk.com/mturk/manageHIT?HITId=3SBNLSTU6U5F7NCYZOVOJ3X1NG5DZS,3YDTZAI2WXG8ZF6RO4Q4DPE489B14H,2,Submitted,Sat Nov 25 05:45:46 PST 2017,Fri Nov 24 12:53:18 PST 2017,Fri Nov 24 13:05:46 PST 2017,,,,,,[],"""cond1""",undefined,8.95585
2,one_slider,"One dinosaur ate bugs, but the other didn&quotechart because he didn&quotechart like them.",0,cond1,English,2,Male,33,Thank you for an interesting HIT!,Yes,To study comprehension in adults.,3,Mac,900,1440,Chrome,3SBNLSTU6U5F7NCYZOVOJ3X1NG5DZS,3UFCYGUHNP4CXE3VBIPPD007NZATNX,Judging whether a speaker is right or wrong about a scenario,"In this task you will be watching a short video. At the end of the video, a puppet will make a statement and your goal is to say whether the puppett is right or wrong",language research UCI fun cognitive science university explanations,$1.25,Fri Nov 24 12:53:15 PST 2017,9,0,0,0,Reviewable,NotReviewed,1 cond,1800,60000,Sun Dec 24 12:53:15 PST 2017,https://requester.mturk.com/mturk/manageHIT?HITId=3SBNLSTU6U5F7NCYZOVOJ3X1NG5DZS,3YDTZAI2WXG8ZF6RO4Q4DPE489B14H,2,Submitted,Sat Nov 25 05:45:46 PST 2017,Fri Nov 24 12:53:18 PST 2017,Fri Nov 24 13:05:46 PST 2017,,,,,,[],"""cond1""",undefined,8.95585
3,one_slider_practice,He purchased two cars for 2 cents each.,1,NA,English,2,Male,31,The leveling on the audio recordings was very inconsistent. Had to adjust my volume between trials several times,Yes,I haven&quotechart the slightest clue!,2,Windows,1280,1024,Chrome,3SBNLSTU6U5F7NCYZOVOJ3X1NG5DZS,3UFCYGUHNP4CXE3VBIPPD007NZATNX,Judging whether a speaker is right or wrong about a scenario,"In this task you will be watching a short video. At the end of the video, a puppet will make a statement and your goal is to say whether the puppett is right or wrong",language research UCI fun cognitive science university explanations,$1.25,Fri Nov 24 12:53:15 PST 2017,9,0,0,0,Reviewable,NotReviewed,1 cond,1800,60000,Sun Dec 24 12:53:15 PST 2017,https://requester.mturk.com/mturk/manageHIT?HITId=3SBNLSTU6U5F7NCYZOVOJ3X1NG5DZS,3QAVNHZ3EM40RBQCQFIEA79IYPCAL7,3,Submitted,Sat Nov 25 05:46:11 PST 2017,Fri Nov 24 12:53:19 PST 2017,Fri Nov 24 13:06:11 PST 2017,,,,,,[],"""cond1""",undefined,11.135966666666667
3,one_slider_practice,Only the first two dogs jumped on the table,0,NA,English,2,Male,31,The leveling on the audio recordings was very inconsistent. Had to adjust my volume between trials several times,Yes,I haven&quotechart the slightest clue!,2,Windows,1280,1024,Chrome,3SBNLSTU6U5F7NCYZOVOJ3X1NG5DZS,3UFCYGUHNP4CXE3VBIPPD007NZATNX,Judging whether a speaker is right or wrong about a scenario,"In this task you will be watching a short video. At the end of the video, a puppet will make a statement and your goal is to say whether the puppett is right or wrong",language research UCI fun cognitive science university explanations,$1.25,Fri Nov 24 12:53:15 PST 2017,9,0,0,0,Reviewable,NotReviewed,1 cond,1800,60000,Sun Dec 24 12:53:15 PST 2017,https://requester.mturk.com/mturk/manageHIT?HITId=3SBNLSTU6U5F7NCYZOVOJ3X1NG5DZS,3QAVNHZ3EM40RBQCQFIEA79IYPCAL7,3,Submitted,Sat Nov 25 05:46:11 PST 2017,Fri Nov 24 12:53:19 PST 2017,Fri Nov 24 13:06:11 PST 2017,,,,,,[],"""cond1""",undefined,11.135966666666667
3,one_slider,He&quotechars right except that 4 frogs jumped over the fence,0.8,cond4,English,2,Male,31,The leveling on the audio recordings was very inconsistent. Had to adjust my volume between trials several times,Yes,I haven&quotechart the slightest clue!,2,Windows,1280,1024,Chrome,3SBNLSTU6U5F7NCYZOVOJ3X1NG5DZS,3UFCYGUHNP4CXE3VBIPPD007NZATNX,Judging whether a speaker is right or wrong about a scenario,"In this task you will be watching a short video. At the end of the video, a puppet will make a statement and your goal is to say whether the puppett is right or wrong",language research UCI fun cognitive science university explanations,$1.25,Fri Nov 24 12:53:15 PST 2017,9,0,0,0,Reviewable,NotReviewed,1 cond,1800,60000,Sun Dec 24 12:53:15 PST 2017,https://requester.mturk.com/mturk/manageHIT?HITId=3SBNLSTU6U5F7NCYZOVOJ3X1NG5DZS,3QAVNHZ3EM40RBQCQFIEA79IYPCAL7,3,Submitted,Sat Nov 25 05:46:11 PST 2017,Fri Nov 24 12:53:19 PST 2017,Fri Nov 24 13:06:11 PST 2017,,,,,,[],"""cond1""",undefined,11.135966666666667
3,one_slider,There are only 2 hippos,0,cond3,English,2,Male,31,The leveling on the audio recordings was very inconsistent. Had to adjust my volume between trials several times,Yes,I haven&quotechart the slightest clue!,2,Windows,1280,1024,Chrome,3SBNLSTU6U5F7NCYZOVOJ3X1NG5DZS,3UFCYGUHNP4CXE3VBIPPD007NZATNX,Judging whether a speaker is right or wrong about a scenario,"In this task you will be watching a short video. At the end of the video, a puppet will make a statement and your goal is to say whether the puppett is right or wrong",language research UCI fun cognitive science university explanations,$1.25,Fri Nov 24 12:53:15 PST 2017,9,0,0,0,Reviewable,NotReviewed,1 cond,1800,60000,Sun Dec 24 12:53:15 PST 2017,https://requester.mturk.com/mturk/manageHIT?HITId=3SBNLSTU6U5F7NCYZOVOJ3X1NG5DZS,3QAVNHZ3EM40RBQCQFIEA79IYPCAL7,3,Submitted,Sat Nov 25 05:46:11 PST 2017,Fri Nov 24 12:53:19 PST 2017,Fri Nov 24 13:06:11 PST 2017,,,,,,[],"""cond1""",undefined,11.135966666666667
3,one_slider,It&quotechars true but one still went to the city.,0.84,cond1,English,2,Male,31,The leveling on the audio recordings was very inconsistent. Had to adjust my volume between trials several times,Yes,I haven&quotechart the slightest clue!,2,Windows,1280,1024,Chrome,3SBNLSTU6U5F7NCYZOVOJ3X1NG5DZS,3UFCYGUHNP4CXE3VBIPPD007NZATNX,Judging whether a speaker is right or wrong about a scenario,"In this task you will be watching a short video. At the end of the video, a puppet will make a statement and your goal is to say whether the puppett is right or wrong",language research UCI fun cognitive science university explanations,$1.25,Fri Nov 24 12:53:15 PST 2017,9,0,0,0,Reviewable,NotReviewed,1 cond,1800,60000,Sun Dec 24 12:53:15 PST 2017,https://requester.mturk.com/mturk/manageHIT?HITId=3SBNLSTU6U5F7NCYZOVOJ3X1NG5DZS,3QAVNHZ3EM40RBQCQFIEA79IYPCAL7,3,Submitted,Sat Nov 25 05:46:11 PST 2017,Fri Nov 24 12:53:19 PST 2017,Fri Nov 24 13:06:11 PST 2017,,,,,,[],"""cond1""",undefined,11.135966666666667
3,one_slider,One dog rolled his ball,0,cond2,English,2,Male,31,The leveling on the audio recordings was very inconsistent. Had to adjust my volume between trials several times,Yes,I haven&quotechart the slightest clue!,2,Windows,1280,1024,Chrome,3SBNLSTU6U5F7NCYZOVOJ3X1NG5DZS,3UFCYGUHNP4CXE3VBIPPD007NZATNX,Judging whether a speaker is right or wrong about a scenario,"In this task you will be watching a short video. At the end of the video, a puppet will make a statement and your goal is to say whether the puppett is right or wrong",language research UCI fun cognitive science university explanations,$1.25,Fri Nov 24 12:53:15 PST 2017,9,0,0,0,Reviewable,NotReviewed,1 cond,1800,60000,Sun Dec 24 12:53:15 PST 2017,https://requester.mturk.com/mturk/manageHIT?HITId=3SBNLSTU6U5F7NCYZOVOJ3X1NG5DZS,3QAVNHZ3EM40RBQCQFIEA79IYPCAL7,3,Submitted,Sat Nov 25 05:46:11 PST 2017,Fri Nov 24 12:53:19 PST 2017,Fri Nov 24 13:06:11 PST 2017,,,,,,[],"""cond1""",undefined,11.135966666666667
3,one_slider,Not really... 4 lions bought 4 eggs each.,0.3,cond4,English,2,Male,31,The leveling on the audio recordings was very inconsistent. Had to adjust my volume between trials several times,Yes,I haven&quotechart the slightest clue!,2,Windows,1280,1024,Chrome,3SBNLSTU6U5F7NCYZOVOJ3X1NG5DZS,3UFCYGUHNP4CXE3VBIPPD007NZATNX,Judging whether a speaker is right or wrong about a scenario,"In this task you will be watching a short video. At the end of the video, a puppet will make a statement and your goal is to say whether the puppett is right or wrong",language research UCI fun cognitive science university explanations,$1.25,Fri Nov 24 12:53:15 PST 2017,9,0,0,0,Reviewable,NotReviewed,1 cond,1800,60000,Sun Dec 24 12:53:15 PST 2017,https://requester.mturk.com/mturk/manageHIT?HITId=3SBNLSTU6U5F7NCYZOVOJ3X1NG5DZS,3QAVNHZ3EM40RBQCQFIEA79IYPCAL7,3,Submitted,Sat Nov 25 05:46:11 PST 2017,Fri Nov 24 12:53:19 PST 2017,Fri Nov 24 13:06:11 PST 2017,,,,,,[],"""cond1""",undefined,11.135966666666667
3,one_slider,"No, only 2 lizards climbed on the book",0,cond2,English,2,Male,31,The leveling on the audio recordings was very inconsistent. Had to adjust my volume between trials several times,Yes,I haven&quotechart the slightest clue!,2,Windows,1280,1024,Chrome,3SBNLSTU6U5F7NCYZOVOJ3X1NG5DZS,3UFCYGUHNP4CXE3VBIPPD007NZATNX,Judging whether a speaker is right or wrong about a scenario,"In this task you will be watching a short video. At the end of the video, a puppet will make a statement and your goal is to say whether the puppett is right or wrong",language research UCI fun cognitive science university explanations,$1.25,Fri Nov 24 12:53:15 PST 2017,9,0,0,0,Reviewable,NotReviewed,1 cond,1800,60000,Sun Dec 24 12:53:15 PST 2017,https://requester.mturk.com/mturk/manageHIT?HITId=3SBNLSTU6U5F7NCYZOVOJ3X1NG5DZS,3QAVNHZ3EM40RBQCQFIEA79IYPCAL7,3,Submitted,Sat Nov 25 05:46:11 PST 2017,Fri Nov 24 12:53:19 PST 2017,Fri Nov 24 13:06:11 PST 2017,,,,,,[],"""cond1""",undefined,11.135966666666667
3,one_slider,One dinosaur ate bugs.,0,cond1,English,2,Male,31,The leveling on the audio recordings was very inconsistent. Had to adjust my volume between trials several times,Yes,I haven&quotechart the slightest clue!,2,Windows,1280,1024,Chrome,3SBNLSTU6U5F7NCYZOVOJ3X1NG5DZS,3UFCYGUHNP4CXE3VBIPPD007NZATNX,Judging whether a speaker is right or wrong about a scenario,"In this task you will be watching a short video. At the end of the video, a puppet will make a statement and your goal is to say whether the puppett is right or wrong",language research UCI fun cognitive science university explanations,$1.25,Fri Nov 24 12:53:15 PST 2017,9,0,0,0,Reviewable,NotReviewed,1 cond,1800,60000,Sun Dec 24 12:53:15 PST 2017,https://requester.mturk.com/mturk/manageHIT?HITId=3SBNLSTU6U5F7NCYZOVOJ3X1NG5DZS,3QAVNHZ3EM40RBQCQFIEA79IYPCAL7,3,Submitted,Sat Nov 25 05:46:11 PST 2017,Fri Nov 24 12:53:19 PST 2017,Fri Nov 24 13:06:11 PST 2017,,,,,,[],"""cond1""",undefined,11.135966666666667
4,one_slider_practice,he used his pennies to get 2 cars ,0.99,NA,english,2,Female,31,,Yes,I am not sure but it was fun,3,Windows,768,1366,Chrome,3SBNLSTU6U5F7NCYZOVOJ3X1NG5DZS,3UFCYGUHNP4CXE3VBIPPD007NZATNX,Judging whether a speaker is right or wrong about a scenario,"In this task you will be watching a short video. At the end of the video, a puppet will make a statement and your goal is to say whether the puppett is right or wrong",language research UCI fun cognitive science university explanations,$1.25,Fri Nov 24 12:53:15 PST 2017,9,0,0,0,Reviewable,NotReviewed,1 cond,1800,60000,Sun Dec 24 12:53:15 PST 2017,https://requester.mturk.com/mturk/manageHIT?HITId=3SBNLSTU6U5F7NCYZOVOJ3X1NG5DZS,3F0BG9B9MPN288ZD2RVKUO9O6WA7Y5,4,Submitted,Sat Nov 25 05:49:48 PST 2017,Fri Nov 24 12:53:20 PST 2017,Fri Nov 24 13:09:48 PST 2017,,,,,,[],"""cond3""",undefined,8.839366666666667
4,one_slider_practice,one dog was too small to jump,0.02,NA,english,2,Female,31,,Yes,I am not sure but it was fun,3,Windows,768,1366,Chrome,3SBNLSTU6U5F7NCYZOVOJ3X1NG5DZS,3UFCYGUHNP4CXE3VBIPPD007NZATNX,Judging whether a speaker is right or wrong about a scenario,"In this task you will be watching a short video. At the end of the video, a puppet will make a statement and your goal is to say whether the puppett is right or wrong",language research UCI fun cognitive science university explanations,$1.25,Fri Nov 24 12:53:15 PST 2017,9,0,0,0,Reviewable,NotReviewed,1 cond,1800,60000,Sun Dec 24 12:53:15 PST 2017,https://requester.mturk.com/mturk/manageHIT?HITId=3SBNLSTU6U5F7NCYZOVOJ3X1NG5DZS,3F0BG9B9MPN288ZD2RVKUO9O6WA7Y5,4,Submitted,Sat Nov 25 05:49:48 PST 2017,Fri Nov 24 12:53:20 PST 2017,Fri Nov 24 13:09:48 PST 2017,,,,,,[],"""cond3""",undefined,8.839366666666667
4,one_slider,2 were big so they jumped and 2 were too small to jump so they did not,1,cond4,english,2,Female,31,,Yes,I am not sure but it was fun,3,Windows,768,1366,Chrome,3SBNLSTU6U5F7NCYZOVOJ3X1NG5DZS,3UFCYGUHNP4CXE3VBIPPD007NZATNX,Judging whether a speaker is right or wrong about a scenario,"In this task you will be watching a short video. At the end of the video, a puppet will make a statement and your goal is to say whether the puppett is right or wrong",language research UCI fun cognitive science university explanations,$1.25,Fri Nov 24 12:53:15 PST 2017,9,0,0,0,Reviewable,NotReviewed,1 cond,1800,60000,Sun Dec 24 12:53:15 PST 2017,https://requester.mturk.com/mturk/manageHIT?HITId=3SBNLSTU6U5F7NCYZOVOJ3X1NG5DZS,3F0BG9B9MPN288ZD2RVKUO9O6WA7Y5,4,Submitted,Sat Nov 25 05:49:48 PST 2017,Fri Nov 24 12:53:20 PST 2017,Fri Nov 24 13:09:48 PST 2017,,,,,,[],"""cond3""",undefined,8.839366666666667
4,one_slider,there are only 2 hippos in this scenario ,0.01,cond4,english,2,Female,31,,Yes,I am not sure but it was fun,3,Windows,768,1366,Chrome,3SBNLSTU6U5F7NCYZOVOJ3X1NG5DZS,3UFCYGUHNP4CXE3VBIPPD007NZATNX,Judging whether a speaker is right or wrong about a scenario,"In this task you will be watching a short video. At the end of the video, a puppet will make a statement and your goal is to say whether the puppett is right or wrong",language research UCI fun cognitive science university explanations,$1.25,Fri Nov 24 12:53:15 PST 2017,9,0,0,0,Reviewable,NotReviewed,1 cond,1800,60000,Sun Dec 24 12:53:15 PST 2017,https://requester.mturk.com/mturk/manageHIT?HITId=3SBNLSTU6U5F7NCYZOVOJ3X1NG5DZS,3F0BG9B9MPN288ZD2RVKUO9O6WA7Y5,4,Submitted,Sat Nov 25 05:49:48 PST 2017,Fri Nov 24 12:53:20 PST 2017,Fri Nov 24 13:09:48 PST 2017,,,,,,[],"""cond3""",undefined,8.839366666666667
4,one_slider,only one went to the city,0.99,cond2,english,2,Female,31,,Yes,I am not sure but it was fun,3,Windows,768,1366,Chrome,3SBNLSTU6U5F7NCYZOVOJ3X1NG5DZS,3UFCYGUHNP4CXE3VBIPPD007NZATNX,Judging whether a speaker is right or wrong about a scenario,"In this task you will be watching a short video. At the end of the video, a puppet will make a statement and your goal is to say whether the puppett is right or wrong",language research UCI fun cognitive science university explanations,$1.25,Fri Nov 24 12:53:15 PST 2017,9,0,0,0,Reviewable,NotReviewed,1 cond,1800,60000,Sun Dec 24 12:53:15 PST 2017,https://requester.mturk.com/mturk/manageHIT?HITId=3SBNLSTU6U5F7NCYZOVOJ3X1NG5DZS,3F0BG9B9MPN288ZD2RVKUO9O6WA7Y5,4,Submitted,Sat Nov 25 05:49:48 PST 2017,Fri Nov 24 12:53:20 PST 2017,Fri Nov 24 13:09:48 PST 2017,,,,,,[],"""cond3""",undefined,8.839366666666667
4,one_slider,the first dog rolled its ball ,0.02,cond3,english,2,Female,31,,Yes,I am not sure but it was fun,3,Windows,768,1366,Chrome,3SBNLSTU6U5F7NCYZOVOJ3X1NG5DZS,3UFCYGUHNP4CXE3VBIPPD007NZATNX,Judging whether a speaker is right or wrong about a scenario,"In this task you will be watching a short video. At the end of the video, a puppet will make a statement and your goal is to say whether the puppett is right or wrong",language research UCI fun cognitive science university explanations,$1.25,Fri Nov 24 12:53:15 PST 2017,9,0,0,0,Reviewable,NotReviewed,1 cond,1800,60000,Sun Dec 24 12:53:15 PST 2017,https://requester.mturk.com/mturk/manageHIT?HITId=3SBNLSTU6U5F7NCYZOVOJ3X1NG5DZS,3F0BG9B9MPN288ZD2RVKUO9O6WA7Y5,4,Submitted,Sat Nov 25 05:49:48 PST 2017,Fri Nov 24 12:53:20 PST 2017,Fri Nov 24 13:09:48 PST 2017,,,,,,[],"""cond3""",undefined,8.839366666666667
4,one_slider,the 2 lions did not buy a cookie or egg ,0.99,cond3,english,2,Female,31,,Yes,I am not sure but it was fun,3,Windows,768,1366,Chrome,3SBNLSTU6U5F7NCYZOVOJ3X1NG5DZS,3UFCYGUHNP4CXE3VBIPPD007NZATNX,Judging whether a speaker is right or wrong about a scenario,"In this task you will be watching a short video. At the end of the video, a puppet will make a statement and your goal is to say whether the puppett is right or wrong",language research UCI fun cognitive science university explanations,$1.25,Fri Nov 24 12:53:15 PST 2017,9,0,0,0,Reviewable,NotReviewed,1 cond,1800,60000,Sun Dec 24 12:53:15 PST 2017,https://requester.mturk.com/mturk/manageHIT?HITId=3SBNLSTU6U5F7NCYZOVOJ3X1NG5DZS,3F0BG9B9MPN288ZD2RVKUO9O6WA7Y5,4,Submitted,Sat Nov 25 05:49:48 PST 2017,Fri Nov 24 12:53:20 PST 2017,Fri Nov 24 13:09:48 PST 2017,,,,,,[],"""cond3""",undefined,8.839366666666667
4,one_slider,only 2 clime on the book and the other two thought that the book is too high ,0.02,cond3,english,2,Female,31,,Yes,I am not sure but it was fun,3,Windows,768,1366,Chrome,3SBNLSTU6U5F7NCYZOVOJ3X1NG5DZS,3UFCYGUHNP4CXE3VBIPPD007NZATNX,Judging whether a speaker is right or wrong about a scenario,"In this task you will be watching a short video. At the end of the video, a puppet will make a statement and your goal is to say whether the puppett is right or wrong",language research UCI fun cognitive science university explanations,$1.25,Fri Nov 24 12:53:15 PST 2017,9,0,0,0,Reviewable,NotReviewed,1 cond,1800,60000,Sun Dec 24 12:53:15 PST 2017,https://requester.mturk.com/mturk/manageHIT?HITId=3SBNLSTU6U5F7NCYZOVOJ3X1NG5DZS,3F0BG9B9MPN288ZD2RVKUO9O6WA7Y5,4,Submitted,Sat Nov 25 05:49:48 PST 2017,Fri Nov 24 12:53:20 PST 2017,Fri Nov 24 13:09:48 PST 2017,,,,,,[],"""cond3""",undefined,8.839366666666667
4,one_slider,they did not like the bugs nor the fish ,0.98,cond3,english,2,Female,31,,Yes,I am not sure but it was fun,3,Windows,768,1366,Chrome,3SBNLSTU6U5F7NCYZOVOJ3X1NG5DZS,3UFCYGUHNP4CXE3VBIPPD007NZATNX,Judging whether a speaker is right or wrong about a scenario,"In this task you will be watching a short video. At the end of the video, a puppet will make a statement and your goal is to say whether the puppett is right or wrong",language research UCI fun cognitive science university explanations,$1.25,Fri Nov 24 12:53:15 PST 2017,9,0,0,0,Reviewable,NotReviewed,1 cond,1800,60000,Sun Dec 24 12:53:15 PST 2017,https://requester.mturk.com/mturk/manageHIT?HITId=3SBNLSTU6U5F7NCYZOVOJ3X1NG5DZS,3F0BG9B9MPN288ZD2RVKUO9O6WA7Y5,4,Submitted,Sat Nov 25 05:49:48 PST 2017,Fri Nov 24 12:53:20 PST 2017,Fri Nov 24 13:09:48 PST 2017,,,,,,[],"""cond3""",undefined,8.839366666666667
5,one_slider_practice,it bought two cars,0.98,NA,english,1,Male,34,,Yes,not sure,3,Mac,900,1440,Firefox,3SBNLSTU6U5F7NCYZOVOJ3X1NG5DZS,3UFCYGUHNP4CXE3VBIPPD007NZATNX,Judging whether a speaker is right or wrong about a scenario,"In this task you will be watching a short video. At the end of the video, a puppet will make a statement and your goal is to say whether the puppett is right or wrong",language research UCI fun cognitive science university explanations,$1.25,Fri Nov 24 12:53:15 PST 2017,9,0,0,0,Reviewable,NotReviewed,1 cond,1800,60000,Sun Dec 24 12:53:15 PST 2017,https://requester.mturk.com/mturk/manageHIT?HITId=3SBNLSTU6U5F7NCYZOVOJ3X1NG5DZS,3A9AA95ATWMTCQTTNBK4JD2GBLC5PU,5,Submitted,Sat Nov 25 05:50:36 PST 2017,Fri Nov 24 12:53:17 PST 2017,Fri Nov 24 13:10:36 PST 2017,,,,,,[],"""cond4""",undefined,7.645466666666667
5,one_slider_practice,they didnt all jump on the table,0,NA,english,1,Male,34,,Yes,not sure,3,Mac,900,1440,Firefox,3SBNLSTU6U5F7NCYZOVOJ3X1NG5DZS,3UFCYGUHNP4CXE3VBIPPD007NZATNX,Judging whether a speaker is right or wrong about a scenario,"In this task you will be watching a short video. At the end of the video, a puppet will make a statement and your goal is to say whether the puppett is right or wrong",language research UCI fun cognitive science university explanations,$1.25,Fri Nov 24 12:53:15 PST 2017,9,0,0,0,Reviewable,NotReviewed,1 cond,1800,60000,Sun Dec 24 12:53:15 PST 2017,https://requester.mturk.com/mturk/manageHIT?HITId=3SBNLSTU6U5F7NCYZOVOJ3X1NG5DZS,3A9AA95ATWMTCQTTNBK4JD2GBLC5PU,5,Submitted,Sat Nov 25 05:50:36 PST 2017,Fri Nov 24 12:53:17 PST 2017,Fri Nov 24 13:10:36 PST 2017,,,,,,[],"""cond4""",undefined,7.645466666666667
5,one_slider,they both jumped over the fence but the second didnt jump over the rock ,0.89,cond2,english,1,Male,34,,Yes,not sure,3,Mac,900,1440,Firefox,3SBNLSTU6U5F7NCYZOVOJ3X1NG5DZS,3UFCYGUHNP4CXE3VBIPPD007NZATNX,Judging whether a speaker is right or wrong about a scenario,"In this task you will be watching a short video. At the end of the video, a puppet will make a statement and your goal is to say whether the puppett is right or wrong",language research UCI fun cognitive science university explanations,$1.25,Fri Nov 24 12:53:15 PST 2017,9,0,0,0,Reviewable,NotReviewed,1 cond,1800,60000,Sun Dec 24 12:53:15 PST 2017,https://requester.mturk.com/mturk/manageHIT?HITId=3SBNLSTU6U5F7NCYZOVOJ3X1NG5DZS,3A9AA95ATWMTCQTTNBK4JD2GBLC5PU,5,Submitted,Sat Nov 25 05:50:36 PST 2017,Fri Nov 24 12:53:17 PST 2017,Fri Nov 24 13:10:36 PST 2017,,,,,,[],"""cond4""",undefined,7.645466666666667
5,one_slider,according to the scenario only two did,0.22,cond3,english,1,Male,34,,Yes,not sure,3,Mac,900,1440,Firefox,3SBNLSTU6U5F7NCYZOVOJ3X1NG5DZS,3UFCYGUHNP4CXE3VBIPPD007NZATNX,Judging whether a speaker is right or wrong about a scenario,"In this task you will be watching a short video. At the end of the video, a puppet will make a statement and your goal is to say whether the puppett is right or wrong",language research UCI fun cognitive science university explanations,$1.25,Fri Nov 24 12:53:15 PST 2017,9,0,0,0,Reviewable,NotReviewed,1 cond,1800,60000,Sun Dec 24 12:53:15 PST 2017,https://requester.mturk.com/mturk/manageHIT?HITId=3SBNLSTU6U5F7NCYZOVOJ3X1NG5DZS,3A9AA95ATWMTCQTTNBK4JD2GBLC5PU,5,Submitted,Sat Nov 25 05:50:36 PST 2017,Fri Nov 24 12:53:17 PST 2017,Fri Nov 24 13:10:36 PST 2017,,,,,,[],"""cond4""",undefined,7.645466666666667
5,one_slider,the same two butterflies that went to the forest didn&quotechart go to the city,0.92,cond4,english,1,Male,34,,Yes,not sure,3,Mac,900,1440,Firefox,3SBNLSTU6U5F7NCYZOVOJ3X1NG5DZS,3UFCYGUHNP4CXE3VBIPPD007NZATNX,Judging whether a speaker is right or wrong about a scenario,"In this task you will be watching a short video. At the end of the video, a puppet will make a statement and your goal is to say whether the puppett is right or wrong",language research UCI fun cognitive science university explanations,$1.25,Fri Nov 24 12:53:15 PST 2017,9,0,0,0,Reviewable,NotReviewed,1 cond,1800,60000,Sun Dec 24 12:53:15 PST 2017,https://requester.mturk.com/mturk/manageHIT?HITId=3SBNLSTU6U5F7NCYZOVOJ3X1NG5DZS,3A9AA95ATWMTCQTTNBK4JD2GBLC5PU,5,Submitted,Sat Nov 25 05:50:36 PST 2017,Fri Nov 24 12:53:17 PST 2017,Fri Nov 24 13:10:36 PST 2017,,,,,,[],"""cond4""",undefined,7.645466666666667
5,one_slider,the first one did,0.06,cond1,english,1,Male,34,,Yes,not sure,3,Mac,900,1440,Firefox,3SBNLSTU6U5F7NCYZOVOJ3X1NG5DZS,3UFCYGUHNP4CXE3VBIPPD007NZATNX,Judging whether a speaker is right or wrong about a scenario,"In this task you will be watching a short video. At the end of the video, a puppet will make a statement and your goal is to say whether the puppett is right or wrong",language research UCI fun cognitive science university explanations,$1.25,Fri Nov 24 12:53:15 PST 2017,9,0,0,0,Reviewable,NotReviewed,1 cond,1800,60000,Sun Dec 24 12:53:15 PST 2017,https://requester.mturk.com/mturk/manageHIT?HITId=3SBNLSTU6U5F7NCYZOVOJ3X1NG5DZS,3A9AA95ATWMTCQTTNBK4JD2GBLC5PU,5,Submitted,Sat Nov 25 05:50:36 PST 2017,Fri Nov 24 12:53:17 PST 2017,Fri Nov 24 13:10:36 PST 2017,,,,,,[],"""cond4""",undefined,7.645466666666667
5,one_slider,"of the two in the scenario, the first one did",0.24,cond1,english,1,Male,34,,Yes,not sure,3,Mac,900,1440,Firefox,3SBNLSTU6U5F7NCYZOVOJ3X1NG5DZS,3UFCYGUHNP4CXE3VBIPPD007NZATNX,Judging whether a speaker is right or wrong about a scenario,"In this task you will be watching a short video. At the end of the video, a puppet will make a statement and your goal is to say whether the puppett is right or wrong",language research UCI fun cognitive science university explanations,$1.25,Fri Nov 24 12:53:15 PST 2017,9,0,0,0,Reviewable,NotReviewed,1 cond,1800,60000,Sun Dec 24 12:53:15 PST 2017,https://requester.mturk.com/mturk/manageHIT?HITId=3SBNLSTU6U5F7NCYZOVOJ3X1NG5DZS,3A9AA95ATWMTCQTTNBK4JD2GBLC5PU,5,Submitted,Sat Nov 25 05:50:36 PST 2017,Fri Nov 24 12:53:17 PST 2017,Fri Nov 24 13:10:36 PST 2017,,,,,,[],"""cond4""",undefined,7.645466666666667
5,one_slider,only two did,0.14,cond1,english,1,Male,34,,Yes,not sure,3,Mac,900,1440,Firefox,3SBNLSTU6U5F7NCYZOVOJ3X1NG5DZS,3UFCYGUHNP4CXE3VBIPPD007NZATNX,Judging whether a speaker is right or wrong about a scenario,"In this task you will be watching a short video. At the end of the video, a puppet will make a statement and your goal is to say whether the puppett is right or wrong",language research UCI fun cognitive science university explanations,$1.25,Fri Nov 24 12:53:15 PST 2017,9,0,0,0,Reviewable,NotReviewed,1 cond,1800,60000,Sun Dec 24 12:53:15 PST 2017,https://requester.mturk.com/mturk/manageHIT?HITId=3SBNLSTU6U5F7NCYZOVOJ3X1NG5DZS,3A9AA95ATWMTCQTTNBK4JD2GBLC5PU,5,Submitted,Sat Nov 25 05:50:36 PST 2017,Fri Nov 24 12:53:17 PST 2017,Fri Nov 24 13:10:36 PST 2017,,,,,,[],"""cond4""",undefined,7.645466666666667
5,one_slider,two of the first who ate the fish didn&quotechart eat the bugs,0.77,cond4,english,1,Male,34,,Yes,not sure,3,Mac,900,1440,Firefox,3SBNLSTU6U5F7NCYZOVOJ3X1NG5DZS,3UFCYGUHNP4CXE3VBIPPD007NZATNX,Judging whether a speaker is right or wrong about a scenario,"In this task you will be watching a short video. At the end of the video, a puppet will make a statement and your goal is to say whether the puppett is right or wrong",language research UCI fun cognitive science university explanations,$1.25,Fri Nov 24 12:53:15 PST 2017,9,0,0,0,Reviewable,NotReviewed,1 cond,1800,60000,Sun Dec 24 12:53:15 PST 2017,https://requester.mturk.com/mturk/manageHIT?HITId=3SBNLSTU6U5F7NCYZOVOJ3X1NG5DZS,3A9AA95ATWMTCQTTNBK4JD2GBLC5PU,5,Submitted,Sat Nov 25 05:50:36 PST 2017,Fri Nov 24 12:53:17 PST 2017,Fri Nov 24 13:10:36 PST 2017,,,,,,[],"""cond4""",undefined,7.645466666666667
6,one_slider_practice,He bought 2,0.84,NA,english,2,Female,24,good experiement,Yes,To see if we remember things,1,Windows,1080,1920,Chrome,3SBNLSTU6U5F7NCYZOVOJ3X1NG5DZS,3UFCYGUHNP4CXE3VBIPPD007NZATNX,Judging whether a speaker is right or wrong about a scenario,"In this task you will be watching a short video. At the end of the video, a puppet will make a statement and your goal is to say whether the puppett is right or wrong",language research UCI fun cognitive science university explanations,$1.25,Fri Nov 24 12:53:15 PST 2017,9,0,0,0,Reviewable,NotReviewed,1 cond,1800,60000,Sun Dec 24 12:53:15 PST 2017,https://requester.mturk.com/mturk/manageHIT?HITId=3SBNLSTU6U5F7NCYZOVOJ3X1NG5DZS,3GNA64GUZE4EC2U8NOZTJISQGHY5QL,6,Submitted,Sat Nov 25 05:50:38 PST 2017,Fri Nov 24 12:53:19 PST 2017,Fri Nov 24 13:10:38 PST 2017,,,,,,[],"""cond1""",undefined,6.584133333333333
6,one_slider_practice,"They didn&quotechart
",0.13,NA,english,2,Female,24,good experiement,Yes,To see if we remember things,1,Windows,1080,1920,Chrome,3SBNLSTU6U5F7NCYZOVOJ3X1NG5DZS,3UFCYGUHNP4CXE3VBIPPD007NZATNX,Judging whether a speaker is right or wrong about a scenario,"In this task you will be watching a short video. At the end of the video, a puppet will make a statement and your goal is to say whether the puppett is right or wrong",language research UCI fun cognitive science university explanations,$1.25,Fri Nov 24 12:53:15 PST 2017,9,0,0,0,Reviewable,NotReviewed,1 cond,1800,60000,Sun Dec 24 12:53:15 PST 2017,https://requester.mturk.com/mturk/manageHIT?HITId=3SBNLSTU6U5F7NCYZOVOJ3X1NG5DZS,3GNA64GUZE4EC2U8NOZTJISQGHY5QL,6,Submitted,Sat Nov 25 05:50:38 PST 2017,Fri Nov 24 12:53:19 PST 2017,Fri Nov 24 13:10:38 PST 2017,,,,,,[],"""cond1""",undefined,6.584133333333333
6,one_slider,all frogs jumped over the fence,0,cond4,english,2,Female,24,good experiement,Yes,To see if we remember things,1,Windows,1080,1920,Chrome,3SBNLSTU6U5F7NCYZOVOJ3X1NG5DZS,3UFCYGUHNP4CXE3VBIPPD007NZATNX,Judging whether a speaker is right or wrong about a scenario,"In this task you will be watching a short video. At the end of the video, a puppet will make a statement and your goal is to say whether the puppett is right or wrong",language research UCI fun cognitive science university explanations,$1.25,Fri Nov 24 12:53:15 PST 2017,9,0,0,0,Reviewable,NotReviewed,1 cond,1800,60000,Sun Dec 24 12:53:15 PST 2017,https://requester.mturk.com/mturk/manageHIT?HITId=3SBNLSTU6U5F7NCYZOVOJ3X1NG5DZS,3GNA64GUZE4EC2U8NOZTJISQGHY5QL,6,Submitted,Sat Nov 25 05:50:38 PST 2017,Fri Nov 24 12:53:19 PST 2017,Fri Nov 24 13:10:38 PST 2017,,,,,,[],"""cond1""",undefined,6.584133333333333
6,one_slider,2 hippos drank milk,0,cond4,english,2,Female,24,good experiement,Yes,To see if we remember things,1,Windows,1080,1920,Chrome,3SBNLSTU6U5F7NCYZOVOJ3X1NG5DZS,3UFCYGUHNP4CXE3VBIPPD007NZATNX,Judging whether a speaker is right or wrong about a scenario,"In this task you will be watching a short video. At the end of the video, a puppet will make a statement and your goal is to say whether the puppett is right or wrong",language research UCI fun cognitive science university explanations,$1.25,Fri Nov 24 12:53:15 PST 2017,9,0,0,0,Reviewable,NotReviewed,1 cond,1800,60000,Sun Dec 24 12:53:15 PST 2017,https://requester.mturk.com/mturk/manageHIT?HITId=3SBNLSTU6U5F7NCYZOVOJ3X1NG5DZS,3GNA64GUZE4EC2U8NOZTJISQGHY5QL,6,Submitted,Sat Nov 25 05:50:38 PST 2017,Fri Nov 24 12:53:19 PST 2017,Fri Nov 24 13:10:38 PST 2017,,,,,,[],"""cond1""",undefined,6.584133333333333
6,one_slider,"4 went to the forest, but only 2 went to the city",0.51,cond4,english,2,Female,24,good experiement,Yes,To see if we remember things,1,Windows,1080,1920,Chrome,3SBNLSTU6U5F7NCYZOVOJ3X1NG5DZS,3UFCYGUHNP4CXE3VBIPPD007NZATNX,Judging whether a speaker is right or wrong about a scenario,"In this task you will be watching a short video. At the end of the video, a puppet will make a statement and your goal is to say whether the puppett is right or wrong",language research UCI fun cognitive science university explanations,$1.25,Fri Nov 24 12:53:15 PST 2017,9,0,0,0,Reviewable,NotReviewed,1 cond,1800,60000,Sun Dec 24 12:53:15 PST 2017,https://requester.mturk.com/mturk/manageHIT?HITId=3SBNLSTU6U5F7NCYZOVOJ3X1NG5DZS,3GNA64GUZE4EC2U8NOZTJISQGHY5QL,6,Submitted,Sat Nov 25 05:50:38 PST 2017,Fri Nov 24 12:53:19 PST 2017,Fri Nov 24 13:10:38 PST 2017,,,,,,[],"""cond1""",undefined,6.584133333333333
6,one_slider,One dog rolled its ball,0.05,cond3,english,2,Female,24,good experiement,Yes,To see if we remember things,1,Windows,1080,1920,Chrome,3SBNLSTU6U5F7NCYZOVOJ3X1NG5DZS,3UFCYGUHNP4CXE3VBIPPD007NZATNX,Judging whether a speaker is right or wrong about a scenario,"In this task you will be watching a short video. At the end of the video, a puppet will make a statement and your goal is to say whether the puppett is right or wrong",language research UCI fun cognitive science university explanations,$1.25,Fri Nov 24 12:53:15 PST 2017,9,0,0,0,Reviewable,NotReviewed,1 cond,1800,60000,Sun Dec 24 12:53:15 PST 2017,https://requester.mturk.com/mturk/manageHIT?HITId=3SBNLSTU6U5F7NCYZOVOJ3X1NG5DZS,3GNA64GUZE4EC2U8NOZTJISQGHY5QL,6,Submitted,Sat Nov 25 05:50:38 PST 2017,Fri Nov 24 12:53:19 PST 2017,Fri Nov 24 13:10:38 PST 2017,,,,,,[],"""cond1""",undefined,6.584133333333333
6,one_slider,"4 lions bought an egg, but only 2 bought a cookie",0.26,cond4,english,2,Female,24,good experiement,Yes,To see if we remember things,1,Windows,1080,1920,Chrome,3SBNLSTU6U5F7NCYZOVOJ3X1NG5DZS,3UFCYGUHNP4CXE3VBIPPD007NZATNX,Judging whether a speaker is right or wrong about a scenario,"In this task you will be watching a short video. At the end of the video, a puppet will make a statement and your goal is to say whether the puppett is right or wrong",language research UCI fun cognitive science university explanations,$1.25,Fri Nov 24 12:53:15 PST 2017,9,0,0,0,Reviewable,NotReviewed,1 cond,1800,60000,Sun Dec 24 12:53:15 PST 2017,https://requester.mturk.com/mturk/manageHIT?HITId=3SBNLSTU6U5F7NCYZOVOJ3X1NG5DZS,3GNA64GUZE4EC2U8NOZTJISQGHY5QL,6,Submitted,Sat Nov 25 05:50:38 PST 2017,Fri Nov 24 12:53:19 PST 2017,Fri Nov 24 13:10:38 PST 2017,,,,,,[],"""cond1""",undefined,6.584133333333333
6,one_slider,2 lizards jumped on the book,0.02,cond3,english,2,Female,24,good experiement,Yes,To see if we remember things,1,Windows,1080,1920,Chrome,3SBNLSTU6U5F7NCYZOVOJ3X1NG5DZS,3UFCYGUHNP4CXE3VBIPPD007NZATNX,Judging whether a speaker is right or wrong about a scenario,"In this task you will be watching a short video. At the end of the video, a puppet will make a statement and your goal is to say whether the puppett is right or wrong",language research UCI fun cognitive science university explanations,$1.25,Fri Nov 24 12:53:15 PST 2017,9,0,0,0,Reviewable,NotReviewed,1 cond,1800,60000,Sun Dec 24 12:53:15 PST 2017,https://requester.mturk.com/mturk/manageHIT?HITId=3SBNLSTU6U5F7NCYZOVOJ3X1NG5DZS,3GNA64GUZE4EC2U8NOZTJISQGHY5QL,6,Submitted,Sat Nov 25 05:50:38 PST 2017,Fri Nov 24 12:53:19 PST 2017,Fri Nov 24 13:10:38 PST 2017,,,,,,[],"""cond1""",undefined,6.584133333333333
6,one_slider,they didnt,0.85,cond1,english,2,Female,24,good experiement,Yes,To see if we remember things,1,Windows,1080,1920,Chrome,3SBNLSTU6U5F7NCYZOVOJ3X1NG5DZS,3UFCYGUHNP4CXE3VBIPPD007NZATNX,Judging whether a speaker is right or wrong about a scenario,"In this task you will be watching a short video. At the end of the video, a puppet will make a statement and your goal is to say whether the puppett is right or wrong",language research UCI fun cognitive science university explanations,$1.25,Fri Nov 24 12:53:15 PST 2017,9,0,0,0,Reviewable,NotReviewed,1 cond,1800,60000,Sun Dec 24 12:53:15 PST 2017,https://requester.mturk.com/mturk/manageHIT?HITId=3SBNLSTU6U5F7NCYZOVOJ3X1NG5DZS,3GNA64GUZE4EC2U8NOZTJISQGHY5QL,6,Submitted,Sat Nov 25 05:50:38 PST 2017,Fri Nov 24 12:53:19 PST 2017,Fri Nov 24 13:10:38 PST 2017,,,,,,[],"""cond1""",undefined,6.584133333333333
7,one_slider_practice,Because he did,0.99,NA,English,1,Male,66,it was different,Yes,language interpretation,3,Windows,768,1024,Chrome,3SBNLSTU6U5F7NCYZOVOJ3X1NG5DZS,3UFCYGUHNP4CXE3VBIPPD007NZATNX,Judging whether a speaker is right or wrong about a scenario,"In this task you will be watching a short video. At the end of the video, a puppet will make a statement and your goal is to say whether the puppett is right or wrong",language research UCI fun cognitive science university explanations,$1.25,Fri Nov 24 12:53:15 PST 2017,9,0,0,0,Reviewable,NotReviewed,1 cond,1800,60000,Sun Dec 24 12:53:15 PST 2017,https://requester.mturk.com/mturk/manageHIT?HITId=3SBNLSTU6U5F7NCYZOVOJ3X1NG5DZS,3L4PIM1GQTGCQRJSB5TQZ50O783YRU,7,Submitted,Sat Nov 25 06:14:51 PST 2017,Fri Nov 24 13:20:56 PST 2017,Fri Nov 24 13:34:51 PST 2017,,,,,,[],"""cond1""",undefined,11.454416666666667
7,one_slider_practice,Smallest one did not,0.01,NA,English,1,Male,66,it was different,Yes,language interpretation,3,Windows,768,1024,Chrome,3SBNLSTU6U5F7NCYZOVOJ3X1NG5DZS,3UFCYGUHNP4CXE3VBIPPD007NZATNX,Judging whether a speaker is right or wrong about a scenario,"In this task you will be watching a short video. At the end of the video, a puppet will make a statement and your goal is to say whether the puppett is right or wrong",language research UCI fun cognitive science university explanations,$1.25,Fri Nov 24 12:53:15 PST 2017,9,0,0,0,Reviewable,NotReviewed,1 cond,1800,60000,Sun Dec 24 12:53:15 PST 2017,https://requester.mturk.com/mturk/manageHIT?HITId=3SBNLSTU6U5F7NCYZOVOJ3X1NG5DZS,3L4PIM1GQTGCQRJSB5TQZ50O783YRU,7,Submitted,Sat Nov 25 06:14:51 PST 2017,Fri Nov 24 13:20:56 PST 2017,Fri Nov 24 13:34:51 PST 2017,,,,,,[],"""cond1""",undefined,11.454416666666667
7,one_slider,Only one frog did not jump over the rock,0.98,cond1,English,1,Male,66,it was different,Yes,language interpretation,3,Windows,768,1024,Chrome,3SBNLSTU6U5F7NCYZOVOJ3X1NG5DZS,3UFCYGUHNP4CXE3VBIPPD007NZATNX,Judging whether a speaker is right or wrong about a scenario,"In this task you will be watching a short video. At the end of the video, a puppet will make a statement and your goal is to say whether the puppett is right or wrong",language research UCI fun cognitive science university explanations,$1.25,Fri Nov 24 12:53:15 PST 2017,9,0,0,0,Reviewable,NotReviewed,1 cond,1800,60000,Sun Dec 24 12:53:15 PST 2017,https://requester.mturk.com/mturk/manageHIT?HITId=3SBNLSTU6U5F7NCYZOVOJ3X1NG5DZS,3L4PIM1GQTGCQRJSB5TQZ50O783YRU,7,Submitted,Sat Nov 25 06:14:51 PST 2017,Fri Nov 24 13:20:56 PST 2017,Fri Nov 24 13:34:51 PST 2017,,,,,,[],"""cond1""",undefined,11.454416666666667
7,one_slider,Only two hippos drank milk,0.02,cond1,English,1,Male,66,it was different,Yes,language interpretation,3,Windows,768,1024,Chrome,3SBNLSTU6U5F7NCYZOVOJ3X1NG5DZS,3UFCYGUHNP4CXE3VBIPPD007NZATNX,Judging whether a speaker is right or wrong about a scenario,"In this task you will be watching a short video. At the end of the video, a puppet will make a statement and your goal is to say whether the puppett is right or wrong",language research UCI fun cognitive science university explanations,$1.25,Fri Nov 24 12:53:15 PST 2017,9,0,0,0,Reviewable,NotReviewed,1 cond,1800,60000,Sun Dec 24 12:53:15 PST 2017,https://requester.mturk.com/mturk/manageHIT?HITId=3SBNLSTU6U5F7NCYZOVOJ3X1NG5DZS,3L4PIM1GQTGCQRJSB5TQZ50O783YRU,7,Submitted,Sat Nov 25 06:14:51 PST 2017,Fri Nov 24 13:20:56 PST 2017,Fri Nov 24 13:34:51 PST 2017,,,,,,[],"""cond1""",undefined,11.454416666666667
7,one_slider,Only one didn&quotechart go to the city,0.97,cond1,English,1,Male,66,it was different,Yes,language interpretation,3,Windows,768,1024,Chrome,3SBNLSTU6U5F7NCYZOVOJ3X1NG5DZS,3UFCYGUHNP4CXE3VBIPPD007NZATNX,Judging whether a speaker is right or wrong about a scenario,"In this task you will be watching a short video. At the end of the video, a puppet will make a statement and your goal is to say whether the puppett is right or wrong",language research UCI fun cognitive science university explanations,$1.25,Fri Nov 24 12:53:15 PST 2017,9,0,0,0,Reviewable,NotReviewed,1 cond,1800,60000,Sun Dec 24 12:53:15 PST 2017,https://requester.mturk.com/mturk/manageHIT?HITId=3SBNLSTU6U5F7NCYZOVOJ3X1NG5DZS,3L4PIM1GQTGCQRJSB5TQZ50O783YRU,7,Submitted,Sat Nov 25 06:14:51 PST 2017,Fri Nov 24 13:20:56 PST 2017,Fri Nov 24 13:34:51 PST 2017,,,,,,[],"""cond1""",undefined,11.454416666666667
7,one_slider,One dog did roll his ball,0.02,cond1,English,1,Male,66,it was different,Yes,language interpretation,3,Windows,768,1024,Chrome,3SBNLSTU6U5F7NCYZOVOJ3X1NG5DZS,3UFCYGUHNP4CXE3VBIPPD007NZATNX,Judging whether a speaker is right or wrong about a scenario,"In this task you will be watching a short video. At the end of the video, a puppet will make a statement and your goal is to say whether the puppett is right or wrong",language research UCI fun cognitive science university explanations,$1.25,Fri Nov 24 12:53:15 PST 2017,9,0,0,0,Reviewable,NotReviewed,1 cond,1800,60000,Sun Dec 24 12:53:15 PST 2017,https://requester.mturk.com/mturk/manageHIT?HITId=3SBNLSTU6U5F7NCYZOVOJ3X1NG5DZS,3L4PIM1GQTGCQRJSB5TQZ50O783YRU,7,Submitted,Sat Nov 25 06:14:51 PST 2017,Fri Nov 24 13:20:56 PST 2017,Fri Nov 24 13:34:51 PST 2017,,,,,,[],"""cond1""",undefined,11.454416666666667
7,one_slider,Only one lion bought both,0.97,cond2,English,1,Male,66,it was different,Yes,language interpretation,3,Windows,768,1024,Chrome,3SBNLSTU6U5F7NCYZOVOJ3X1NG5DZS,3UFCYGUHNP4CXE3VBIPPD007NZATNX,Judging whether a speaker is right or wrong about a scenario,"In this task you will be watching a short video. At the end of the video, a puppet will make a statement and your goal is to say whether the puppett is right or wrong",language research UCI fun cognitive science university explanations,$1.25,Fri Nov 24 12:53:15 PST 2017,9,0,0,0,Reviewable,NotReviewed,1 cond,1800,60000,Sun Dec 24 12:53:15 PST 2017,https://requester.mturk.com/mturk/manageHIT?HITId=3SBNLSTU6U5F7NCYZOVOJ3X1NG5DZS,3L4PIM1GQTGCQRJSB5TQZ50O783YRU,7,Submitted,Sat Nov 25 06:14:51 PST 2017,Fri Nov 24 13:20:56 PST 2017,Fri Nov 24 13:34:51 PST 2017,,,,,,[],"""cond1""",undefined,11.454416666666667
7,one_slider,Two lizards JUMPED on the book,0.02,cond3,English,1,Male,66,it was different,Yes,language interpretation,3,Windows,768,1024,Chrome,3SBNLSTU6U5F7NCYZOVOJ3X1NG5DZS,3UFCYGUHNP4CXE3VBIPPD007NZATNX,Judging whether a speaker is right or wrong about a scenario,"In this task you will be watching a short video. At the end of the video, a puppet will make a statement and your goal is to say whether the puppett is right or wrong",language research UCI fun cognitive science university explanations,$1.25,Fri Nov 24 12:53:15 PST 2017,9,0,0,0,Reviewable,NotReviewed,1 cond,1800,60000,Sun Dec 24 12:53:15 PST 2017,https://requester.mturk.com/mturk/manageHIT?HITId=3SBNLSTU6U5F7NCYZOVOJ3X1NG5DZS,3L4PIM1GQTGCQRJSB5TQZ50O783YRU,7,Submitted,Sat Nov 25 06:14:51 PST 2017,Fri Nov 24 13:20:56 PST 2017,Fri Nov 24 13:34:51 PST 2017,,,,,,[],"""cond1""",undefined,11.454416666666667
7,one_slider,Only one ate a bug and one did not,0.98,cond1,English,1,Male,66,it was different,Yes,language interpretation,3,Windows,768,1024,Chrome,3SBNLSTU6U5F7NCYZOVOJ3X1NG5DZS,3UFCYGUHNP4CXE3VBIPPD007NZATNX,Judging whether a speaker is right or wrong about a scenario,"In this task you will be watching a short video. At the end of the video, a puppet will make a statement and your goal is to say whether the puppett is right or wrong",language research UCI fun cognitive science university explanations,$1.25,Fri Nov 24 12:53:15 PST 2017,9,0,0,0,Reviewable,NotReviewed,1 cond,1800,60000,Sun Dec 24 12:53:15 PST 2017,https://requester.mturk.com/mturk/manageHIT?HITId=3SBNLSTU6U5F7NCYZOVOJ3X1NG5DZS,3L4PIM1GQTGCQRJSB5TQZ50O783YRU,7,Submitted,Sat Nov 25 06:14:51 PST 2017,Fri Nov 24 13:20:56 PST 2017,Fri Nov 24 13:34:51 PST 2017,,,,,,[],"""cond1""",undefined,11.454416666666667
8,one_slider_practice,Brainy bought the silver car and a yellow car. Then he was done buying cars. ,0.98,NA,English,2,Female,43,I thought this was an interesting and fun experiment. ,Yes,I&quotecharm not really sure. Maybe listening comprehension. ,3,Windows,720,1280,Chrome,3SBNLSTU6U5F7NCYZOVOJ3X1NG5DZS,3UFCYGUHNP4CXE3VBIPPD007NZATNX,Judging whether a speaker is right or wrong about a scenario,"In this task you will be watching a short video. At the end of the video, a puppet will make a statement and your goal is to say whether the puppett is right or wrong",language research UCI fun cognitive science university explanations,$1.25,Fri Nov 24 12:53:15 PST 2017,9,0,0,0,Reviewable,NotReviewed,1 cond,1800,60000,Sun Dec 24 12:53:15 PST 2017,https://requester.mturk.com/mturk/manageHIT?HITId=3SBNLSTU6U5F7NCYZOVOJ3X1NG5DZS,32SVAV9L3F9JB70NK9EEELF1Y3QA3Y,8,Submitted,Sat Nov 25 06:59:16 PST 2017,Fri Nov 24 13:55:41 PST 2017,Fri Nov 24 14:19:16 PST 2017,,,,,,[],"""cond1""",undefined,23.143733333333333
8,one_slider_practice,The small dog did not jump on the table because he acknowledged he was too small. ,0.01,NA,English,2,Female,43,I thought this was an interesting and fun experiment. ,Yes,I&quotecharm not really sure. Maybe listening comprehension. ,3,Windows,720,1280,Chrome,3SBNLSTU6U5F7NCYZOVOJ3X1NG5DZS,3UFCYGUHNP4CXE3VBIPPD007NZATNX,Judging whether a speaker is right or wrong about a scenario,"In this task you will be watching a short video. At the end of the video, a puppet will make a statement and your goal is to say whether the puppett is right or wrong",language research UCI fun cognitive science university explanations,$1.25,Fri Nov 24 12:53:15 PST 2017,9,0,0,0,Reviewable,NotReviewed,1 cond,1800,60000,Sun Dec 24 12:53:15 PST 2017,https://requester.mturk.com/mturk/manageHIT?HITId=3SBNLSTU6U5F7NCYZOVOJ3X1NG5DZS,32SVAV9L3F9JB70NK9EEELF1Y3QA3Y,8,Submitted,Sat Nov 25 06:59:16 PST 2017,Fri Nov 24 13:55:41 PST 2017,Fri Nov 24 14:19:16 PST 2017,,,,,,[],"""cond1""",undefined,23.143733333333333
8,one_slider,"Two frogs did jump over the fence and two frogs did not jump over the rock. So, the puppet was mostly right. Except in total, four frogs jumped over the fence. ",0.82,cond4,English,2,Female,43,I thought this was an interesting and fun experiment. ,Yes,I&quotecharm not really sure. Maybe listening comprehension. ,3,Windows,720,1280,Chrome,3SBNLSTU6U5F7NCYZOVOJ3X1NG5DZS,3UFCYGUHNP4CXE3VBIPPD007NZATNX,Judging whether a speaker is right or wrong about a scenario,"In this task you will be watching a short video. At the end of the video, a puppet will make a statement and your goal is to say whether the puppett is right or wrong",language research UCI fun cognitive science university explanations,$1.25,Fri Nov 24 12:53:15 PST 2017,9,0,0,0,Reviewable,NotReviewed,1 cond,1800,60000,Sun Dec 24 12:53:15 PST 2017,https://requester.mturk.com/mturk/manageHIT?HITId=3SBNLSTU6U5F7NCYZOVOJ3X1NG5DZS,32SVAV9L3F9JB70NK9EEELF1Y3QA3Y,8,Submitted,Sat Nov 25 06:59:16 PST 2017,Fri Nov 24 13:55:41 PST 2017,Fri Nov 24 14:19:16 PST 2017,,,,,,[],"""cond1""",undefined,23.143733333333333
8,one_slider,"In this story, there were only two hippos, so it&quotechars not possible that three hippos could have drank milk. ",0.01,cond3,English,2,Female,43,I thought this was an interesting and fun experiment. ,Yes,I&quotecharm not really sure. Maybe listening comprehension. ,3,Windows,720,1280,Chrome,3SBNLSTU6U5F7NCYZOVOJ3X1NG5DZS,3UFCYGUHNP4CXE3VBIPPD007NZATNX,Judging whether a speaker is right or wrong about a scenario,"In this task you will be watching a short video. At the end of the video, a puppet will make a statement and your goal is to say whether the puppett is right or wrong",language research UCI fun cognitive science university explanations,$1.25,Fri Nov 24 12:53:15 PST 2017,9,0,0,0,Reviewable,NotReviewed,1 cond,1800,60000,Sun Dec 24 12:53:15 PST 2017,https://requester.mturk.com/mturk/manageHIT?HITId=3SBNLSTU6U5F7NCYZOVOJ3X1NG5DZS,32SVAV9L3F9JB70NK9EEELF1Y3QA3Y,8,Submitted,Sat Nov 25 06:59:16 PST 2017,Fri Nov 24 13:55:41 PST 2017,Fri Nov 24 14:19:16 PST 2017,,,,,,[],"""cond1""",undefined,23.143733333333333
8,one_slider,"The two butterflies did go to the forest. The puppet is also correct that two butterflies did not go to the city, because one butterfly stayed behind in the forest while the other one went to the city.",0.95,cond2,English,2,Female,43,I thought this was an interesting and fun experiment. ,Yes,I&quotecharm not really sure. Maybe listening comprehension. ,3,Windows,720,1280,Chrome,3SBNLSTU6U5F7NCYZOVOJ3X1NG5DZS,3UFCYGUHNP4CXE3VBIPPD007NZATNX,Judging whether a speaker is right or wrong about a scenario,"In this task you will be watching a short video. At the end of the video, a puppet will make a statement and your goal is to say whether the puppett is right or wrong",language research UCI fun cognitive science university explanations,$1.25,Fri Nov 24 12:53:15 PST 2017,9,0,0,0,Reviewable,NotReviewed,1 cond,1800,60000,Sun Dec 24 12:53:15 PST 2017,https://requester.mturk.com/mturk/manageHIT?HITId=3SBNLSTU6U5F7NCYZOVOJ3X1NG5DZS,32SVAV9L3F9JB70NK9EEELF1Y3QA3Y,8,Submitted,Sat Nov 25 06:59:16 PST 2017,Fri Nov 24 13:55:41 PST 2017,Fri Nov 24 14:19:16 PST 2017,,,,,,[],"""cond1""",undefined,23.143733333333333
8,one_slider,"That is not a true statement, because the first dog did indeed roll his ball on the table. ",0.01,cond2,English,2,Female,43,I thought this was an interesting and fun experiment. ,Yes,I&quotecharm not really sure. Maybe listening comprehension. ,3,Windows,720,1280,Chrome,3SBNLSTU6U5F7NCYZOVOJ3X1NG5DZS,3UFCYGUHNP4CXE3VBIPPD007NZATNX,Judging whether a speaker is right or wrong about a scenario,"In this task you will be watching a short video. At the end of the video, a puppet will make a statement and your goal is to say whether the puppett is right or wrong",language research UCI fun cognitive science university explanations,$1.25,Fri Nov 24 12:53:15 PST 2017,9,0,0,0,Reviewable,NotReviewed,1 cond,1800,60000,Sun Dec 24 12:53:15 PST 2017,https://requester.mturk.com/mturk/manageHIT?HITId=3SBNLSTU6U5F7NCYZOVOJ3X1NG5DZS,32SVAV9L3F9JB70NK9EEELF1Y3QA3Y,8,Submitted,Sat Nov 25 06:59:16 PST 2017,Fri Nov 24 13:55:41 PST 2017,Fri Nov 24 14:19:16 PST 2017,,,,,,[],"""cond1""",undefined,23.143733333333333
8,one_slider,That is a true statement that two of the lions did not buy cookies. ,0.9,cond3,English,2,Female,43,I thought this was an interesting and fun experiment. ,Yes,I&quotecharm not really sure. Maybe listening comprehension. ,3,Windows,720,1280,Chrome,3SBNLSTU6U5F7NCYZOVOJ3X1NG5DZS,3UFCYGUHNP4CXE3VBIPPD007NZATNX,Judging whether a speaker is right or wrong about a scenario,"In this task you will be watching a short video. At the end of the video, a puppet will make a statement and your goal is to say whether the puppett is right or wrong",language research UCI fun cognitive science university explanations,$1.25,Fri Nov 24 12:53:15 PST 2017,9,0,0,0,Reviewable,NotReviewed,1 cond,1800,60000,Sun Dec 24 12:53:15 PST 2017,https://requester.mturk.com/mturk/manageHIT?HITId=3SBNLSTU6U5F7NCYZOVOJ3X1NG5DZS,32SVAV9L3F9JB70NK9EEELF1Y3QA3Y,8,Submitted,Sat Nov 25 06:59:16 PST 2017,Fri Nov 24 13:55:41 PST 2017,Fri Nov 24 14:19:16 PST 2017,,,,,,[],"""cond1""",undefined,23.143733333333333
8,one_slider,"Two of the lizards did get on the book, but the other two did not because the book was too high. ",0.02,cond3,English,2,Female,43,I thought this was an interesting and fun experiment. ,Yes,I&quotecharm not really sure. Maybe listening comprehension. ,3,Windows,720,1280,Chrome,3SBNLSTU6U5F7NCYZOVOJ3X1NG5DZS,3UFCYGUHNP4CXE3VBIPPD007NZATNX,Judging whether a speaker is right or wrong about a scenario,"In this task you will be watching a short video. At the end of the video, a puppet will make a statement and your goal is to say whether the puppett is right or wrong",language research UCI fun cognitive science university explanations,$1.25,Fri Nov 24 12:53:15 PST 2017,9,0,0,0,Reviewable,NotReviewed,1 cond,1800,60000,Sun Dec 24 12:53:15 PST 2017,https://requester.mturk.com/mturk/manageHIT?HITId=3SBNLSTU6U5F7NCYZOVOJ3X1NG5DZS,32SVAV9L3F9JB70NK9EEELF1Y3QA3Y,8,Submitted,Sat Nov 25 06:59:16 PST 2017,Fri Nov 24 13:55:41 PST 2017,Fri Nov 24 14:19:16 PST 2017,,,,,,[],"""cond1""",undefined,23.143733333333333
8,one_slider,One of the dinosaurs did eat a bug because it couldn&quotechart catch a fish. ,0.06,cond1,English,2,Female,43,I thought this was an interesting and fun experiment. ,Yes,I&quotecharm not really sure. Maybe listening comprehension. ,3,Windows,720,1280,Chrome,3SBNLSTU6U5F7NCYZOVOJ3X1NG5DZS,3UFCYGUHNP4CXE3VBIPPD007NZATNX,Judging whether a speaker is right or wrong about a scenario,"In this task you will be watching a short video. At the end of the video, a puppet will make a statement and your goal is to say whether the puppett is right or wrong",language research UCI fun cognitive science university explanations,$1.25,Fri Nov 24 12:53:15 PST 2017,9,0,0,0,Reviewable,NotReviewed,1 cond,1800,60000,Sun Dec 24 12:53:15 PST 2017,https://requester.mturk.com/mturk/manageHIT?HITId=3SBNLSTU6U5F7NCYZOVOJ3X1NG5DZS,32SVAV9L3F9JB70NK9EEELF1Y3QA3Y,8,Submitted,Sat Nov 25 06:59:16 PST 2017,Fri Nov 24 13:55:41 PST 2017,Fri Nov 24 14:19:16 PST 2017,,,,,,[],"""cond1""",undefined,23.143733333333333
