workerid,hitid,hittypeid,title,description,keywords,reward,creationtime,assignments,numavailable,numpending,numcomplete,hitstatus,reviewstatus,annotation,assignmentduration,autoapprovaldelay,hitlifetime,viewhit,assignmentid,workerid,assignmentstatus,autoapprovaltime,assignmentaccepttime,assignmentsubmittime,assignmentapprovaltime,assignmentrejecttime,deadline,feedback,reject,Answer.catch_trials,Answer.condition,Answer.justification,Answer.time_in_minutes
0,3SBNLSTU6U5F7NCYZOVOJ3X1NG5DZS,3UFCYGUHNP4CXE3VBIPPD007NZATNX,Judging whether a speaker is right or wrong about a scenario,"In this task you will be watching a short video. At the end of the video, a puppet will make a statement and your goal is to say whether the puppett is right or wrong",language research UCI fun cognitive science university explanations,$1.25,Fri Nov 24 12:53:15 PST 2017,9,0,0,0,Reviewable,NotReviewed,1 cond,1800,60000,Sun Dec 24 12:53:15 PST 2017,https://requester.mturk.com/mturk/manageHIT?HITId=3SBNLSTU6U5F7NCYZOVOJ3X1NG5DZS,3HVVDCPGTESP66WKFUYLZK16VT0YT7,0,Submitted,Sat Nov 25 05:39:53 PST 2017,Fri Nov 24 12:53:18 PST 2017,Fri Nov 24 12:59:53 PST 2017,,,,,,[],"""cond3""",undefined,6.5438833333333335
1,3SBNLSTU6U5F7NCYZOVOJ3X1NG5DZS,3UFCYGUHNP4CXE3VBIPPD007NZATNX,Judging whether a speaker is right or wrong about a scenario,"In this task you will be watching a short video. At the end of the video, a puppet will make a statement and your goal is to say whether the puppett is right or wrong",language research UCI fun cognitive science university explanations,$1.25,Fri Nov 24 12:53:15 PST 2017,9,0,0,0,Reviewable,NotReviewed,1 cond,1800,60000,Sun Dec 24 12:53:15 PST 2017,https://requester.mturk.com/mturk/manageHIT?HITId=3SBNLSTU6U5F7NCYZOVOJ3X1NG5DZS,3UN61F00HWPEO39803OTO82VC305RM,1,Submitted,Sat Nov 25 05:45:34 PST 2017,Fri Nov 24 12:53:24 PST 2017,Fri Nov 24 13:05:34 PST 2017,,,,,,[],"""cond1""",undefined,12.129316666666666
2,3SBNLSTU6U5F7NCYZOVOJ3X1NG5DZS,3UFCYGUHNP4CXE3VBIPPD007NZATNX,Judging whether a speaker is right or wrong about a scenario,"In this task you will be watching a short video. At the end of the video, a puppet will make a statement and your goal is to say whether the puppett is right or wrong",language research UCI fun cognitive science university explanations,$1.25,Fri Nov 24 12:53:15 PST 2017,9,0,0,0,Reviewable,NotReviewed,1 cond,1800,60000,Sun Dec 24 12:53:15 PST 2017,https://requester.mturk.com/mturk/manageHIT?HITId=3SBNLSTU6U5F7NCYZOVOJ3X1NG5DZS,3YDTZAI2WXG8ZF6RO4Q4DPE489B14H,2,Submitted,Sat Nov 25 05:45:46 PST 2017,Fri Nov 24 12:53:18 PST 2017,Fri Nov 24 13:05:46 PST 2017,,,,,,[],"""cond1""",undefined,8.95585
3,3SBNLSTU6U5F7NCYZOVOJ3X1NG5DZS,3UFCYGUHNP4CXE3VBIPPD007NZATNX,Judging whether a speaker is right or wrong about a scenario,"In this task you will be watching a short video. At the end of the video, a puppet will make a statement and your goal is to say whether the puppett is right or wrong",language research UCI fun cognitive science university explanations,$1.25,Fri Nov 24 12:53:15 PST 2017,9,0,0,0,Reviewable,NotReviewed,1 cond,1800,60000,Sun Dec 24 12:53:15 PST 2017,https://requester.mturk.com/mturk/manageHIT?HITId=3SBNLSTU6U5F7NCYZOVOJ3X1NG5DZS,3QAVNHZ3EM40RBQCQFIEA79IYPCAL7,3,Submitted,Sat Nov 25 05:46:11 PST 2017,Fri Nov 24 12:53:19 PST 2017,Fri Nov 24 13:06:11 PST 2017,,,,,,[],"""cond1""",undefined,11.135966666666667
4,3SBNLSTU6U5F7NCYZOVOJ3X1NG5DZS,3UFCYGUHNP4CXE3VBIPPD007NZATNX,Judging whether a speaker is right or wrong about a scenario,"In this task you will be watching a short video. At the end of the video, a puppet will make a statement and your goal is to say whether the puppett is right or wrong",language research UCI fun cognitive science university explanations,$1.25,Fri Nov 24 12:53:15 PST 2017,9,0,0,0,Reviewable,NotReviewed,1 cond,1800,60000,Sun Dec 24 12:53:15 PST 2017,https://requester.mturk.com/mturk/manageHIT?HITId=3SBNLSTU6U5F7NCYZOVOJ3X1NG5DZS,3F0BG9B9MPN288ZD2RVKUO9O6WA7Y5,4,Submitted,Sat Nov 25 05:49:48 PST 2017,Fri Nov 24 12:53:20 PST 2017,Fri Nov 24 13:09:48 PST 2017,,,,,,[],"""cond3""",undefined,8.839366666666667
5,3SBNLSTU6U5F7NCYZOVOJ3X1NG5DZS,3UFCYGUHNP4CXE3VBIPPD007NZATNX,Judging whether a speaker is right or wrong about a scenario,"In this task you will be watching a short video. At the end of the video, a puppet will make a statement and your goal is to say whether the puppett is right or wrong",language research UCI fun cognitive science university explanations,$1.25,Fri Nov 24 12:53:15 PST 2017,9,0,0,0,Reviewable,NotReviewed,1 cond,1800,60000,Sun Dec 24 12:53:15 PST 2017,https://requester.mturk.com/mturk/manageHIT?HITId=3SBNLSTU6U5F7NCYZOVOJ3X1NG5DZS,3A9AA95ATWMTCQTTNBK4JD2GBLC5PU,5,Submitted,Sat Nov 25 05:50:36 PST 2017,Fri Nov 24 12:53:17 PST 2017,Fri Nov 24 13:10:36 PST 2017,,,,,,[],"""cond4""",undefined,7.645466666666667
6,3SBNLSTU6U5F7NCYZOVOJ3X1NG5DZS,3UFCYGUHNP4CXE3VBIPPD007NZATNX,Judging whether a speaker is right or wrong about a scenario,"In this task you will be watching a short video. At the end of the video, a puppet will make a statement and your goal is to say whether the puppett is right or wrong",language research UCI fun cognitive science university explanations,$1.25,Fri Nov 24 12:53:15 PST 2017,9,0,0,0,Reviewable,NotReviewed,1 cond,1800,60000,Sun Dec 24 12:53:15 PST 2017,https://requester.mturk.com/mturk/manageHIT?HITId=3SBNLSTU6U5F7NCYZOVOJ3X1NG5DZS,3GNA64GUZE4EC2U8NOZTJISQGHY5QL,6,Submitted,Sat Nov 25 05:50:38 PST 2017,Fri Nov 24 12:53:19 PST 2017,Fri Nov 24 13:10:38 PST 2017,,,,,,[],"""cond1""",undefined,6.584133333333333
7,3SBNLSTU6U5F7NCYZOVOJ3X1NG5DZS,3UFCYGUHNP4CXE3VBIPPD007NZATNX,Judging whether a speaker is right or wrong about a scenario,"In this task you will be watching a short video. At the end of the video, a puppet will make a statement and your goal is to say whether the puppett is right or wrong",language research UCI fun cognitive science university explanations,$1.25,Fri Nov 24 12:53:15 PST 2017,9,0,0,0,Reviewable,NotReviewed,1 cond,1800,60000,Sun Dec 24 12:53:15 PST 2017,https://requester.mturk.com/mturk/manageHIT?HITId=3SBNLSTU6U5F7NCYZOVOJ3X1NG5DZS,3L4PIM1GQTGCQRJSB5TQZ50O783YRU,7,Submitted,Sat Nov 25 06:14:51 PST 2017,Fri Nov 24 13:20:56 PST 2017,Fri Nov 24 13:34:51 PST 2017,,,,,,[],"""cond1""",undefined,11.454416666666667
8,3SBNLSTU6U5F7NCYZOVOJ3X1NG5DZS,3UFCYGUHNP4CXE3VBIPPD007NZATNX,Judging whether a speaker is right or wrong about a scenario,"In this task you will be watching a short video. At the end of the video, a puppet will make a statement and your goal is to say whether the puppett is right or wrong",language research UCI fun cognitive science university explanations,$1.25,Fri Nov 24 12:53:15 PST 2017,9,0,0,0,Reviewable,NotReviewed,1 cond,1800,60000,Sun Dec 24 12:53:15 PST 2017,https://requester.mturk.com/mturk/manageHIT?HITId=3SBNLSTU6U5F7NCYZOVOJ3X1NG5DZS,32SVAV9L3F9JB70NK9EEELF1Y3QA3Y,8,Submitted,Sat Nov 25 06:59:16 PST 2017,Fri Nov 24 13:55:41 PST 2017,Fri Nov 24 14:19:16 PST 2017,,,,,,[],"""cond1""",undefined,23.143733333333333
