workerid,hitid,hittypeid,title,description,keywords,reward,creationtime,assignments,numavailable,numpending,numcomplete,hitstatus,reviewstatus,annotation,assignmentduration,autoapprovaldelay,hitlifetime,viewhit,assignmentid,workerid,assignmentstatus,autoapprovaltime,assignmentaccepttime,assignmentsubmittime,assignmentapprovaltime,assignmentrejecttime,deadline,feedback,reject,Answer.catch_trials,Answer.condition,Answer.justification,Answer.time_in_minutes
0,3CO05SML7V5C6CPDDVDGITBJKADR0K,3UFCYGUHNP4CXE3VBIPPD007NZATNX,Judging whether a speaker is right or wrong about a scenario,"In this task you will be watching a short video. At the end of the video, a puppet will make a statement and your goal is to say whether the puppett is right or wrong",language research UCI fun cognitive science university explanations,$1.25,Fri Nov 24 12:53:51 PST 2017,9,0,0,0,Reviewable,NotReviewed,1 cond,1800,60000,Sun Dec 24 12:53:51 PST 2017,https://requester.mturk.com/mturk/manageHIT?HITId=3CO05SML7V5C6CPDDVDGITBJKADR0K,3TVSS0C0E10LH11K0TGXENGQKL0TW3,0,Submitted,Sat Nov 25 05:44:15 PST 2017,Fri Nov 24 12:55:16 PST 2017,Fri Nov 24 13:04:15 PST 2017,,,,,,[],"""cond1""",undefined,8.9154
1,3CO05SML7V5C6CPDDVDGITBJKADR0K,3UFCYGUHNP4CXE3VBIPPD007NZATNX,Judging whether a speaker is right or wrong about a scenario,"In this task you will be watching a short video. At the end of the video, a puppet will make a statement and your goal is to say whether the puppett is right or wrong",language research UCI fun cognitive science university explanations,$1.25,Fri Nov 24 12:53:51 PST 2017,9,0,0,0,Reviewable,NotReviewed,1 cond,1800,60000,Sun Dec 24 12:53:51 PST 2017,https://requester.mturk.com/mturk/manageHIT?HITId=3CO05SML7V5C6CPDDVDGITBJKADR0K,3QRYMNZ7FYHVU7S68SPAI43ZR9WTNC,1,Submitted,Sat Nov 25 05:44:32 PST 2017,Fri Nov 24 12:54:17 PST 2017,Fri Nov 24 13:04:32 PST 2017,,,,,,[],"""cond1""",undefined,9.20465
2,3CO05SML7V5C6CPDDVDGITBJKADR0K,3UFCYGUHNP4CXE3VBIPPD007NZATNX,Judging whether a speaker is right or wrong about a scenario,"In this task you will be watching a short video. At the end of the video, a puppet will make a statement and your goal is to say whether the puppett is right or wrong",language research UCI fun cognitive science university explanations,$1.25,Fri Nov 24 12:53:51 PST 2017,9,0,0,0,Reviewable,NotReviewed,1 cond,1800,60000,Sun Dec 24 12:53:51 PST 2017,https://requester.mturk.com/mturk/manageHIT?HITId=3CO05SML7V5C6CPDDVDGITBJKADR0K,3IOEN3P9S7JME2A57SJJANYI40H617,2,Submitted,Sat Nov 25 05:48:16 PST 2017,Fri Nov 24 12:54:01 PST 2017,Fri Nov 24 13:08:16 PST 2017,,,,,,[],"""cond3""",undefined,10.910616666666666
3,3CO05SML7V5C6CPDDVDGITBJKADR0K,3UFCYGUHNP4CXE3VBIPPD007NZATNX,Judging whether a speaker is right or wrong about a scenario,"In this task you will be watching a short video. At the end of the video, a puppet will make a statement and your goal is to say whether the puppett is right or wrong",language research UCI fun cognitive science university explanations,$1.25,Fri Nov 24 12:53:51 PST 2017,9,0,0,0,Reviewable,NotReviewed,1 cond,1800,60000,Sun Dec 24 12:53:51 PST 2017,https://requester.mturk.com/mturk/manageHIT?HITId=3CO05SML7V5C6CPDDVDGITBJKADR0K,3YZ8UPK3VTMR3GA4J7667PVPBJQUCN,3,Submitted,Sat Nov 25 05:55:02 PST 2017,Fri Nov 24 13:03:08 PST 2017,Fri Nov 24 13:15:02 PST 2017,,,,,,[],"""cond4""",undefined,10.862116666666667
4,3CO05SML7V5C6CPDDVDGITBJKADR0K,3UFCYGUHNP4CXE3VBIPPD007NZATNX,Judging whether a speaker is right or wrong about a scenario,"In this task you will be watching a short video. At the end of the video, a puppet will make a statement and your goal is to say whether the puppett is right or wrong",language research UCI fun cognitive science university explanations,$1.25,Fri Nov 24 12:53:51 PST 2017,9,0,0,0,Reviewable,NotReviewed,1 cond,1800,60000,Sun Dec 24 12:53:51 PST 2017,https://requester.mturk.com/mturk/manageHIT?HITId=3CO05SML7V5C6CPDDVDGITBJKADR0K,3ZPBJO59KP1W3MAYJ4UI8GOH2B0DH5,4,Submitted,Sat Nov 25 05:57:23 PST 2017,Fri Nov 24 12:54:23 PST 2017,Fri Nov 24 13:17:23 PST 2017,,,,,,[],"""cond4""",undefined,8.5689
5,3CO05SML7V5C6CPDDVDGITBJKADR0K,3UFCYGUHNP4CXE3VBIPPD007NZATNX,Judging whether a speaker is right or wrong about a scenario,"In this task you will be watching a short video. At the end of the video, a puppet will make a statement and your goal is to say whether the puppett is right or wrong",language research UCI fun cognitive science university explanations,$1.25,Fri Nov 24 12:53:51 PST 2017,9,0,0,0,Reviewable,NotReviewed,1 cond,1800,60000,Sun Dec 24 12:53:51 PST 2017,https://requester.mturk.com/mturk/manageHIT?HITId=3CO05SML7V5C6CPDDVDGITBJKADR0K,3TR2532VIPUT9JQ9XHPPENU4YHJ6JD,5,Submitted,Sat Nov 25 06:14:10 PST 2017,Fri Nov 24 13:19:28 PST 2017,Fri Nov 24 13:34:10 PST 2017,,,,,,[],"""cond1""",undefined,10.0251
6,3CO05SML7V5C6CPDDVDGITBJKADR0K,3UFCYGUHNP4CXE3VBIPPD007NZATNX,Judging whether a speaker is right or wrong about a scenario,"In this task you will be watching a short video. At the end of the video, a puppet will make a statement and your goal is to say whether the puppett is right or wrong",language research UCI fun cognitive science university explanations,$1.25,Fri Nov 24 12:53:51 PST 2017,9,0,0,0,Reviewable,NotReviewed,1 cond,1800,60000,Sun Dec 24 12:53:51 PST 2017,https://requester.mturk.com/mturk/manageHIT?HITId=3CO05SML7V5C6CPDDVDGITBJKADR0K,379J5II41OG3HO7O6KK06QZ9J4CEL8,6,Submitted,Sat Nov 25 06:26:15 PST 2017,Fri Nov 24 13:25:39 PST 2017,Fri Nov 24 13:46:15 PST 2017,,,,,,[],"""cond4""",undefined,11.089666666666666
7,3CO05SML7V5C6CPDDVDGITBJKADR0K,3UFCYGUHNP4CXE3VBIPPD007NZATNX,Judging whether a speaker is right or wrong about a scenario,"In this task you will be watching a short video. At the end of the video, a puppet will make a statement and your goal is to say whether the puppett is right or wrong",language research UCI fun cognitive science university explanations,$1.25,Fri Nov 24 12:53:51 PST 2017,9,0,0,0,Reviewable,NotReviewed,1 cond,1800,60000,Sun Dec 24 12:53:51 PST 2017,https://requester.mturk.com/mturk/manageHIT?HITId=3CO05SML7V5C6CPDDVDGITBJKADR0K,3Y5140Z9DXG5OEO8UV3Y8M6LG7NIPM,7,Submitted,Sat Nov 25 06:48:54 PST 2017,Fri Nov 24 13:55:18 PST 2017,Fri Nov 24 14:08:54 PST 2017,,,,,,[],"""cond4""",undefined,8.725983333333334
8,3CO05SML7V5C6CPDDVDGITBJKADR0K,3UFCYGUHNP4CXE3VBIPPD007NZATNX,Judging whether a speaker is right or wrong about a scenario,"In this task you will be watching a short video. At the end of the video, a puppet will make a statement and your goal is to say whether the puppett is right or wrong",language research UCI fun cognitive science university explanations,$1.25,Fri Nov 24 12:53:51 PST 2017,9,0,0,0,Reviewable,NotReviewed,1 cond,1800,60000,Sun Dec 24 12:53:51 PST 2017,https://requester.mturk.com/mturk/manageHIT?HITId=3CO05SML7V5C6CPDDVDGITBJKADR0K,3RUIQRXJBBOHNUHGN674JLPTS1FLL4,8,Submitted,Sat Nov 25 06:52:19 PST 2017,Fri Nov 24 13:51:32 PST 2017,Fri Nov 24 14:12:19 PST 2017,,,,,,[],"""cond4""",undefined,8.778233333333333
