workerid,hitid,hittypeid,title,description,keywords,reward,creationtime,assignments,numavailable,numpending,numcomplete,hitstatus,reviewstatus,annotation,assignmentduration,autoapprovaldelay,hitlifetime,viewhit,assignmentid,workerid,assignmentstatus,autoapprovaltime,assignmentaccepttime,assignmentsubmittime,assignmentapprovaltime,assignmentrejecttime,deadline,feedback,reject,Answer.catch_trials,Answer.condition,Answer.justification,Answer.time_in_minutes
0,3MWOYZD5WVOCUVP4M9YAZA2RHG4ONJ,3UFCYGUHNP4CXE3VBIPPD007NZATNX,Judging whether a speaker is right or wrong about a scenario,"In this task you will be watching a short video. At the end of the video, a puppet will make a statement and your goal is to say whether the puppett is right or wrong",language research UCI fun cognitive science university explanations,$1.25,Fri Nov 24 12:53:38 PST 2017,9,0,0,0,Reviewable,NotReviewed,1 cond,1800,60000,Sun Dec 24 12:53:38 PST 2017,https://requester.mturk.com/mturk/manageHIT?HITId=3MWOYZD5WVOCUVP4M9YAZA2RHG4ONJ,3OE22WJIGIOVXHKNOP71RUK6FYQQUN,0,Submitted,Sat Nov 25 05:43:25 PST 2017,Fri Nov 24 12:53:53 PST 2017,Fri Nov 24 13:03:25 PST 2017,,,,,,[],"""cond1""",undefined,9.457466666666667
1,3MWOYZD5WVOCUVP4M9YAZA2RHG4ONJ,3UFCYGUHNP4CXE3VBIPPD007NZATNX,Judging whether a speaker is right or wrong about a scenario,"In this task you will be watching a short video. At the end of the video, a puppet will make a statement and your goal is to say whether the puppett is right or wrong",language research UCI fun cognitive science university explanations,$1.25,Fri Nov 24 12:53:38 PST 2017,9,0,0,0,Reviewable,NotReviewed,1 cond,1800,60000,Sun Dec 24 12:53:38 PST 2017,https://requester.mturk.com/mturk/manageHIT?HITId=3MWOYZD5WVOCUVP4M9YAZA2RHG4ONJ,3D3VGR7TA0FBAOM4MK009B4BY78R3H,1,Submitted,Sat Nov 25 05:44:20 PST 2017,Fri Nov 24 12:54:34 PST 2017,Fri Nov 24 13:04:20 PST 2017,,,,,,[],"""cond1""",undefined,9.715616666666667
2,3MWOYZD5WVOCUVP4M9YAZA2RHG4ONJ,3UFCYGUHNP4CXE3VBIPPD007NZATNX,Judging whether a speaker is right or wrong about a scenario,"In this task you will be watching a short video. At the end of the video, a puppet will make a statement and your goal is to say whether the puppett is right or wrong",language research UCI fun cognitive science university explanations,$1.25,Fri Nov 24 12:53:38 PST 2017,9,0,0,0,Reviewable,NotReviewed,1 cond,1800,60000,Sun Dec 24 12:53:38 PST 2017,https://requester.mturk.com/mturk/manageHIT?HITId=3MWOYZD5WVOCUVP4M9YAZA2RHG4ONJ,3GNCZX450INQIW5AI7BLROI23ZDAP5,2,Submitted,Sat Nov 25 05:49:28 PST 2017,Fri Nov 24 12:53:41 PST 2017,Fri Nov 24 13:09:28 PST 2017,,,,,,[],"""cond4""",undefined,15.677166666666666
3,3MWOYZD5WVOCUVP4M9YAZA2RHG4ONJ,3UFCYGUHNP4CXE3VBIPPD007NZATNX,Judging whether a speaker is right or wrong about a scenario,"In this task you will be watching a short video. At the end of the video, a puppet will make a statement and your goal is to say whether the puppett is right or wrong",language research UCI fun cognitive science university explanations,$1.25,Fri Nov 24 12:53:38 PST 2017,9,0,0,0,Reviewable,NotReviewed,1 cond,1800,60000,Sun Dec 24 12:53:38 PST 2017,https://requester.mturk.com/mturk/manageHIT?HITId=3MWOYZD5WVOCUVP4M9YAZA2RHG4ONJ,32N49TQG3GI3NG264JKKXG7KPNEAVQ,3,Submitted,Sat Nov 25 05:49:47 PST 2017,Fri Nov 24 12:53:56 PST 2017,Fri Nov 24 13:09:47 PST 2017,,,,,,[],"""cond2""",undefined,5.869666666666666
4,3MWOYZD5WVOCUVP4M9YAZA2RHG4ONJ,3UFCYGUHNP4CXE3VBIPPD007NZATNX,Judging whether a speaker is right or wrong about a scenario,"In this task you will be watching a short video. At the end of the video, a puppet will make a statement and your goal is to say whether the puppett is right or wrong",language research UCI fun cognitive science university explanations,$1.25,Fri Nov 24 12:53:38 PST 2017,9,0,0,0,Reviewable,NotReviewed,1 cond,1800,60000,Sun Dec 24 12:53:38 PST 2017,https://requester.mturk.com/mturk/manageHIT?HITId=3MWOYZD5WVOCUVP4M9YAZA2RHG4ONJ,3R3YRB5GRF33A1D6ZTAF1U51BG5AU1,4,Submitted,Sat Nov 25 05:55:37 PST 2017,Fri Nov 24 12:53:58 PST 2017,Fri Nov 24 13:15:37 PST 2017,,,,,,[],"""cond4""",undefined,21.578983333333333
5,3MWOYZD5WVOCUVP4M9YAZA2RHG4ONJ,3UFCYGUHNP4CXE3VBIPPD007NZATNX,Judging whether a speaker is right or wrong about a scenario,"In this task you will be watching a short video. At the end of the video, a puppet will make a statement and your goal is to say whether the puppett is right or wrong",language research UCI fun cognitive science university explanations,$1.25,Fri Nov 24 12:53:38 PST 2017,9,0,0,0,Reviewable,NotReviewed,1 cond,1800,60000,Sun Dec 24 12:53:38 PST 2017,https://requester.mturk.com/mturk/manageHIT?HITId=3MWOYZD5WVOCUVP4M9YAZA2RHG4ONJ,3G5F9DBFOPXIX3AKAPUCE2UO2I5HV9,5,Submitted,Sat Nov 25 06:09:43 PST 2017,Fri Nov 24 13:10:19 PST 2017,Fri Nov 24 13:29:43 PST 2017,,,,,,[],"""cond2""",undefined,13.338166666666666
6,3MWOYZD5WVOCUVP4M9YAZA2RHG4ONJ,3UFCYGUHNP4CXE3VBIPPD007NZATNX,Judging whether a speaker is right or wrong about a scenario,"In this task you will be watching a short video. At the end of the video, a puppet will make a statement and your goal is to say whether the puppett is right or wrong",language research UCI fun cognitive science university explanations,$1.25,Fri Nov 24 12:53:38 PST 2017,9,0,0,0,Reviewable,NotReviewed,1 cond,1800,60000,Sun Dec 24 12:53:38 PST 2017,https://requester.mturk.com/mturk/manageHIT?HITId=3MWOYZD5WVOCUVP4M9YAZA2RHG4ONJ,3MD9PLUKKIERGJ15EKES4S4GC5LNZP,6,Submitted,Sat Nov 25 06:23:42 PST 2017,Fri Nov 24 13:31:47 PST 2017,Fri Nov 24 13:43:42 PST 2017,,,,,,[],"""cond4""",undefined,9.169166666666667
7,3MWOYZD5WVOCUVP4M9YAZA2RHG4ONJ,3UFCYGUHNP4CXE3VBIPPD007NZATNX,Judging whether a speaker is right or wrong about a scenario,"In this task you will be watching a short video. At the end of the video, a puppet will make a statement and your goal is to say whether the puppett is right or wrong",language research UCI fun cognitive science university explanations,$1.25,Fri Nov 24 12:53:38 PST 2017,9,0,0,0,Reviewable,NotReviewed,1 cond,1800,60000,Sun Dec 24 12:53:38 PST 2017,https://requester.mturk.com/mturk/manageHIT?HITId=3MWOYZD5WVOCUVP4M9YAZA2RHG4ONJ,3TVRFO09GKFCNOY51PASUFKGZANLXO,7,Submitted,Sat Nov 25 06:30:02 PST 2017,Fri Nov 24 13:22:06 PST 2017,Fri Nov 24 13:50:02 PST 2017,,,,,,[],"""cond4""",undefined,7.645
8,3MWOYZD5WVOCUVP4M9YAZA2RHG4ONJ,3UFCYGUHNP4CXE3VBIPPD007NZATNX,Judging whether a speaker is right or wrong about a scenario,"In this task you will be watching a short video. At the end of the video, a puppet will make a statement and your goal is to say whether the puppett is right or wrong",language research UCI fun cognitive science university explanations,$1.25,Fri Nov 24 12:53:38 PST 2017,9,0,0,0,Reviewable,NotReviewed,1 cond,1800,60000,Sun Dec 24 12:53:38 PST 2017,https://requester.mturk.com/mturk/manageHIT?HITId=3MWOYZD5WVOCUVP4M9YAZA2RHG4ONJ,3C5W7UE9CFQWT6GQ11B7USZ5ZFGMXU,8,Submitted,Sat Nov 25 06:57:44 PST 2017,Fri Nov 24 13:56:30 PST 2017,Fri Nov 24 14:17:44 PST 2017,,,,,,[],"""cond2""",undefined,9.9816
