workerid,hitid,hittypeid,title,description,keywords,reward,creationtime,assignments,numavailable,numpending,numcomplete,hitstatus,reviewstatus,annotation,assignmentduration,autoapprovaldelay,hitlifetime,viewhit,assignmentid,workerid,assignmentstatus,autoapprovaltime,assignmentaccepttime,assignmentsubmittime,assignmentapprovaltime,assignmentrejecttime,deadline,feedback,reject,Answer.catch_trials,Answer.condition,Answer.justification,Answer.time_in_minutes
0,3EHVO81VN5LZO7WSD95MIUSN2TLH1G,3UFCYGUHNP4CXE3VBIPPD007NZATNX,Judging whether a speaker is right or wrong about a scenario,"In this task you will be watching a short video. At the end of the video, a puppet will make a statement and your goal is to say whether the puppett is right or wrong",language research UCI fun cognitive science university explanations,$1.25,Fri Nov 24 12:53:05 PST 2017,9,0,0,0,Reviewable,NotReviewed,1 cond,1800,60000,Sun Dec 24 12:53:05 PST 2017,https://requester.mturk.com/mturk/manageHIT?HITId=3EHVO81VN5LZO7WSD95MIUSN2TLH1G,33L7PJKHCGYAR0522Q0R07D42EXT8O,0,Submitted,Sat Nov 25 05:40:16 PST 2017,Fri Nov 24 12:53:10 PST 2017,Fri Nov 24 13:00:16 PST 2017,,,,,,[],"""cond3""",undefined,6.951333333333333
1,3EHVO81VN5LZO7WSD95MIUSN2TLH1G,3UFCYGUHNP4CXE3VBIPPD007NZATNX,Judging whether a speaker is right or wrong about a scenario,"In this task you will be watching a short video. At the end of the video, a puppet will make a statement and your goal is to say whether the puppett is right or wrong",language research UCI fun cognitive science university explanations,$1.25,Fri Nov 24 12:53:05 PST 2017,9,0,0,0,Reviewable,NotReviewed,1 cond,1800,60000,Sun Dec 24 12:53:05 PST 2017,https://requester.mturk.com/mturk/manageHIT?HITId=3EHVO81VN5LZO7WSD95MIUSN2TLH1G,3TPWUS5F8914VKZ9E7L7PDGMWZ0WCN,1,Submitted,Sat Nov 25 05:41:48 PST 2017,Fri Nov 24 12:53:11 PST 2017,Fri Nov 24 13:01:48 PST 2017,,,,,,[],"""cond2""",undefined,8.429233333333332
2,3EHVO81VN5LZO7WSD95MIUSN2TLH1G,3UFCYGUHNP4CXE3VBIPPD007NZATNX,Judging whether a speaker is right or wrong about a scenario,"In this task you will be watching a short video. At the end of the video, a puppet will make a statement and your goal is to say whether the puppett is right or wrong",language research UCI fun cognitive science university explanations,$1.25,Fri Nov 24 12:53:05 PST 2017,9,0,0,0,Reviewable,NotReviewed,1 cond,1800,60000,Sun Dec 24 12:53:05 PST 2017,https://requester.mturk.com/mturk/manageHIT?HITId=3EHVO81VN5LZO7WSD95MIUSN2TLH1G,3L0KT67Y8EGOR6J5QUTVPF5KTAMYSI,2,Submitted,Sat Nov 25 05:46:59 PST 2017,Fri Nov 24 12:53:20 PST 2017,Fri Nov 24 13:06:59 PST 2017,,,,,,[],"""cond2""",undefined,9.455766666666667
3,3EHVO81VN5LZO7WSD95MIUSN2TLH1G,3UFCYGUHNP4CXE3VBIPPD007NZATNX,Judging whether a speaker is right or wrong about a scenario,"In this task you will be watching a short video. At the end of the video, a puppet will make a statement and your goal is to say whether the puppett is right or wrong",language research UCI fun cognitive science university explanations,$1.25,Fri Nov 24 12:53:05 PST 2017,9,0,0,0,Reviewable,NotReviewed,1 cond,1800,60000,Sun Dec 24 12:53:05 PST 2017,https://requester.mturk.com/mturk/manageHIT?HITId=3EHVO81VN5LZO7WSD95MIUSN2TLH1G,3LOTDFNYA7ZBYWJJ59B8XJ1PTCSWFY,3,Submitted,Sat Nov 25 05:50:55 PST 2017,Fri Nov 24 12:53:17 PST 2017,Fri Nov 24 13:10:55 PST 2017,,,,,,[],"""cond1""",undefined,8.585766666666666
4,3EHVO81VN5LZO7WSD95MIUSN2TLH1G,3UFCYGUHNP4CXE3VBIPPD007NZATNX,Judging whether a speaker is right or wrong about a scenario,"In this task you will be watching a short video. At the end of the video, a puppet will make a statement and your goal is to say whether the puppett is right or wrong",language research UCI fun cognitive science university explanations,$1.25,Fri Nov 24 12:53:05 PST 2017,9,0,0,0,Reviewable,NotReviewed,1 cond,1800,60000,Sun Dec 24 12:53:05 PST 2017,https://requester.mturk.com/mturk/manageHIT?HITId=3EHVO81VN5LZO7WSD95MIUSN2TLH1G,39KFRKBFINV9TERCJDCM5AVJWLJYOL,4,Submitted,Sat Nov 25 05:51:43 PST 2017,Fri Nov 24 12:53:14 PST 2017,Fri Nov 24 13:11:43 PST 2017,,,,,,[],"""cond2""",undefined,18.375016666666667
5,3EHVO81VN5LZO7WSD95MIUSN2TLH1G,3UFCYGUHNP4CXE3VBIPPD007NZATNX,Judging whether a speaker is right or wrong about a scenario,"In this task you will be watching a short video. At the end of the video, a puppet will make a statement and your goal is to say whether the puppett is right or wrong",language research UCI fun cognitive science university explanations,$1.25,Fri Nov 24 12:53:05 PST 2017,9,0,0,0,Reviewable,NotReviewed,1 cond,1800,60000,Sun Dec 24 12:53:05 PST 2017,https://requester.mturk.com/mturk/manageHIT?HITId=3EHVO81VN5LZO7WSD95MIUSN2TLH1G,33CUSNVVNNCRTGDEZSPW9BHHO1E88G,5,Submitted,Sat Nov 25 05:54:46 PST 2017,Fri Nov 24 13:05:32 PST 2017,Fri Nov 24 13:14:46 PST 2017,,,,,,[],"""cond1""",undefined,9.172466666666667
6,3EHVO81VN5LZO7WSD95MIUSN2TLH1G,3UFCYGUHNP4CXE3VBIPPD007NZATNX,Judging whether a speaker is right or wrong about a scenario,"In this task you will be watching a short video. At the end of the video, a puppet will make a statement and your goal is to say whether the puppett is right or wrong",language research UCI fun cognitive science university explanations,$1.25,Fri Nov 24 12:53:05 PST 2017,9,0,0,0,Reviewable,NotReviewed,1 cond,1800,60000,Sun Dec 24 12:53:05 PST 2017,https://requester.mturk.com/mturk/manageHIT?HITId=3EHVO81VN5LZO7WSD95MIUSN2TLH1G,3R08VXYT7CVYJ34DNQDW9RO8VOA7W6,6,Submitted,Sat Nov 25 05:59:15 PST 2017,Fri Nov 24 12:53:15 PST 2017,Fri Nov 24 13:19:15 PST 2017,,,,,,[],"""cond2""",undefined,11.081
7,3EHVO81VN5LZO7WSD95MIUSN2TLH1G,3UFCYGUHNP4CXE3VBIPPD007NZATNX,Judging whether a speaker is right or wrong about a scenario,"In this task you will be watching a short video. At the end of the video, a puppet will make a statement and your goal is to say whether the puppett is right or wrong",language research UCI fun cognitive science university explanations,$1.25,Fri Nov 24 12:53:05 PST 2017,9,0,0,0,Reviewable,NotReviewed,1 cond,1800,60000,Sun Dec 24 12:53:05 PST 2017,https://requester.mturk.com/mturk/manageHIT?HITId=3EHVO81VN5LZO7WSD95MIUSN2TLH1G,34FNN24DCM9NL4LUEYGNW4VSFQH5YQ,7,Submitted,Sat Nov 25 06:06:50 PST 2017,Fri Nov 24 13:16:51 PST 2017,Fri Nov 24 13:26:50 PST 2017,,,,,,[],"""cond4""",undefined,7.886433333333334
8,3EHVO81VN5LZO7WSD95MIUSN2TLH1G,3UFCYGUHNP4CXE3VBIPPD007NZATNX,Judging whether a speaker is right or wrong about a scenario,"In this task you will be watching a short video. At the end of the video, a puppet will make a statement and your goal is to say whether the puppett is right or wrong",language research UCI fun cognitive science university explanations,$1.25,Fri Nov 24 12:53:05 PST 2017,9,0,0,0,Reviewable,NotReviewed,1 cond,1800,60000,Sun Dec 24 12:53:05 PST 2017,https://requester.mturk.com/mturk/manageHIT?HITId=3EHVO81VN5LZO7WSD95MIUSN2TLH1G,3R6P78PK7KBPKFBKLOCFSKU2QXNGT4,8,Submitted,Sat Nov 25 07:27:22 PST 2017,Fri Nov 24 14:38:34 PST 2017,Fri Nov 24 14:47:22 PST 2017,,,,,,[],"""cond4""",undefined,8.78345
