workerid,trial_type,justification,response,condition,language,enjoyment,gender,age,comments,asses,selfreport,education,OS,screenH,screenW,Browser,hitid,hittypeid,title,description,keywords,reward,creationtime,assignments,numavailable,numpending,numcomplete,hitstatus,reviewstatus,annotation,assignmentduration,autoapprovaldelay,hitlifetime,viewhit,assignmentid,workerid,assignmentstatus,autoapprovaltime,assignmentaccepttime,assignmentsubmittime,assignmentapprovaltime,assignmentrejecttime,deadline,feedback,reject,Answer.catch_trials,Answer.condition,Answer.justification,Answer.time_in_minutes
0,one_slider_practice,he bought 1,0.1,NA,English,2,Male,25,,Yes,Comprehension skills,1,Windows,1080,1920,Chrome,3EHVO81VN5LZO7WSD95MIUSN2TLH1G,3UFCYGUHNP4CXE3VBIPPD007NZATNX,Judging whether a speaker is right or wrong about a scenario,"In this task you will be watching a short video. At the end of the video, a puppet will make a statement and your goal is to say whether the puppett is right or wrong",language research UCI fun cognitive science university explanations,$1.25,Fri Nov 24 12:53:05 PST 2017,9,0,0,0,Reviewable,NotReviewed,1 cond,1800,60000,Sun Dec 24 12:53:05 PST 2017,https://requester.mturk.com/mturk/manageHIT?HITId=3EHVO81VN5LZO7WSD95MIUSN2TLH1G,33L7PJKHCGYAR0522Q0R07D42EXT8O,0,Submitted,Sat Nov 25 05:40:16 PST 2017,Fri Nov 24 12:53:10 PST 2017,Fri Nov 24 13:00:16 PST 2017,,,,,,[],"""cond3""",undefined,6.951333333333333
0,one_slider_practice,Only 2 dogs jumped on the table. 1 was too small.,0,NA,English,2,Male,25,,Yes,Comprehension skills,1,Windows,1080,1920,Chrome,3EHVO81VN5LZO7WSD95MIUSN2TLH1G,3UFCYGUHNP4CXE3VBIPPD007NZATNX,Judging whether a speaker is right or wrong about a scenario,"In this task you will be watching a short video. At the end of the video, a puppet will make a statement and your goal is to say whether the puppett is right or wrong",language research UCI fun cognitive science university explanations,$1.25,Fri Nov 24 12:53:05 PST 2017,9,0,0,0,Reviewable,NotReviewed,1 cond,1800,60000,Sun Dec 24 12:53:05 PST 2017,https://requester.mturk.com/mturk/manageHIT?HITId=3EHVO81VN5LZO7WSD95MIUSN2TLH1G,33L7PJKHCGYAR0522Q0R07D42EXT8O,0,Submitted,Sat Nov 25 05:40:16 PST 2017,Fri Nov 24 12:53:10 PST 2017,Fri Nov 24 13:00:16 PST 2017,,,,,,[],"""cond3""",undefined,6.951333333333333
0,one_slider,2 jumped and the other 2 thought it was too big.,1,cond4,English,2,Male,25,,Yes,Comprehension skills,1,Windows,1080,1920,Chrome,3EHVO81VN5LZO7WSD95MIUSN2TLH1G,3UFCYGUHNP4CXE3VBIPPD007NZATNX,Judging whether a speaker is right or wrong about a scenario,"In this task you will be watching a short video. At the end of the video, a puppet will make a statement and your goal is to say whether the puppett is right or wrong",language research UCI fun cognitive science university explanations,$1.25,Fri Nov 24 12:53:05 PST 2017,9,0,0,0,Reviewable,NotReviewed,1 cond,1800,60000,Sun Dec 24 12:53:05 PST 2017,https://requester.mturk.com/mturk/manageHIT?HITId=3EHVO81VN5LZO7WSD95MIUSN2TLH1G,33L7PJKHCGYAR0522Q0R07D42EXT8O,0,Submitted,Sat Nov 25 05:40:16 PST 2017,Fri Nov 24 12:53:10 PST 2017,Fri Nov 24 13:00:16 PST 2017,,,,,,[],"""cond3""",undefined,6.951333333333333
0,one_slider,There were only 2 hippos,0.13,cond1,English,2,Male,25,,Yes,Comprehension skills,1,Windows,1080,1920,Chrome,3EHVO81VN5LZO7WSD95MIUSN2TLH1G,3UFCYGUHNP4CXE3VBIPPD007NZATNX,Judging whether a speaker is right or wrong about a scenario,"In this task you will be watching a short video. At the end of the video, a puppet will make a statement and your goal is to say whether the puppett is right or wrong",language research UCI fun cognitive science university explanations,$1.25,Fri Nov 24 12:53:05 PST 2017,9,0,0,0,Reviewable,NotReviewed,1 cond,1800,60000,Sun Dec 24 12:53:05 PST 2017,https://requester.mturk.com/mturk/manageHIT?HITId=3EHVO81VN5LZO7WSD95MIUSN2TLH1G,33L7PJKHCGYAR0522Q0R07D42EXT8O,0,Submitted,Sat Nov 25 05:40:16 PST 2017,Fri Nov 24 12:53:10 PST 2017,Fri Nov 24 13:00:16 PST 2017,,,,,,[],"""cond3""",undefined,6.951333333333333
0,one_slider,One butterfly did,0.05,cond1,English,2,Male,25,,Yes,Comprehension skills,1,Windows,1080,1920,Chrome,3EHVO81VN5LZO7WSD95MIUSN2TLH1G,3UFCYGUHNP4CXE3VBIPPD007NZATNX,Judging whether a speaker is right or wrong about a scenario,"In this task you will be watching a short video. At the end of the video, a puppet will make a statement and your goal is to say whether the puppett is right or wrong",language research UCI fun cognitive science university explanations,$1.25,Fri Nov 24 12:53:05 PST 2017,9,0,0,0,Reviewable,NotReviewed,1 cond,1800,60000,Sun Dec 24 12:53:05 PST 2017,https://requester.mturk.com/mturk/manageHIT?HITId=3EHVO81VN5LZO7WSD95MIUSN2TLH1G,33L7PJKHCGYAR0522Q0R07D42EXT8O,0,Submitted,Sat Nov 25 05:40:16 PST 2017,Fri Nov 24 12:53:10 PST 2017,Fri Nov 24 13:00:16 PST 2017,,,,,,[],"""cond3""",undefined,6.951333333333333
0,one_slider,One dog did roll their ball.,0,cond4,English,2,Male,25,,Yes,Comprehension skills,1,Windows,1080,1920,Chrome,3EHVO81VN5LZO7WSD95MIUSN2TLH1G,3UFCYGUHNP4CXE3VBIPPD007NZATNX,Judging whether a speaker is right or wrong about a scenario,"In this task you will be watching a short video. At the end of the video, a puppet will make a statement and your goal is to say whether the puppett is right or wrong",language research UCI fun cognitive science university explanations,$1.25,Fri Nov 24 12:53:05 PST 2017,9,0,0,0,Reviewable,NotReviewed,1 cond,1800,60000,Sun Dec 24 12:53:05 PST 2017,https://requester.mturk.com/mturk/manageHIT?HITId=3EHVO81VN5LZO7WSD95MIUSN2TLH1G,33L7PJKHCGYAR0522Q0R07D42EXT8O,0,Submitted,Sat Nov 25 05:40:16 PST 2017,Fri Nov 24 12:53:10 PST 2017,Fri Nov 24 13:00:16 PST 2017,,,,,,[],"""cond3""",undefined,6.951333333333333
0,one_slider,One lion did. The other didnt buy anything.,0,cond1,English,2,Male,25,,Yes,Comprehension skills,1,Windows,1080,1920,Chrome,3EHVO81VN5LZO7WSD95MIUSN2TLH1G,3UFCYGUHNP4CXE3VBIPPD007NZATNX,Judging whether a speaker is right or wrong about a scenario,"In this task you will be watching a short video. At the end of the video, a puppet will make a statement and your goal is to say whether the puppett is right or wrong",language research UCI fun cognitive science university explanations,$1.25,Fri Nov 24 12:53:05 PST 2017,9,0,0,0,Reviewable,NotReviewed,1 cond,1800,60000,Sun Dec 24 12:53:05 PST 2017,https://requester.mturk.com/mturk/manageHIT?HITId=3EHVO81VN5LZO7WSD95MIUSN2TLH1G,33L7PJKHCGYAR0522Q0R07D42EXT8O,0,Submitted,Sat Nov 25 05:40:16 PST 2017,Fri Nov 24 12:53:10 PST 2017,Fri Nov 24 13:00:16 PST 2017,,,,,,[],"""cond3""",undefined,6.951333333333333
0,one_slider,Only 2 did,0,cond3,English,2,Male,25,,Yes,Comprehension skills,1,Windows,1080,1920,Chrome,3EHVO81VN5LZO7WSD95MIUSN2TLH1G,3UFCYGUHNP4CXE3VBIPPD007NZATNX,Judging whether a speaker is right or wrong about a scenario,"In this task you will be watching a short video. At the end of the video, a puppet will make a statement and your goal is to say whether the puppett is right or wrong",language research UCI fun cognitive science university explanations,$1.25,Fri Nov 24 12:53:05 PST 2017,9,0,0,0,Reviewable,NotReviewed,1 cond,1800,60000,Sun Dec 24 12:53:05 PST 2017,https://requester.mturk.com/mturk/manageHIT?HITId=3EHVO81VN5LZO7WSD95MIUSN2TLH1G,33L7PJKHCGYAR0522Q0R07D42EXT8O,0,Submitted,Sat Nov 25 05:40:16 PST 2017,Fri Nov 24 12:53:10 PST 2017,Fri Nov 24 13:00:16 PST 2017,,,,,,[],"""cond3""",undefined,6.951333333333333
0,one_slider,2 did not like bugs,1,cond3,English,2,Male,25,,Yes,Comprehension skills,1,Windows,1080,1920,Chrome,3EHVO81VN5LZO7WSD95MIUSN2TLH1G,3UFCYGUHNP4CXE3VBIPPD007NZATNX,Judging whether a speaker is right or wrong about a scenario,"In this task you will be watching a short video. At the end of the video, a puppet will make a statement and your goal is to say whether the puppett is right or wrong",language research UCI fun cognitive science university explanations,$1.25,Fri Nov 24 12:53:05 PST 2017,9,0,0,0,Reviewable,NotReviewed,1 cond,1800,60000,Sun Dec 24 12:53:05 PST 2017,https://requester.mturk.com/mturk/manageHIT?HITId=3EHVO81VN5LZO7WSD95MIUSN2TLH1G,33L7PJKHCGYAR0522Q0R07D42EXT8O,0,Submitted,Sat Nov 25 05:40:16 PST 2017,Fri Nov 24 12:53:10 PST 2017,Fri Nov 24 13:00:16 PST 2017,,,,,,[],"""cond3""",undefined,6.951333333333333
1,one_slider_practice,I can remember from memory this answer is correct.,1,NA,English,2,Female,27,Thank you!,Yes,If people can remember stories,2,Windows,1080,1920,Chrome,3EHVO81VN5LZO7WSD95MIUSN2TLH1G,3UFCYGUHNP4CXE3VBIPPD007NZATNX,Judging whether a speaker is right or wrong about a scenario,"In this task you will be watching a short video. At the end of the video, a puppet will make a statement and your goal is to say whether the puppett is right or wrong",language research UCI fun cognitive science university explanations,$1.25,Fri Nov 24 12:53:05 PST 2017,9,0,0,0,Reviewable,NotReviewed,1 cond,1800,60000,Sun Dec 24 12:53:05 PST 2017,https://requester.mturk.com/mturk/manageHIT?HITId=3EHVO81VN5LZO7WSD95MIUSN2TLH1G,3TPWUS5F8914VKZ9E7L7PDGMWZ0WCN,1,Submitted,Sat Nov 25 05:41:48 PST 2017,Fri Nov 24 12:53:11 PST 2017,Fri Nov 24 13:01:48 PST 2017,,,,,,[],"""cond2""",undefined,8.429233333333332
1,one_slider_practice,I can remember from memory this answer is incorrect.,0,NA,English,2,Female,27,Thank you!,Yes,If people can remember stories,2,Windows,1080,1920,Chrome,3EHVO81VN5LZO7WSD95MIUSN2TLH1G,3UFCYGUHNP4CXE3VBIPPD007NZATNX,Judging whether a speaker is right or wrong about a scenario,"In this task you will be watching a short video. At the end of the video, a puppet will make a statement and your goal is to say whether the puppett is right or wrong",language research UCI fun cognitive science university explanations,$1.25,Fri Nov 24 12:53:05 PST 2017,9,0,0,0,Reviewable,NotReviewed,1 cond,1800,60000,Sun Dec 24 12:53:05 PST 2017,https://requester.mturk.com/mturk/manageHIT?HITId=3EHVO81VN5LZO7WSD95MIUSN2TLH1G,3TPWUS5F8914VKZ9E7L7PDGMWZ0WCN,1,Submitted,Sat Nov 25 05:41:48 PST 2017,Fri Nov 24 12:53:11 PST 2017,Fri Nov 24 13:01:48 PST 2017,,,,,,[],"""cond2""",undefined,8.429233333333332
1,one_slider,"A frog jumped over over the rock but one did not, so puppet is half correct",0.49,cond2,English,2,Female,27,Thank you!,Yes,If people can remember stories,2,Windows,1080,1920,Chrome,3EHVO81VN5LZO7WSD95MIUSN2TLH1G,3UFCYGUHNP4CXE3VBIPPD007NZATNX,Judging whether a speaker is right or wrong about a scenario,"In this task you will be watching a short video. At the end of the video, a puppet will make a statement and your goal is to say whether the puppett is right or wrong",language research UCI fun cognitive science university explanations,$1.25,Fri Nov 24 12:53:05 PST 2017,9,0,0,0,Reviewable,NotReviewed,1 cond,1800,60000,Sun Dec 24 12:53:05 PST 2017,https://requester.mturk.com/mturk/manageHIT?HITId=3EHVO81VN5LZO7WSD95MIUSN2TLH1G,3TPWUS5F8914VKZ9E7L7PDGMWZ0WCN,1,Submitted,Sat Nov 25 05:41:48 PST 2017,Fri Nov 24 12:53:11 PST 2017,Fri Nov 24 13:01:48 PST 2017,,,,,,[],"""cond2""",undefined,8.429233333333332
1,one_slider,only 2 hippos drank milk.,0,cond3,English,2,Female,27,Thank you!,Yes,If people can remember stories,2,Windows,1080,1920,Chrome,3EHVO81VN5LZO7WSD95MIUSN2TLH1G,3UFCYGUHNP4CXE3VBIPPD007NZATNX,Judging whether a speaker is right or wrong about a scenario,"In this task you will be watching a short video. At the end of the video, a puppet will make a statement and your goal is to say whether the puppett is right or wrong",language research UCI fun cognitive science university explanations,$1.25,Fri Nov 24 12:53:05 PST 2017,9,0,0,0,Reviewable,NotReviewed,1 cond,1800,60000,Sun Dec 24 12:53:05 PST 2017,https://requester.mturk.com/mturk/manageHIT?HITId=3EHVO81VN5LZO7WSD95MIUSN2TLH1G,3TPWUS5F8914VKZ9E7L7PDGMWZ0WCN,1,Submitted,Sat Nov 25 05:41:48 PST 2017,Fri Nov 24 12:53:11 PST 2017,Fri Nov 24 13:01:48 PST 2017,,,,,,[],"""cond2""",undefined,8.429233333333332
1,one_slider,2 butterflies went to the city.,0,cond4,English,2,Female,27,Thank you!,Yes,If people can remember stories,2,Windows,1080,1920,Chrome,3EHVO81VN5LZO7WSD95MIUSN2TLH1G,3UFCYGUHNP4CXE3VBIPPD007NZATNX,Judging whether a speaker is right or wrong about a scenario,"In this task you will be watching a short video. At the end of the video, a puppet will make a statement and your goal is to say whether the puppett is right or wrong",language research UCI fun cognitive science university explanations,$1.25,Fri Nov 24 12:53:05 PST 2017,9,0,0,0,Reviewable,NotReviewed,1 cond,1800,60000,Sun Dec 24 12:53:05 PST 2017,https://requester.mturk.com/mturk/manageHIT?HITId=3EHVO81VN5LZO7WSD95MIUSN2TLH1G,3TPWUS5F8914VKZ9E7L7PDGMWZ0WCN,1,Submitted,Sat Nov 25 05:41:48 PST 2017,Fri Nov 24 12:53:11 PST 2017,Fri Nov 24 13:01:48 PST 2017,,,,,,[],"""cond2""",undefined,8.429233333333332
1,one_slider,one dog rolled the ball.,0,cond1,English,2,Female,27,Thank you!,Yes,If people can remember stories,2,Windows,1080,1920,Chrome,3EHVO81VN5LZO7WSD95MIUSN2TLH1G,3UFCYGUHNP4CXE3VBIPPD007NZATNX,Judging whether a speaker is right or wrong about a scenario,"In this task you will be watching a short video. At the end of the video, a puppet will make a statement and your goal is to say whether the puppett is right or wrong",language research UCI fun cognitive science university explanations,$1.25,Fri Nov 24 12:53:05 PST 2017,9,0,0,0,Reviewable,NotReviewed,1 cond,1800,60000,Sun Dec 24 12:53:05 PST 2017,https://requester.mturk.com/mturk/manageHIT?HITId=3EHVO81VN5LZO7WSD95MIUSN2TLH1G,3TPWUS5F8914VKZ9E7L7PDGMWZ0WCN,1,Submitted,Sat Nov 25 05:41:48 PST 2017,Fri Nov 24 12:53:11 PST 2017,Fri Nov 24 13:01:48 PST 2017,,,,,,[],"""cond2""",undefined,8.429233333333332
1,one_slider,a lion bought a cookie.,0,cond1,English,2,Female,27,Thank you!,Yes,If people can remember stories,2,Windows,1080,1920,Chrome,3EHVO81VN5LZO7WSD95MIUSN2TLH1G,3UFCYGUHNP4CXE3VBIPPD007NZATNX,Judging whether a speaker is right or wrong about a scenario,"In this task you will be watching a short video. At the end of the video, a puppet will make a statement and your goal is to say whether the puppett is right or wrong",language research UCI fun cognitive science university explanations,$1.25,Fri Nov 24 12:53:05 PST 2017,9,0,0,0,Reviewable,NotReviewed,1 cond,1800,60000,Sun Dec 24 12:53:05 PST 2017,https://requester.mturk.com/mturk/manageHIT?HITId=3EHVO81VN5LZO7WSD95MIUSN2TLH1G,3TPWUS5F8914VKZ9E7L7PDGMWZ0WCN,1,Submitted,Sat Nov 25 05:41:48 PST 2017,Fri Nov 24 12:53:11 PST 2017,Fri Nov 24 13:01:48 PST 2017,,,,,,[],"""cond2""",undefined,8.429233333333332
1,one_slider,only 2 jumped,0,cond3,English,2,Female,27,Thank you!,Yes,If people can remember stories,2,Windows,1080,1920,Chrome,3EHVO81VN5LZO7WSD95MIUSN2TLH1G,3UFCYGUHNP4CXE3VBIPPD007NZATNX,Judging whether a speaker is right or wrong about a scenario,"In this task you will be watching a short video. At the end of the video, a puppet will make a statement and your goal is to say whether the puppett is right or wrong",language research UCI fun cognitive science university explanations,$1.25,Fri Nov 24 12:53:05 PST 2017,9,0,0,0,Reviewable,NotReviewed,1 cond,1800,60000,Sun Dec 24 12:53:05 PST 2017,https://requester.mturk.com/mturk/manageHIT?HITId=3EHVO81VN5LZO7WSD95MIUSN2TLH1G,3TPWUS5F8914VKZ9E7L7PDGMWZ0WCN,1,Submitted,Sat Nov 25 05:41:48 PST 2017,Fri Nov 24 12:53:11 PST 2017,Fri Nov 24 13:01:48 PST 2017,,,,,,[],"""cond2""",undefined,8.429233333333332
1,one_slider,"Puppet is half correct, one dinosaur did not eat fish.",0.46,cond2,English,2,Female,27,Thank you!,Yes,If people can remember stories,2,Windows,1080,1920,Chrome,3EHVO81VN5LZO7WSD95MIUSN2TLH1G,3UFCYGUHNP4CXE3VBIPPD007NZATNX,Judging whether a speaker is right or wrong about a scenario,"In this task you will be watching a short video. At the end of the video, a puppet will make a statement and your goal is to say whether the puppett is right or wrong",language research UCI fun cognitive science university explanations,$1.25,Fri Nov 24 12:53:05 PST 2017,9,0,0,0,Reviewable,NotReviewed,1 cond,1800,60000,Sun Dec 24 12:53:05 PST 2017,https://requester.mturk.com/mturk/manageHIT?HITId=3EHVO81VN5LZO7WSD95MIUSN2TLH1G,3TPWUS5F8914VKZ9E7L7PDGMWZ0WCN,1,Submitted,Sat Nov 25 05:41:48 PST 2017,Fri Nov 24 12:53:11 PST 2017,Fri Nov 24 13:01:48 PST 2017,,,,,,[],"""cond2""",undefined,8.429233333333332
2,one_slider_practice,Brainy smurf bought a yellow and silver car for $.02 each.,0.98,NA,English,2,Female,47,None,NA,Not a clue.,2,Windows,768,1366,Chrome,3EHVO81VN5LZO7WSD95MIUSN2TLH1G,3UFCYGUHNP4CXE3VBIPPD007NZATNX,Judging whether a speaker is right or wrong about a scenario,"In this task you will be watching a short video. At the end of the video, a puppet will make a statement and your goal is to say whether the puppett is right or wrong",language research UCI fun cognitive science university explanations,$1.25,Fri Nov 24 12:53:05 PST 2017,9,0,0,0,Reviewable,NotReviewed,1 cond,1800,60000,Sun Dec 24 12:53:05 PST 2017,https://requester.mturk.com/mturk/manageHIT?HITId=3EHVO81VN5LZO7WSD95MIUSN2TLH1G,3L0KT67Y8EGOR6J5QUTVPF5KTAMYSI,2,Submitted,Sat Nov 25 05:46:59 PST 2017,Fri Nov 24 12:53:20 PST 2017,Fri Nov 24 13:06:59 PST 2017,,,,,,[],"""cond2""",undefined,9.455766666666667
2,one_slider_practice,The 3rd dog did not jump on the table because he was too small.,0,NA,English,2,Female,47,None,NA,Not a clue.,2,Windows,768,1366,Chrome,3EHVO81VN5LZO7WSD95MIUSN2TLH1G,3UFCYGUHNP4CXE3VBIPPD007NZATNX,Judging whether a speaker is right or wrong about a scenario,"In this task you will be watching a short video. At the end of the video, a puppet will make a statement and your goal is to say whether the puppett is right or wrong",language research UCI fun cognitive science university explanations,$1.25,Fri Nov 24 12:53:05 PST 2017,9,0,0,0,Reviewable,NotReviewed,1 cond,1800,60000,Sun Dec 24 12:53:05 PST 2017,https://requester.mturk.com/mturk/manageHIT?HITId=3EHVO81VN5LZO7WSD95MIUSN2TLH1G,3L0KT67Y8EGOR6J5QUTVPF5KTAMYSI,2,Submitted,Sat Nov 25 05:46:59 PST 2017,Fri Nov 24 12:53:20 PST 2017,Fri Nov 24 13:06:59 PST 2017,,,,,,[],"""cond2""",undefined,9.455766666666667
2,one_slider,The first frog jumped over the rock but the 2nd did not because the rock was too big.,0.98,cond1,English,2,Female,47,None,NA,Not a clue.,2,Windows,768,1366,Chrome,3EHVO81VN5LZO7WSD95MIUSN2TLH1G,3UFCYGUHNP4CXE3VBIPPD007NZATNX,Judging whether a speaker is right or wrong about a scenario,"In this task you will be watching a short video. At the end of the video, a puppet will make a statement and your goal is to say whether the puppett is right or wrong",language research UCI fun cognitive science university explanations,$1.25,Fri Nov 24 12:53:05 PST 2017,9,0,0,0,Reviewable,NotReviewed,1 cond,1800,60000,Sun Dec 24 12:53:05 PST 2017,https://requester.mturk.com/mturk/manageHIT?HITId=3EHVO81VN5LZO7WSD95MIUSN2TLH1G,3L0KT67Y8EGOR6J5QUTVPF5KTAMYSI,2,Submitted,Sat Nov 25 05:46:59 PST 2017,Fri Nov 24 12:53:20 PST 2017,Fri Nov 24 13:06:59 PST 2017,,,,,,[],"""cond2""",undefined,9.455766666666667
2,one_slider,There are only two hippos.,0.01,cond2,English,2,Female,47,None,NA,Not a clue.,2,Windows,768,1366,Chrome,3EHVO81VN5LZO7WSD95MIUSN2TLH1G,3UFCYGUHNP4CXE3VBIPPD007NZATNX,Judging whether a speaker is right or wrong about a scenario,"In this task you will be watching a short video. At the end of the video, a puppet will make a statement and your goal is to say whether the puppett is right or wrong",language research UCI fun cognitive science university explanations,$1.25,Fri Nov 24 12:53:05 PST 2017,9,0,0,0,Reviewable,NotReviewed,1 cond,1800,60000,Sun Dec 24 12:53:05 PST 2017,https://requester.mturk.com/mturk/manageHIT?HITId=3EHVO81VN5LZO7WSD95MIUSN2TLH1G,3L0KT67Y8EGOR6J5QUTVPF5KTAMYSI,2,Submitted,Sat Nov 25 05:46:59 PST 2017,Fri Nov 24 12:53:20 PST 2017,Fri Nov 24 13:06:59 PST 2017,,,,,,[],"""cond2""",undefined,9.455766666666667
2,one_slider,The second butterfly did not like the forest so he went to the city.,0.98,cond2,English,2,Female,47,None,NA,Not a clue.,2,Windows,768,1366,Chrome,3EHVO81VN5LZO7WSD95MIUSN2TLH1G,3UFCYGUHNP4CXE3VBIPPD007NZATNX,Judging whether a speaker is right or wrong about a scenario,"In this task you will be watching a short video. At the end of the video, a puppet will make a statement and your goal is to say whether the puppett is right or wrong",language research UCI fun cognitive science university explanations,$1.25,Fri Nov 24 12:53:05 PST 2017,9,0,0,0,Reviewable,NotReviewed,1 cond,1800,60000,Sun Dec 24 12:53:05 PST 2017,https://requester.mturk.com/mturk/manageHIT?HITId=3EHVO81VN5LZO7WSD95MIUSN2TLH1G,3L0KT67Y8EGOR6J5QUTVPF5KTAMYSI,2,Submitted,Sat Nov 25 05:46:59 PST 2017,Fri Nov 24 12:53:20 PST 2017,Fri Nov 24 13:06:59 PST 2017,,,,,,[],"""cond2""",undefined,9.455766666666667
2,one_slider,The first dog rolled his ball.,0.01,cond2,English,2,Female,47,None,NA,Not a clue.,2,Windows,768,1366,Chrome,3EHVO81VN5LZO7WSD95MIUSN2TLH1G,3UFCYGUHNP4CXE3VBIPPD007NZATNX,Judging whether a speaker is right or wrong about a scenario,"In this task you will be watching a short video. At the end of the video, a puppet will make a statement and your goal is to say whether the puppett is right or wrong",language research UCI fun cognitive science university explanations,$1.25,Fri Nov 24 12:53:05 PST 2017,9,0,0,0,Reviewable,NotReviewed,1 cond,1800,60000,Sun Dec 24 12:53:05 PST 2017,https://requester.mturk.com/mturk/manageHIT?HITId=3EHVO81VN5LZO7WSD95MIUSN2TLH1G,3L0KT67Y8EGOR6J5QUTVPF5KTAMYSI,2,Submitted,Sat Nov 25 05:46:59 PST 2017,Fri Nov 24 12:53:20 PST 2017,Fri Nov 24 13:06:59 PST 2017,,,,,,[],"""cond2""",undefined,9.455766666666667
2,one_slider,"All 4 lions bought an egg, but only 2 bought cookies.",0.98,cond4,English,2,Female,47,None,NA,Not a clue.,2,Windows,768,1366,Chrome,3EHVO81VN5LZO7WSD95MIUSN2TLH1G,3UFCYGUHNP4CXE3VBIPPD007NZATNX,Judging whether a speaker is right or wrong about a scenario,"In this task you will be watching a short video. At the end of the video, a puppet will make a statement and your goal is to say whether the puppett is right or wrong",language research UCI fun cognitive science university explanations,$1.25,Fri Nov 24 12:53:05 PST 2017,9,0,0,0,Reviewable,NotReviewed,1 cond,1800,60000,Sun Dec 24 12:53:05 PST 2017,https://requester.mturk.com/mturk/manageHIT?HITId=3EHVO81VN5LZO7WSD95MIUSN2TLH1G,3L0KT67Y8EGOR6J5QUTVPF5KTAMYSI,2,Submitted,Sat Nov 25 05:46:59 PST 2017,Fri Nov 24 12:53:20 PST 2017,Fri Nov 24 13:06:59 PST 2017,,,,,,[],"""cond2""",undefined,9.455766666666667
2,one_slider,"Only two lizards climbed on the book, the other two thought the book was too high.",0.02,cond1,English,2,Female,47,None,NA,Not a clue.,2,Windows,768,1366,Chrome,3EHVO81VN5LZO7WSD95MIUSN2TLH1G,3UFCYGUHNP4CXE3VBIPPD007NZATNX,Judging whether a speaker is right or wrong about a scenario,"In this task you will be watching a short video. At the end of the video, a puppet will make a statement and your goal is to say whether the puppett is right or wrong",language research UCI fun cognitive science university explanations,$1.25,Fri Nov 24 12:53:05 PST 2017,9,0,0,0,Reviewable,NotReviewed,1 cond,1800,60000,Sun Dec 24 12:53:05 PST 2017,https://requester.mturk.com/mturk/manageHIT?HITId=3EHVO81VN5LZO7WSD95MIUSN2TLH1G,3L0KT67Y8EGOR6J5QUTVPF5KTAMYSI,2,Submitted,Sat Nov 25 05:46:59 PST 2017,Fri Nov 24 12:53:20 PST 2017,Fri Nov 24 13:06:59 PST 2017,,,,,,[],"""cond2""",undefined,9.455766666666667
2,one_slider,"Only one dinosaur ate a fish, the other was full from the bug.",0.99,cond2,English,2,Female,47,None,NA,Not a clue.,2,Windows,768,1366,Chrome,3EHVO81VN5LZO7WSD95MIUSN2TLH1G,3UFCYGUHNP4CXE3VBIPPD007NZATNX,Judging whether a speaker is right or wrong about a scenario,"In this task you will be watching a short video. At the end of the video, a puppet will make a statement and your goal is to say whether the puppett is right or wrong",language research UCI fun cognitive science university explanations,$1.25,Fri Nov 24 12:53:05 PST 2017,9,0,0,0,Reviewable,NotReviewed,1 cond,1800,60000,Sun Dec 24 12:53:05 PST 2017,https://requester.mturk.com/mturk/manageHIT?HITId=3EHVO81VN5LZO7WSD95MIUSN2TLH1G,3L0KT67Y8EGOR6J5QUTVPF5KTAMYSI,2,Submitted,Sat Nov 25 05:46:59 PST 2017,Fri Nov 24 12:53:20 PST 2017,Fri Nov 24 13:06:59 PST 2017,,,,,,[],"""cond2""",undefined,9.455766666666667
3,one_slider_practice,The smurf did buy two cars.,1,NA,english,2,Male,36,,Yes,"tricky sentences, and how people understand their meanings.",2,Windows,900,1440,Chrome,3EHVO81VN5LZO7WSD95MIUSN2TLH1G,3UFCYGUHNP4CXE3VBIPPD007NZATNX,Judging whether a speaker is right or wrong about a scenario,"In this task you will be watching a short video. At the end of the video, a puppet will make a statement and your goal is to say whether the puppett is right or wrong",language research UCI fun cognitive science university explanations,$1.25,Fri Nov 24 12:53:05 PST 2017,9,0,0,0,Reviewable,NotReviewed,1 cond,1800,60000,Sun Dec 24 12:53:05 PST 2017,https://requester.mturk.com/mturk/manageHIT?HITId=3EHVO81VN5LZO7WSD95MIUSN2TLH1G,3LOTDFNYA7ZBYWJJ59B8XJ1PTCSWFY,3,Submitted,Sat Nov 25 05:50:55 PST 2017,Fri Nov 24 12:53:17 PST 2017,Fri Nov 24 13:10:55 PST 2017,,,,,,[],"""cond1""",undefined,8.585766666666666
3,one_slider_practice,Only two of the three dogs jumped onto the table.,0,NA,english,2,Male,36,,Yes,"tricky sentences, and how people understand their meanings.",2,Windows,900,1440,Chrome,3EHVO81VN5LZO7WSD95MIUSN2TLH1G,3UFCYGUHNP4CXE3VBIPPD007NZATNX,Judging whether a speaker is right or wrong about a scenario,"In this task you will be watching a short video. At the end of the video, a puppet will make a statement and your goal is to say whether the puppett is right or wrong",language research UCI fun cognitive science university explanations,$1.25,Fri Nov 24 12:53:05 PST 2017,9,0,0,0,Reviewable,NotReviewed,1 cond,1800,60000,Sun Dec 24 12:53:05 PST 2017,https://requester.mturk.com/mturk/manageHIT?HITId=3EHVO81VN5LZO7WSD95MIUSN2TLH1G,3LOTDFNYA7ZBYWJJ59B8XJ1PTCSWFY,3,Submitted,Sat Nov 25 05:50:55 PST 2017,Fri Nov 24 12:53:17 PST 2017,Fri Nov 24 13:10:55 PST 2017,,,,,,[],"""cond1""",undefined,8.585766666666666
3,one_slider,"The sentence implies that both of the frogs made the jump, but only one did.",1,cond1,english,2,Male,36,,Yes,"tricky sentences, and how people understand their meanings.",2,Windows,900,1440,Chrome,3EHVO81VN5LZO7WSD95MIUSN2TLH1G,3UFCYGUHNP4CXE3VBIPPD007NZATNX,Judging whether a speaker is right or wrong about a scenario,"In this task you will be watching a short video. At the end of the video, a puppet will make a statement and your goal is to say whether the puppett is right or wrong",language research UCI fun cognitive science university explanations,$1.25,Fri Nov 24 12:53:05 PST 2017,9,0,0,0,Reviewable,NotReviewed,1 cond,1800,60000,Sun Dec 24 12:53:05 PST 2017,https://requester.mturk.com/mturk/manageHIT?HITId=3EHVO81VN5LZO7WSD95MIUSN2TLH1G,3LOTDFNYA7ZBYWJJ59B8XJ1PTCSWFY,3,Submitted,Sat Nov 25 05:50:55 PST 2017,Fri Nov 24 12:53:17 PST 2017,Fri Nov 24 13:10:55 PST 2017,,,,,,[],"""cond1""",undefined,8.585766666666666
3,one_slider,There was only two hippos.,0,cond1,english,2,Male,36,,Yes,"tricky sentences, and how people understand their meanings.",2,Windows,900,1440,Chrome,3EHVO81VN5LZO7WSD95MIUSN2TLH1G,3UFCYGUHNP4CXE3VBIPPD007NZATNX,Judging whether a speaker is right or wrong about a scenario,"In this task you will be watching a short video. At the end of the video, a puppet will make a statement and your goal is to say whether the puppett is right or wrong",language research UCI fun cognitive science university explanations,$1.25,Fri Nov 24 12:53:05 PST 2017,9,0,0,0,Reviewable,NotReviewed,1 cond,1800,60000,Sun Dec 24 12:53:05 PST 2017,https://requester.mturk.com/mturk/manageHIT?HITId=3EHVO81VN5LZO7WSD95MIUSN2TLH1G,3LOTDFNYA7ZBYWJJ59B8XJ1PTCSWFY,3,Submitted,Sat Nov 25 05:50:55 PST 2017,Fri Nov 24 12:53:17 PST 2017,Fri Nov 24 13:10:55 PST 2017,,,,,,[],"""cond1""",undefined,8.585766666666666
3,one_slider,"The sentence implies that two butterflies ended up in the city by the end, but only one did.",1,cond2,english,2,Male,36,,Yes,"tricky sentences, and how people understand their meanings.",2,Windows,900,1440,Chrome,3EHVO81VN5LZO7WSD95MIUSN2TLH1G,3UFCYGUHNP4CXE3VBIPPD007NZATNX,Judging whether a speaker is right or wrong about a scenario,"In this task you will be watching a short video. At the end of the video, a puppet will make a statement and your goal is to say whether the puppett is right or wrong",language research UCI fun cognitive science university explanations,$1.25,Fri Nov 24 12:53:05 PST 2017,9,0,0,0,Reviewable,NotReviewed,1 cond,1800,60000,Sun Dec 24 12:53:05 PST 2017,https://requester.mturk.com/mturk/manageHIT?HITId=3EHVO81VN5LZO7WSD95MIUSN2TLH1G,3LOTDFNYA7ZBYWJJ59B8XJ1PTCSWFY,3,Submitted,Sat Nov 25 05:50:55 PST 2017,Fri Nov 24 12:53:17 PST 2017,Fri Nov 24 13:10:55 PST 2017,,,,,,[],"""cond1""",undefined,8.585766666666666
3,one_slider,"The puppet is wrong because one of the dogs did, in fact, roll his ball.",0,cond4,english,2,Male,36,,Yes,"tricky sentences, and how people understand their meanings.",2,Windows,900,1440,Chrome,3EHVO81VN5LZO7WSD95MIUSN2TLH1G,3UFCYGUHNP4CXE3VBIPPD007NZATNX,Judging whether a speaker is right or wrong about a scenario,"In this task you will be watching a short video. At the end of the video, a puppet will make a statement and your goal is to say whether the puppett is right or wrong",language research UCI fun cognitive science university explanations,$1.25,Fri Nov 24 12:53:05 PST 2017,9,0,0,0,Reviewable,NotReviewed,1 cond,1800,60000,Sun Dec 24 12:53:05 PST 2017,https://requester.mturk.com/mturk/manageHIT?HITId=3EHVO81VN5LZO7WSD95MIUSN2TLH1G,3LOTDFNYA7ZBYWJJ59B8XJ1PTCSWFY,3,Submitted,Sat Nov 25 05:50:55 PST 2017,Fri Nov 24 12:53:17 PST 2017,Fri Nov 24 13:10:55 PST 2017,,,,,,[],"""cond1""",undefined,8.585766666666666
3,one_slider,"Two of the lions never bought anything, therefore two lions did not buy a cookie.",1,cond3,english,2,Male,36,,Yes,"tricky sentences, and how people understand their meanings.",2,Windows,900,1440,Chrome,3EHVO81VN5LZO7WSD95MIUSN2TLH1G,3UFCYGUHNP4CXE3VBIPPD007NZATNX,Judging whether a speaker is right or wrong about a scenario,"In this task you will be watching a short video. At the end of the video, a puppet will make a statement and your goal is to say whether the puppett is right or wrong",language research UCI fun cognitive science university explanations,$1.25,Fri Nov 24 12:53:05 PST 2017,9,0,0,0,Reviewable,NotReviewed,1 cond,1800,60000,Sun Dec 24 12:53:05 PST 2017,https://requester.mturk.com/mturk/manageHIT?HITId=3EHVO81VN5LZO7WSD95MIUSN2TLH1G,3LOTDFNYA7ZBYWJJ59B8XJ1PTCSWFY,3,Submitted,Sat Nov 25 05:50:55 PST 2017,Fri Nov 24 12:53:17 PST 2017,Fri Nov 24 13:10:55 PST 2017,,,,,,[],"""cond1""",undefined,8.585766666666666
3,one_slider,"Only two of the lizards performed that action, so the statement by the puppet is false.",0,cond4,english,2,Male,36,,Yes,"tricky sentences, and how people understand their meanings.",2,Windows,900,1440,Chrome,3EHVO81VN5LZO7WSD95MIUSN2TLH1G,3UFCYGUHNP4CXE3VBIPPD007NZATNX,Judging whether a speaker is right or wrong about a scenario,"In this task you will be watching a short video. At the end of the video, a puppet will make a statement and your goal is to say whether the puppett is right or wrong",language research UCI fun cognitive science university explanations,$1.25,Fri Nov 24 12:53:05 PST 2017,9,0,0,0,Reviewable,NotReviewed,1 cond,1800,60000,Sun Dec 24 12:53:05 PST 2017,https://requester.mturk.com/mturk/manageHIT?HITId=3EHVO81VN5LZO7WSD95MIUSN2TLH1G,3LOTDFNYA7ZBYWJJ59B8XJ1PTCSWFY,3,Submitted,Sat Nov 25 05:50:55 PST 2017,Fri Nov 24 12:53:17 PST 2017,Fri Nov 24 13:10:55 PST 2017,,,,,,[],"""cond1""",undefined,8.585766666666666
3,one_slider,"This is true because the statement would include both dinosaurs eating bugs, and only one did.",1,cond1,english,2,Male,36,,Yes,"tricky sentences, and how people understand their meanings.",2,Windows,900,1440,Chrome,3EHVO81VN5LZO7WSD95MIUSN2TLH1G,3UFCYGUHNP4CXE3VBIPPD007NZATNX,Judging whether a speaker is right or wrong about a scenario,"In this task you will be watching a short video. At the end of the video, a puppet will make a statement and your goal is to say whether the puppett is right or wrong",language research UCI fun cognitive science university explanations,$1.25,Fri Nov 24 12:53:05 PST 2017,9,0,0,0,Reviewable,NotReviewed,1 cond,1800,60000,Sun Dec 24 12:53:05 PST 2017,https://requester.mturk.com/mturk/manageHIT?HITId=3EHVO81VN5LZO7WSD95MIUSN2TLH1G,3LOTDFNYA7ZBYWJJ59B8XJ1PTCSWFY,3,Submitted,Sat Nov 25 05:50:55 PST 2017,Fri Nov 24 12:53:17 PST 2017,Fri Nov 24 13:10:55 PST 2017,,,,,,[],"""cond1""",undefined,8.585766666666666
4,one_slider_practice,The statement directly specifies exactly what happened in the situation.,1,NA,English,2,Female,27,,No,"I&quotecharm unsure what they&quotecharre trying to find, perhaps how people perceive English language.",2,Windows,900,1600,Chrome,3EHVO81VN5LZO7WSD95MIUSN2TLH1G,3UFCYGUHNP4CXE3VBIPPD007NZATNX,Judging whether a speaker is right or wrong about a scenario,"In this task you will be watching a short video. At the end of the video, a puppet will make a statement and your goal is to say whether the puppett is right or wrong",language research UCI fun cognitive science university explanations,$1.25,Fri Nov 24 12:53:05 PST 2017,9,0,0,0,Reviewable,NotReviewed,1 cond,1800,60000,Sun Dec 24 12:53:05 PST 2017,https://requester.mturk.com/mturk/manageHIT?HITId=3EHVO81VN5LZO7WSD95MIUSN2TLH1G,39KFRKBFINV9TERCJDCM5AVJWLJYOL,4,Submitted,Sat Nov 25 05:51:43 PST 2017,Fri Nov 24 12:53:14 PST 2017,Fri Nov 24 13:11:43 PST 2017,,,,,,[],"""cond2""",undefined,18.375016666666667
4,one_slider_practice,The last dog wasn&quotechart big enough to jump on the table.,0,NA,English,2,Female,27,,No,"I&quotecharm unsure what they&quotecharre trying to find, perhaps how people perceive English language.",2,Windows,900,1600,Chrome,3EHVO81VN5LZO7WSD95MIUSN2TLH1G,3UFCYGUHNP4CXE3VBIPPD007NZATNX,Judging whether a speaker is right or wrong about a scenario,"In this task you will be watching a short video. At the end of the video, a puppet will make a statement and your goal is to say whether the puppett is right or wrong",language research UCI fun cognitive science university explanations,$1.25,Fri Nov 24 12:53:05 PST 2017,9,0,0,0,Reviewable,NotReviewed,1 cond,1800,60000,Sun Dec 24 12:53:05 PST 2017,https://requester.mturk.com/mturk/manageHIT?HITId=3EHVO81VN5LZO7WSD95MIUSN2TLH1G,39KFRKBFINV9TERCJDCM5AVJWLJYOL,4,Submitted,Sat Nov 25 05:51:43 PST 2017,Fri Nov 24 12:53:14 PST 2017,Fri Nov 24 13:11:43 PST 2017,,,,,,[],"""cond2""",undefined,18.375016666666667
4,one_slider,Two of the frogs were too small.,1,cond3,English,2,Female,27,,No,"I&quotecharm unsure what they&quotecharre trying to find, perhaps how people perceive English language.",2,Windows,900,1600,Chrome,3EHVO81VN5LZO7WSD95MIUSN2TLH1G,3UFCYGUHNP4CXE3VBIPPD007NZATNX,Judging whether a speaker is right or wrong about a scenario,"In this task you will be watching a short video. At the end of the video, a puppet will make a statement and your goal is to say whether the puppett is right or wrong",language research UCI fun cognitive science university explanations,$1.25,Fri Nov 24 12:53:05 PST 2017,9,0,0,0,Reviewable,NotReviewed,1 cond,1800,60000,Sun Dec 24 12:53:05 PST 2017,https://requester.mturk.com/mturk/manageHIT?HITId=3EHVO81VN5LZO7WSD95MIUSN2TLH1G,39KFRKBFINV9TERCJDCM5AVJWLJYOL,4,Submitted,Sat Nov 25 05:51:43 PST 2017,Fri Nov 24 12:53:14 PST 2017,Fri Nov 24 13:11:43 PST 2017,,,,,,[],"""cond2""",undefined,18.375016666666667
4,one_slider,There were only two hippos.,0,cond2,English,2,Female,27,,No,"I&quotecharm unsure what they&quotecharre trying to find, perhaps how people perceive English language.",2,Windows,900,1600,Chrome,3EHVO81VN5LZO7WSD95MIUSN2TLH1G,3UFCYGUHNP4CXE3VBIPPD007NZATNX,Judging whether a speaker is right or wrong about a scenario,"In this task you will be watching a short video. At the end of the video, a puppet will make a statement and your goal is to say whether the puppett is right or wrong",language research UCI fun cognitive science university explanations,$1.25,Fri Nov 24 12:53:05 PST 2017,9,0,0,0,Reviewable,NotReviewed,1 cond,1800,60000,Sun Dec 24 12:53:05 PST 2017,https://requester.mturk.com/mturk/manageHIT?HITId=3EHVO81VN5LZO7WSD95MIUSN2TLH1G,39KFRKBFINV9TERCJDCM5AVJWLJYOL,4,Submitted,Sat Nov 25 05:51:43 PST 2017,Fri Nov 24 12:53:14 PST 2017,Fri Nov 24 13:11:43 PST 2017,,,,,,[],"""cond2""",undefined,18.375016666666667
4,one_slider,One of the butterflies went to the city.,1,cond1,English,2,Female,27,,No,"I&quotecharm unsure what they&quotecharre trying to find, perhaps how people perceive English language.",2,Windows,900,1600,Chrome,3EHVO81VN5LZO7WSD95MIUSN2TLH1G,3UFCYGUHNP4CXE3VBIPPD007NZATNX,Judging whether a speaker is right or wrong about a scenario,"In this task you will be watching a short video. At the end of the video, a puppet will make a statement and your goal is to say whether the puppett is right or wrong",language research UCI fun cognitive science university explanations,$1.25,Fri Nov 24 12:53:05 PST 2017,9,0,0,0,Reviewable,NotReviewed,1 cond,1800,60000,Sun Dec 24 12:53:05 PST 2017,https://requester.mturk.com/mturk/manageHIT?HITId=3EHVO81VN5LZO7WSD95MIUSN2TLH1G,39KFRKBFINV9TERCJDCM5AVJWLJYOL,4,Submitted,Sat Nov 25 05:51:43 PST 2017,Fri Nov 24 12:53:14 PST 2017,Fri Nov 24 13:11:43 PST 2017,,,,,,[],"""cond2""",undefined,18.375016666666667
4,one_slider,One of the dogs did roll a ball.,0,cond4,English,2,Female,27,,No,"I&quotecharm unsure what they&quotecharre trying to find, perhaps how people perceive English language.",2,Windows,900,1600,Chrome,3EHVO81VN5LZO7WSD95MIUSN2TLH1G,3UFCYGUHNP4CXE3VBIPPD007NZATNX,Judging whether a speaker is right or wrong about a scenario,"In this task you will be watching a short video. At the end of the video, a puppet will make a statement and your goal is to say whether the puppett is right or wrong",language research UCI fun cognitive science university explanations,$1.25,Fri Nov 24 12:53:05 PST 2017,9,0,0,0,Reviewable,NotReviewed,1 cond,1800,60000,Sun Dec 24 12:53:05 PST 2017,https://requester.mturk.com/mturk/manageHIT?HITId=3EHVO81VN5LZO7WSD95MIUSN2TLH1G,39KFRKBFINV9TERCJDCM5AVJWLJYOL,4,Submitted,Sat Nov 25 05:51:43 PST 2017,Fri Nov 24 12:53:14 PST 2017,Fri Nov 24 13:11:43 PST 2017,,,,,,[],"""cond2""",undefined,18.375016666666667
4,one_slider,One of the lions did buy a cookie.,0,cond1,English,2,Female,27,,No,"I&quotecharm unsure what they&quotecharre trying to find, perhaps how people perceive English language.",2,Windows,900,1600,Chrome,3EHVO81VN5LZO7WSD95MIUSN2TLH1G,3UFCYGUHNP4CXE3VBIPPD007NZATNX,Judging whether a speaker is right or wrong about a scenario,"In this task you will be watching a short video. At the end of the video, a puppet will make a statement and your goal is to say whether the puppett is right or wrong",language research UCI fun cognitive science university explanations,$1.25,Fri Nov 24 12:53:05 PST 2017,9,0,0,0,Reviewable,NotReviewed,1 cond,1800,60000,Sun Dec 24 12:53:05 PST 2017,https://requester.mturk.com/mturk/manageHIT?HITId=3EHVO81VN5LZO7WSD95MIUSN2TLH1G,39KFRKBFINV9TERCJDCM5AVJWLJYOL,4,Submitted,Sat Nov 25 05:51:43 PST 2017,Fri Nov 24 12:53:14 PST 2017,Fri Nov 24 13:11:43 PST 2017,,,,,,[],"""cond2""",undefined,18.375016666666667
4,one_slider,Only two lizards climbed onto the book.,0,cond3,English,2,Female,27,,No,"I&quotecharm unsure what they&quotecharre trying to find, perhaps how people perceive English language.",2,Windows,900,1600,Chrome,3EHVO81VN5LZO7WSD95MIUSN2TLH1G,3UFCYGUHNP4CXE3VBIPPD007NZATNX,Judging whether a speaker is right or wrong about a scenario,"In this task you will be watching a short video. At the end of the video, a puppet will make a statement and your goal is to say whether the puppett is right or wrong",language research UCI fun cognitive science university explanations,$1.25,Fri Nov 24 12:53:05 PST 2017,9,0,0,0,Reviewable,NotReviewed,1 cond,1800,60000,Sun Dec 24 12:53:05 PST 2017,https://requester.mturk.com/mturk/manageHIT?HITId=3EHVO81VN5LZO7WSD95MIUSN2TLH1G,39KFRKBFINV9TERCJDCM5AVJWLJYOL,4,Submitted,Sat Nov 25 05:51:43 PST 2017,Fri Nov 24 12:53:14 PST 2017,Fri Nov 24 13:11:43 PST 2017,,,,,,[],"""cond2""",undefined,18.375016666666667
4,one_slider,"Only one dinosaur ate a fish, so the puppet is correct.",1,cond2,English,2,Female,27,,No,"I&quotecharm unsure what they&quotecharre trying to find, perhaps how people perceive English language.",2,Windows,900,1600,Chrome,3EHVO81VN5LZO7WSD95MIUSN2TLH1G,3UFCYGUHNP4CXE3VBIPPD007NZATNX,Judging whether a speaker is right or wrong about a scenario,"In this task you will be watching a short video. At the end of the video, a puppet will make a statement and your goal is to say whether the puppett is right or wrong",language research UCI fun cognitive science university explanations,$1.25,Fri Nov 24 12:53:05 PST 2017,9,0,0,0,Reviewable,NotReviewed,1 cond,1800,60000,Sun Dec 24 12:53:05 PST 2017,https://requester.mturk.com/mturk/manageHIT?HITId=3EHVO81VN5LZO7WSD95MIUSN2TLH1G,39KFRKBFINV9TERCJDCM5AVJWLJYOL,4,Submitted,Sat Nov 25 05:51:43 PST 2017,Fri Nov 24 12:53:14 PST 2017,Fri Nov 24 13:11:43 PST 2017,,,,,,[],"""cond2""",undefined,18.375016666666667
5,one_slider_practice,2 cars were purchased.,1,NA,English,1,Male,47,The female speaker has a hard-to understand accent.,No,I don&quotechart know,2,Windows,1080,1920,Chrome,3EHVO81VN5LZO7WSD95MIUSN2TLH1G,3UFCYGUHNP4CXE3VBIPPD007NZATNX,Judging whether a speaker is right or wrong about a scenario,"In this task you will be watching a short video. At the end of the video, a puppet will make a statement and your goal is to say whether the puppett is right or wrong",language research UCI fun cognitive science university explanations,$1.25,Fri Nov 24 12:53:05 PST 2017,9,0,0,0,Reviewable,NotReviewed,1 cond,1800,60000,Sun Dec 24 12:53:05 PST 2017,https://requester.mturk.com/mturk/manageHIT?HITId=3EHVO81VN5LZO7WSD95MIUSN2TLH1G,33CUSNVVNNCRTGDEZSPW9BHHO1E88G,5,Submitted,Sat Nov 25 05:54:46 PST 2017,Fri Nov 24 13:05:32 PST 2017,Fri Nov 24 13:14:46 PST 2017,,,,,,[],"""cond1""",undefined,9.172466666666667
5,one_slider_practice,the third dog did not jump on the table,0,NA,English,1,Male,47,The female speaker has a hard-to understand accent.,No,I don&quotechart know,2,Windows,1080,1920,Chrome,3EHVO81VN5LZO7WSD95MIUSN2TLH1G,3UFCYGUHNP4CXE3VBIPPD007NZATNX,Judging whether a speaker is right or wrong about a scenario,"In this task you will be watching a short video. At the end of the video, a puppet will make a statement and your goal is to say whether the puppett is right or wrong",language research UCI fun cognitive science university explanations,$1.25,Fri Nov 24 12:53:05 PST 2017,9,0,0,0,Reviewable,NotReviewed,1 cond,1800,60000,Sun Dec 24 12:53:05 PST 2017,https://requester.mturk.com/mturk/manageHIT?HITId=3EHVO81VN5LZO7WSD95MIUSN2TLH1G,33CUSNVVNNCRTGDEZSPW9BHHO1E88G,5,Submitted,Sat Nov 25 05:54:46 PST 2017,Fri Nov 24 13:05:32 PST 2017,Fri Nov 24 13:14:46 PST 2017,,,,,,[],"""cond1""",undefined,9.172466666666667
5,one_slider,"only one frog jumped over the rock
",1,cond1,English,1,Male,47,The female speaker has a hard-to understand accent.,No,I don&quotechart know,2,Windows,1080,1920,Chrome,3EHVO81VN5LZO7WSD95MIUSN2TLH1G,3UFCYGUHNP4CXE3VBIPPD007NZATNX,Judging whether a speaker is right or wrong about a scenario,"In this task you will be watching a short video. At the end of the video, a puppet will make a statement and your goal is to say whether the puppett is right or wrong",language research UCI fun cognitive science university explanations,$1.25,Fri Nov 24 12:53:05 PST 2017,9,0,0,0,Reviewable,NotReviewed,1 cond,1800,60000,Sun Dec 24 12:53:05 PST 2017,https://requester.mturk.com/mturk/manageHIT?HITId=3EHVO81VN5LZO7WSD95MIUSN2TLH1G,33CUSNVVNNCRTGDEZSPW9BHHO1E88G,5,Submitted,Sat Nov 25 05:54:46 PST 2017,Fri Nov 24 13:05:32 PST 2017,Fri Nov 24 13:14:46 PST 2017,,,,,,[],"""cond1""",undefined,9.172466666666667
5,one_slider,there were only 2 hippos,0,cond3,English,1,Male,47,The female speaker has a hard-to understand accent.,No,I don&quotechart know,2,Windows,1080,1920,Chrome,3EHVO81VN5LZO7WSD95MIUSN2TLH1G,3UFCYGUHNP4CXE3VBIPPD007NZATNX,Judging whether a speaker is right or wrong about a scenario,"In this task you will be watching a short video. At the end of the video, a puppet will make a statement and your goal is to say whether the puppett is right or wrong",language research UCI fun cognitive science university explanations,$1.25,Fri Nov 24 12:53:05 PST 2017,9,0,0,0,Reviewable,NotReviewed,1 cond,1800,60000,Sun Dec 24 12:53:05 PST 2017,https://requester.mturk.com/mturk/manageHIT?HITId=3EHVO81VN5LZO7WSD95MIUSN2TLH1G,33CUSNVVNNCRTGDEZSPW9BHHO1E88G,5,Submitted,Sat Nov 25 05:54:46 PST 2017,Fri Nov 24 13:05:32 PST 2017,Fri Nov 24 13:14:46 PST 2017,,,,,,[],"""cond1""",undefined,9.172466666666667
5,one_slider,only one butterfly went to the city.,1,cond2,English,1,Male,47,The female speaker has a hard-to understand accent.,No,I don&quotechart know,2,Windows,1080,1920,Chrome,3EHVO81VN5LZO7WSD95MIUSN2TLH1G,3UFCYGUHNP4CXE3VBIPPD007NZATNX,Judging whether a speaker is right or wrong about a scenario,"In this task you will be watching a short video. At the end of the video, a puppet will make a statement and your goal is to say whether the puppett is right or wrong",language research UCI fun cognitive science university explanations,$1.25,Fri Nov 24 12:53:05 PST 2017,9,0,0,0,Reviewable,NotReviewed,1 cond,1800,60000,Sun Dec 24 12:53:05 PST 2017,https://requester.mturk.com/mturk/manageHIT?HITId=3EHVO81VN5LZO7WSD95MIUSN2TLH1G,33CUSNVVNNCRTGDEZSPW9BHHO1E88G,5,Submitted,Sat Nov 25 05:54:46 PST 2017,Fri Nov 24 13:05:32 PST 2017,Fri Nov 24 13:14:46 PST 2017,,,,,,[],"""cond1""",undefined,9.172466666666667
5,one_slider,the first dog rolled it&quotechars ball,0,cond4,English,1,Male,47,The female speaker has a hard-to understand accent.,No,I don&quotechart know,2,Windows,1080,1920,Chrome,3EHVO81VN5LZO7WSD95MIUSN2TLH1G,3UFCYGUHNP4CXE3VBIPPD007NZATNX,Judging whether a speaker is right or wrong about a scenario,"In this task you will be watching a short video. At the end of the video, a puppet will make a statement and your goal is to say whether the puppett is right or wrong",language research UCI fun cognitive science university explanations,$1.25,Fri Nov 24 12:53:05 PST 2017,9,0,0,0,Reviewable,NotReviewed,1 cond,1800,60000,Sun Dec 24 12:53:05 PST 2017,https://requester.mturk.com/mturk/manageHIT?HITId=3EHVO81VN5LZO7WSD95MIUSN2TLH1G,33CUSNVVNNCRTGDEZSPW9BHHO1E88G,5,Submitted,Sat Nov 25 05:54:46 PST 2017,Fri Nov 24 13:05:32 PST 2017,Fri Nov 24 13:14:46 PST 2017,,,,,,[],"""cond1""",undefined,9.172466666666667
5,one_slider,2 of the 4 lions didn&quotechart buy anything,1,cond3,English,1,Male,47,The female speaker has a hard-to understand accent.,No,I don&quotechart know,2,Windows,1080,1920,Chrome,3EHVO81VN5LZO7WSD95MIUSN2TLH1G,3UFCYGUHNP4CXE3VBIPPD007NZATNX,Judging whether a speaker is right or wrong about a scenario,"In this task you will be watching a short video. At the end of the video, a puppet will make a statement and your goal is to say whether the puppett is right or wrong",language research UCI fun cognitive science university explanations,$1.25,Fri Nov 24 12:53:05 PST 2017,9,0,0,0,Reviewable,NotReviewed,1 cond,1800,60000,Sun Dec 24 12:53:05 PST 2017,https://requester.mturk.com/mturk/manageHIT?HITId=3EHVO81VN5LZO7WSD95MIUSN2TLH1G,33CUSNVVNNCRTGDEZSPW9BHHO1E88G,5,Submitted,Sat Nov 25 05:54:46 PST 2017,Fri Nov 24 13:05:32 PST 2017,Fri Nov 24 13:14:46 PST 2017,,,,,,[],"""cond1""",undefined,9.172466666666667
5,one_slider,only 2 lizards climbed on the book,0,cond4,English,1,Male,47,The female speaker has a hard-to understand accent.,No,I don&quotechart know,2,Windows,1080,1920,Chrome,3EHVO81VN5LZO7WSD95MIUSN2TLH1G,3UFCYGUHNP4CXE3VBIPPD007NZATNX,Judging whether a speaker is right or wrong about a scenario,"In this task you will be watching a short video. At the end of the video, a puppet will make a statement and your goal is to say whether the puppett is right or wrong",language research UCI fun cognitive science university explanations,$1.25,Fri Nov 24 12:53:05 PST 2017,9,0,0,0,Reviewable,NotReviewed,1 cond,1800,60000,Sun Dec 24 12:53:05 PST 2017,https://requester.mturk.com/mturk/manageHIT?HITId=3EHVO81VN5LZO7WSD95MIUSN2TLH1G,33CUSNVVNNCRTGDEZSPW9BHHO1E88G,5,Submitted,Sat Nov 25 05:54:46 PST 2017,Fri Nov 24 13:05:32 PST 2017,Fri Nov 24 13:14:46 PST 2017,,,,,,[],"""cond1""",undefined,9.172466666666667
5,one_slider,1 dinosaur ate a bug,0,cond1,English,1,Male,47,The female speaker has a hard-to understand accent.,No,I don&quotechart know,2,Windows,1080,1920,Chrome,3EHVO81VN5LZO7WSD95MIUSN2TLH1G,3UFCYGUHNP4CXE3VBIPPD007NZATNX,Judging whether a speaker is right or wrong about a scenario,"In this task you will be watching a short video. At the end of the video, a puppet will make a statement and your goal is to say whether the puppett is right or wrong",language research UCI fun cognitive science university explanations,$1.25,Fri Nov 24 12:53:05 PST 2017,9,0,0,0,Reviewable,NotReviewed,1 cond,1800,60000,Sun Dec 24 12:53:05 PST 2017,https://requester.mturk.com/mturk/manageHIT?HITId=3EHVO81VN5LZO7WSD95MIUSN2TLH1G,33CUSNVVNNCRTGDEZSPW9BHHO1E88G,5,Submitted,Sat Nov 25 05:54:46 PST 2017,Fri Nov 24 13:05:32 PST 2017,Fri Nov 24 13:14:46 PST 2017,,,,,,[],"""cond1""",undefined,9.172466666666667
6,one_slider_practice,the smurf bought a yellow and silver car,0.98,NA,English,2,Male,30,,Yes,interpretation of information,3,Windows,768,1366,Chrome,3EHVO81VN5LZO7WSD95MIUSN2TLH1G,3UFCYGUHNP4CXE3VBIPPD007NZATNX,Judging whether a speaker is right or wrong about a scenario,"In this task you will be watching a short video. At the end of the video, a puppet will make a statement and your goal is to say whether the puppett is right or wrong",language research UCI fun cognitive science university explanations,$1.25,Fri Nov 24 12:53:05 PST 2017,9,0,0,0,Reviewable,NotReviewed,1 cond,1800,60000,Sun Dec 24 12:53:05 PST 2017,https://requester.mturk.com/mturk/manageHIT?HITId=3EHVO81VN5LZO7WSD95MIUSN2TLH1G,3R08VXYT7CVYJ34DNQDW9RO8VOA7W6,6,Submitted,Sat Nov 25 05:59:15 PST 2017,Fri Nov 24 12:53:15 PST 2017,Fri Nov 24 13:19:15 PST 2017,,,,,,[],"""cond2""",undefined,11.081
6,one_slider_practice,"only two dogs did, the third one was too small to jump",0,NA,English,2,Male,30,,Yes,interpretation of information,3,Windows,768,1366,Chrome,3EHVO81VN5LZO7WSD95MIUSN2TLH1G,3UFCYGUHNP4CXE3VBIPPD007NZATNX,Judging whether a speaker is right or wrong about a scenario,"In this task you will be watching a short video. At the end of the video, a puppet will make a statement and your goal is to say whether the puppett is right or wrong",language research UCI fun cognitive science university explanations,$1.25,Fri Nov 24 12:53:05 PST 2017,9,0,0,0,Reviewable,NotReviewed,1 cond,1800,60000,Sun Dec 24 12:53:05 PST 2017,https://requester.mturk.com/mturk/manageHIT?HITId=3EHVO81VN5LZO7WSD95MIUSN2TLH1G,3R08VXYT7CVYJ34DNQDW9RO8VOA7W6,6,Submitted,Sat Nov 25 05:59:15 PST 2017,Fri Nov 24 12:53:15 PST 2017,Fri Nov 24 13:19:15 PST 2017,,,,,,[],"""cond2""",undefined,11.081
6,one_slider,Only the bigger frogs jumped over the rock,0.99,cond3,English,2,Male,30,,Yes,interpretation of information,3,Windows,768,1366,Chrome,3EHVO81VN5LZO7WSD95MIUSN2TLH1G,3UFCYGUHNP4CXE3VBIPPD007NZATNX,Judging whether a speaker is right or wrong about a scenario,"In this task you will be watching a short video. At the end of the video, a puppet will make a statement and your goal is to say whether the puppett is right or wrong",language research UCI fun cognitive science university explanations,$1.25,Fri Nov 24 12:53:05 PST 2017,9,0,0,0,Reviewable,NotReviewed,1 cond,1800,60000,Sun Dec 24 12:53:05 PST 2017,https://requester.mturk.com/mturk/manageHIT?HITId=3EHVO81VN5LZO7WSD95MIUSN2TLH1G,3R08VXYT7CVYJ34DNQDW9RO8VOA7W6,6,Submitted,Sat Nov 25 05:59:15 PST 2017,Fri Nov 24 12:53:15 PST 2017,Fri Nov 24 13:19:15 PST 2017,,,,,,[],"""cond2""",undefined,11.081
6,one_slider,There are only two hippos described in the story,0,cond4,English,2,Male,30,,Yes,interpretation of information,3,Windows,768,1366,Chrome,3EHVO81VN5LZO7WSD95MIUSN2TLH1G,3UFCYGUHNP4CXE3VBIPPD007NZATNX,Judging whether a speaker is right or wrong about a scenario,"In this task you will be watching a short video. At the end of the video, a puppet will make a statement and your goal is to say whether the puppett is right or wrong",language research UCI fun cognitive science university explanations,$1.25,Fri Nov 24 12:53:05 PST 2017,9,0,0,0,Reviewable,NotReviewed,1 cond,1800,60000,Sun Dec 24 12:53:05 PST 2017,https://requester.mturk.com/mturk/manageHIT?HITId=3EHVO81VN5LZO7WSD95MIUSN2TLH1G,3R08VXYT7CVYJ34DNQDW9RO8VOA7W6,6,Submitted,Sat Nov 25 05:59:15 PST 2017,Fri Nov 24 12:53:15 PST 2017,Fri Nov 24 13:19:15 PST 2017,,,,,,[],"""cond2""",undefined,11.081
6,one_slider,one went to the city and the other went to the forest,0.01,cond1,English,2,Male,30,,Yes,interpretation of information,3,Windows,768,1366,Chrome,3EHVO81VN5LZO7WSD95MIUSN2TLH1G,3UFCYGUHNP4CXE3VBIPPD007NZATNX,Judging whether a speaker is right or wrong about a scenario,"In this task you will be watching a short video. At the end of the video, a puppet will make a statement and your goal is to say whether the puppett is right or wrong",language research UCI fun cognitive science university explanations,$1.25,Fri Nov 24 12:53:05 PST 2017,9,0,0,0,Reviewable,NotReviewed,1 cond,1800,60000,Sun Dec 24 12:53:05 PST 2017,https://requester.mturk.com/mturk/manageHIT?HITId=3EHVO81VN5LZO7WSD95MIUSN2TLH1G,3R08VXYT7CVYJ34DNQDW9RO8VOA7W6,6,Submitted,Sat Nov 25 05:59:15 PST 2017,Fri Nov 24 12:53:15 PST 2017,Fri Nov 24 13:19:15 PST 2017,,,,,,[],"""cond2""",undefined,11.081
6,one_slider,One of the dogs rolled the ball,0.02,cond2,English,2,Male,30,,Yes,interpretation of information,3,Windows,768,1366,Chrome,3EHVO81VN5LZO7WSD95MIUSN2TLH1G,3UFCYGUHNP4CXE3VBIPPD007NZATNX,Judging whether a speaker is right or wrong about a scenario,"In this task you will be watching a short video. At the end of the video, a puppet will make a statement and your goal is to say whether the puppett is right or wrong",language research UCI fun cognitive science university explanations,$1.25,Fri Nov 24 12:53:05 PST 2017,9,0,0,0,Reviewable,NotReviewed,1 cond,1800,60000,Sun Dec 24 12:53:05 PST 2017,https://requester.mturk.com/mturk/manageHIT?HITId=3EHVO81VN5LZO7WSD95MIUSN2TLH1G,3R08VXYT7CVYJ34DNQDW9RO8VOA7W6,6,Submitted,Sat Nov 25 05:59:15 PST 2017,Fri Nov 24 12:53:15 PST 2017,Fri Nov 24 13:19:15 PST 2017,,,,,,[],"""cond2""",undefined,11.081
6,one_slider,One of the lions did buy a cookie,0.03,cond1,English,2,Male,30,,Yes,interpretation of information,3,Windows,768,1366,Chrome,3EHVO81VN5LZO7WSD95MIUSN2TLH1G,3UFCYGUHNP4CXE3VBIPPD007NZATNX,Judging whether a speaker is right or wrong about a scenario,"In this task you will be watching a short video. At the end of the video, a puppet will make a statement and your goal is to say whether the puppett is right or wrong",language research UCI fun cognitive science university explanations,$1.25,Fri Nov 24 12:53:05 PST 2017,9,0,0,0,Reviewable,NotReviewed,1 cond,1800,60000,Sun Dec 24 12:53:05 PST 2017,https://requester.mturk.com/mturk/manageHIT?HITId=3EHVO81VN5LZO7WSD95MIUSN2TLH1G,3R08VXYT7CVYJ34DNQDW9RO8VOA7W6,6,Submitted,Sat Nov 25 05:59:15 PST 2017,Fri Nov 24 12:53:15 PST 2017,Fri Nov 24 13:19:15 PST 2017,,,,,,[],"""cond2""",undefined,11.081
6,one_slider,"Only two did, the other were afraid that the book was too high",0,cond3,English,2,Male,30,,Yes,interpretation of information,3,Windows,768,1366,Chrome,3EHVO81VN5LZO7WSD95MIUSN2TLH1G,3UFCYGUHNP4CXE3VBIPPD007NZATNX,Judging whether a speaker is right or wrong about a scenario,"In this task you will be watching a short video. At the end of the video, a puppet will make a statement and your goal is to say whether the puppett is right or wrong",language research UCI fun cognitive science university explanations,$1.25,Fri Nov 24 12:53:05 PST 2017,9,0,0,0,Reviewable,NotReviewed,1 cond,1800,60000,Sun Dec 24 12:53:05 PST 2017,https://requester.mturk.com/mturk/manageHIT?HITId=3EHVO81VN5LZO7WSD95MIUSN2TLH1G,3R08VXYT7CVYJ34DNQDW9RO8VOA7W6,6,Submitted,Sat Nov 25 05:59:15 PST 2017,Fri Nov 24 12:53:15 PST 2017,Fri Nov 24 13:19:15 PST 2017,,,,,,[],"""cond2""",undefined,11.081
6,one_slider,"only one dinosaur ate the fish, the other one was full",0.88,cond2,English,2,Male,30,,Yes,interpretation of information,3,Windows,768,1366,Chrome,3EHVO81VN5LZO7WSD95MIUSN2TLH1G,3UFCYGUHNP4CXE3VBIPPD007NZATNX,Judging whether a speaker is right or wrong about a scenario,"In this task you will be watching a short video. At the end of the video, a puppet will make a statement and your goal is to say whether the puppett is right or wrong",language research UCI fun cognitive science university explanations,$1.25,Fri Nov 24 12:53:05 PST 2017,9,0,0,0,Reviewable,NotReviewed,1 cond,1800,60000,Sun Dec 24 12:53:05 PST 2017,https://requester.mturk.com/mturk/manageHIT?HITId=3EHVO81VN5LZO7WSD95MIUSN2TLH1G,3R08VXYT7CVYJ34DNQDW9RO8VOA7W6,6,Submitted,Sat Nov 25 05:59:15 PST 2017,Fri Nov 24 12:53:15 PST 2017,Fri Nov 24 13:19:15 PST 2017,,,,,,[],"""cond2""",undefined,11.081
7,one_slider_practice,The smurf paid $.04 for the cars and had $.01 left over.,0.98,NA,english,1,Male,47,,Yes,I dont know,3,Mac,900,1440,Chrome,3EHVO81VN5LZO7WSD95MIUSN2TLH1G,3UFCYGUHNP4CXE3VBIPPD007NZATNX,Judging whether a speaker is right or wrong about a scenario,"In this task you will be watching a short video. At the end of the video, a puppet will make a statement and your goal is to say whether the puppett is right or wrong",language research UCI fun cognitive science university explanations,$1.25,Fri Nov 24 12:53:05 PST 2017,9,0,0,0,Reviewable,NotReviewed,1 cond,1800,60000,Sun Dec 24 12:53:05 PST 2017,https://requester.mturk.com/mturk/manageHIT?HITId=3EHVO81VN5LZO7WSD95MIUSN2TLH1G,34FNN24DCM9NL4LUEYGNW4VSFQH5YQ,7,Submitted,Sat Nov 25 06:06:50 PST 2017,Fri Nov 24 13:16:51 PST 2017,Fri Nov 24 13:26:50 PST 2017,,,,,,[],"""cond4""",undefined,7.886433333333334
7,one_slider_practice,The last dog decided not to jump on the table.,0.01,NA,english,1,Male,47,,Yes,I dont know,3,Mac,900,1440,Chrome,3EHVO81VN5LZO7WSD95MIUSN2TLH1G,3UFCYGUHNP4CXE3VBIPPD007NZATNX,Judging whether a speaker is right or wrong about a scenario,"In this task you will be watching a short video. At the end of the video, a puppet will make a statement and your goal is to say whether the puppett is right or wrong",language research UCI fun cognitive science university explanations,$1.25,Fri Nov 24 12:53:05 PST 2017,9,0,0,0,Reviewable,NotReviewed,1 cond,1800,60000,Sun Dec 24 12:53:05 PST 2017,https://requester.mturk.com/mturk/manageHIT?HITId=3EHVO81VN5LZO7WSD95MIUSN2TLH1G,34FNN24DCM9NL4LUEYGNW4VSFQH5YQ,7,Submitted,Sat Nov 25 06:06:50 PST 2017,Fri Nov 24 13:16:51 PST 2017,Fri Nov 24 13:26:50 PST 2017,,,,,,[],"""cond4""",undefined,7.886433333333334
7,one_slider,The 1st one did,0.01,cond1,english,1,Male,47,,Yes,I dont know,3,Mac,900,1440,Chrome,3EHVO81VN5LZO7WSD95MIUSN2TLH1G,3UFCYGUHNP4CXE3VBIPPD007NZATNX,Judging whether a speaker is right or wrong about a scenario,"In this task you will be watching a short video. At the end of the video, a puppet will make a statement and your goal is to say whether the puppett is right or wrong",language research UCI fun cognitive science university explanations,$1.25,Fri Nov 24 12:53:05 PST 2017,9,0,0,0,Reviewable,NotReviewed,1 cond,1800,60000,Sun Dec 24 12:53:05 PST 2017,https://requester.mturk.com/mturk/manageHIT?HITId=3EHVO81VN5LZO7WSD95MIUSN2TLH1G,34FNN24DCM9NL4LUEYGNW4VSFQH5YQ,7,Submitted,Sat Nov 25 06:06:50 PST 2017,Fri Nov 24 13:16:51 PST 2017,Fri Nov 24 13:26:50 PST 2017,,,,,,[],"""cond4""",undefined,7.886433333333334
7,one_slider,There were only 2,0.98,cond4,english,1,Male,47,,Yes,I dont know,3,Mac,900,1440,Chrome,3EHVO81VN5LZO7WSD95MIUSN2TLH1G,3UFCYGUHNP4CXE3VBIPPD007NZATNX,Judging whether a speaker is right or wrong about a scenario,"In this task you will be watching a short video. At the end of the video, a puppet will make a statement and your goal is to say whether the puppett is right or wrong",language research UCI fun cognitive science university explanations,$1.25,Fri Nov 24 12:53:05 PST 2017,9,0,0,0,Reviewable,NotReviewed,1 cond,1800,60000,Sun Dec 24 12:53:05 PST 2017,https://requester.mturk.com/mturk/manageHIT?HITId=3EHVO81VN5LZO7WSD95MIUSN2TLH1G,34FNN24DCM9NL4LUEYGNW4VSFQH5YQ,7,Submitted,Sat Nov 25 06:06:50 PST 2017,Fri Nov 24 13:16:51 PST 2017,Fri Nov 24 13:26:50 PST 2017,,,,,,[],"""cond4""",undefined,7.886433333333334
7,one_slider,4 butterflies went to the forest originally.,0.01,cond4,english,1,Male,47,,Yes,I dont know,3,Mac,900,1440,Chrome,3EHVO81VN5LZO7WSD95MIUSN2TLH1G,3UFCYGUHNP4CXE3VBIPPD007NZATNX,Judging whether a speaker is right or wrong about a scenario,"In this task you will be watching a short video. At the end of the video, a puppet will make a statement and your goal is to say whether the puppett is right or wrong",language research UCI fun cognitive science university explanations,$1.25,Fri Nov 24 12:53:05 PST 2017,9,0,0,0,Reviewable,NotReviewed,1 cond,1800,60000,Sun Dec 24 12:53:05 PST 2017,https://requester.mturk.com/mturk/manageHIT?HITId=3EHVO81VN5LZO7WSD95MIUSN2TLH1G,34FNN24DCM9NL4LUEYGNW4VSFQH5YQ,7,Submitted,Sat Nov 25 06:06:50 PST 2017,Fri Nov 24 13:16:51 PST 2017,Fri Nov 24 13:26:50 PST 2017,,,,,,[],"""cond4""",undefined,7.886433333333334
7,one_slider,the 1st dog rolled its ball,0.03,cond2,english,1,Male,47,,Yes,I dont know,3,Mac,900,1440,Chrome,3EHVO81VN5LZO7WSD95MIUSN2TLH1G,3UFCYGUHNP4CXE3VBIPPD007NZATNX,Judging whether a speaker is right or wrong about a scenario,"In this task you will be watching a short video. At the end of the video, a puppet will make a statement and your goal is to say whether the puppett is right or wrong",language research UCI fun cognitive science university explanations,$1.25,Fri Nov 24 12:53:05 PST 2017,9,0,0,0,Reviewable,NotReviewed,1 cond,1800,60000,Sun Dec 24 12:53:05 PST 2017,https://requester.mturk.com/mturk/manageHIT?HITId=3EHVO81VN5LZO7WSD95MIUSN2TLH1G,34FNN24DCM9NL4LUEYGNW4VSFQH5YQ,7,Submitted,Sat Nov 25 06:06:50 PST 2017,Fri Nov 24 13:16:51 PST 2017,Fri Nov 24 13:26:50 PST 2017,,,,,,[],"""cond4""",undefined,7.886433333333334
7,one_slider,The 2nd 2 lions didn&quotechart buy a cookie,0.98,cond3,english,1,Male,47,,Yes,I dont know,3,Mac,900,1440,Chrome,3EHVO81VN5LZO7WSD95MIUSN2TLH1G,3UFCYGUHNP4CXE3VBIPPD007NZATNX,Judging whether a speaker is right or wrong about a scenario,"In this task you will be watching a short video. At the end of the video, a puppet will make a statement and your goal is to say whether the puppett is right or wrong",language research UCI fun cognitive science university explanations,$1.25,Fri Nov 24 12:53:05 PST 2017,9,0,0,0,Reviewable,NotReviewed,1 cond,1800,60000,Sun Dec 24 12:53:05 PST 2017,https://requester.mturk.com/mturk/manageHIT?HITId=3EHVO81VN5LZO7WSD95MIUSN2TLH1G,34FNN24DCM9NL4LUEYGNW4VSFQH5YQ,7,Submitted,Sat Nov 25 06:06:50 PST 2017,Fri Nov 24 13:16:51 PST 2017,Fri Nov 24 13:26:50 PST 2017,,,,,,[],"""cond4""",undefined,7.886433333333334
7,one_slider,The last 2 lizards did not climb on the book,0.03,cond2,english,1,Male,47,,Yes,I dont know,3,Mac,900,1440,Chrome,3EHVO81VN5LZO7WSD95MIUSN2TLH1G,3UFCYGUHNP4CXE3VBIPPD007NZATNX,Judging whether a speaker is right or wrong about a scenario,"In this task you will be watching a short video. At the end of the video, a puppet will make a statement and your goal is to say whether the puppett is right or wrong",language research UCI fun cognitive science university explanations,$1.25,Fri Nov 24 12:53:05 PST 2017,9,0,0,0,Reviewable,NotReviewed,1 cond,1800,60000,Sun Dec 24 12:53:05 PST 2017,https://requester.mturk.com/mturk/manageHIT?HITId=3EHVO81VN5LZO7WSD95MIUSN2TLH1G,34FNN24DCM9NL4LUEYGNW4VSFQH5YQ,7,Submitted,Sat Nov 25 06:06:50 PST 2017,Fri Nov 24 13:16:51 PST 2017,Fri Nov 24 13:26:50 PST 2017,,,,,,[],"""cond4""",undefined,7.886433333333334
7,one_slider,4 dinos ate fish,0,cond4,english,1,Male,47,,Yes,I dont know,3,Mac,900,1440,Chrome,3EHVO81VN5LZO7WSD95MIUSN2TLH1G,3UFCYGUHNP4CXE3VBIPPD007NZATNX,Judging whether a speaker is right or wrong about a scenario,"In this task you will be watching a short video. At the end of the video, a puppet will make a statement and your goal is to say whether the puppett is right or wrong",language research UCI fun cognitive science university explanations,$1.25,Fri Nov 24 12:53:05 PST 2017,9,0,0,0,Reviewable,NotReviewed,1 cond,1800,60000,Sun Dec 24 12:53:05 PST 2017,https://requester.mturk.com/mturk/manageHIT?HITId=3EHVO81VN5LZO7WSD95MIUSN2TLH1G,34FNN24DCM9NL4LUEYGNW4VSFQH5YQ,7,Submitted,Sat Nov 25 06:06:50 PST 2017,Fri Nov 24 13:16:51 PST 2017,Fri Nov 24 13:26:50 PST 2017,,,,,,[],"""cond4""",undefined,7.886433333333334
8,one_slider_practice,One of two smurfs bought two cars each for 2 pennies.,0.8,NA,English,1,Male,22,,Yes,,1,Mac,800,1280,Chrome,3EHVO81VN5LZO7WSD95MIUSN2TLH1G,3UFCYGUHNP4CXE3VBIPPD007NZATNX,Judging whether a speaker is right or wrong about a scenario,"In this task you will be watching a short video. At the end of the video, a puppet will make a statement and your goal is to say whether the puppett is right or wrong",language research UCI fun cognitive science university explanations,$1.25,Fri Nov 24 12:53:05 PST 2017,9,0,0,0,Reviewable,NotReviewed,1 cond,1800,60000,Sun Dec 24 12:53:05 PST 2017,https://requester.mturk.com/mturk/manageHIT?HITId=3EHVO81VN5LZO7WSD95MIUSN2TLH1G,3R6P78PK7KBPKFBKLOCFSKU2QXNGT4,8,Submitted,Sat Nov 25 07:27:22 PST 2017,Fri Nov 24 14:38:34 PST 2017,Fri Nov 24 14:47:22 PST 2017,,,,,,[],"""cond4""",undefined,8.78345
8,one_slider_practice,The last dog was too small to jump on the table,0,NA,English,1,Male,22,,Yes,,1,Mac,800,1280,Chrome,3EHVO81VN5LZO7WSD95MIUSN2TLH1G,3UFCYGUHNP4CXE3VBIPPD007NZATNX,Judging whether a speaker is right or wrong about a scenario,"In this task you will be watching a short video. At the end of the video, a puppet will make a statement and your goal is to say whether the puppett is right or wrong",language research UCI fun cognitive science university explanations,$1.25,Fri Nov 24 12:53:05 PST 2017,9,0,0,0,Reviewable,NotReviewed,1 cond,1800,60000,Sun Dec 24 12:53:05 PST 2017,https://requester.mturk.com/mturk/manageHIT?HITId=3EHVO81VN5LZO7WSD95MIUSN2TLH1G,3R6P78PK7KBPKFBKLOCFSKU2QXNGT4,8,Submitted,Sat Nov 25 07:27:22 PST 2017,Fri Nov 24 14:38:34 PST 2017,Fri Nov 24 14:47:22 PST 2017,,,,,,[],"""cond4""",undefined,8.78345
8,one_slider,"Both frogs jumped over the fence, but one frog couldn&quotechart jump over the rock",0.98,cond2,English,1,Male,22,,Yes,,1,Mac,800,1280,Chrome,3EHVO81VN5LZO7WSD95MIUSN2TLH1G,3UFCYGUHNP4CXE3VBIPPD007NZATNX,Judging whether a speaker is right or wrong about a scenario,"In this task you will be watching a short video. At the end of the video, a puppet will make a statement and your goal is to say whether the puppett is right or wrong",language research UCI fun cognitive science university explanations,$1.25,Fri Nov 24 12:53:05 PST 2017,9,0,0,0,Reviewable,NotReviewed,1 cond,1800,60000,Sun Dec 24 12:53:05 PST 2017,https://requester.mturk.com/mturk/manageHIT?HITId=3EHVO81VN5LZO7WSD95MIUSN2TLH1G,3R6P78PK7KBPKFBKLOCFSKU2QXNGT4,8,Submitted,Sat Nov 25 07:27:22 PST 2017,Fri Nov 24 14:38:34 PST 2017,Fri Nov 24 14:47:22 PST 2017,,,,,,[],"""cond4""",undefined,8.78345
8,one_slider,Only two hippos drank milk in this situation,0.02,cond3,English,1,Male,22,,Yes,,1,Mac,800,1280,Chrome,3EHVO81VN5LZO7WSD95MIUSN2TLH1G,3UFCYGUHNP4CXE3VBIPPD007NZATNX,Judging whether a speaker is right or wrong about a scenario,"In this task you will be watching a short video. At the end of the video, a puppet will make a statement and your goal is to say whether the puppett is right or wrong",language research UCI fun cognitive science university explanations,$1.25,Fri Nov 24 12:53:05 PST 2017,9,0,0,0,Reviewable,NotReviewed,1 cond,1800,60000,Sun Dec 24 12:53:05 PST 2017,https://requester.mturk.com/mturk/manageHIT?HITId=3EHVO81VN5LZO7WSD95MIUSN2TLH1G,3R6P78PK7KBPKFBKLOCFSKU2QXNGT4,8,Submitted,Sat Nov 25 07:27:22 PST 2017,Fri Nov 24 14:38:34 PST 2017,Fri Nov 24 14:47:22 PST 2017,,,,,,[],"""cond4""",undefined,8.78345
8,one_slider,Two butterflies decided to stay home and not go to the city,0.97,cond3,English,1,Male,22,,Yes,,1,Mac,800,1280,Chrome,3EHVO81VN5LZO7WSD95MIUSN2TLH1G,3UFCYGUHNP4CXE3VBIPPD007NZATNX,Judging whether a speaker is right or wrong about a scenario,"In this task you will be watching a short video. At the end of the video, a puppet will make a statement and your goal is to say whether the puppett is right or wrong",language research UCI fun cognitive science university explanations,$1.25,Fri Nov 24 12:53:05 PST 2017,9,0,0,0,Reviewable,NotReviewed,1 cond,1800,60000,Sun Dec 24 12:53:05 PST 2017,https://requester.mturk.com/mturk/manageHIT?HITId=3EHVO81VN5LZO7WSD95MIUSN2TLH1G,3R6P78PK7KBPKFBKLOCFSKU2QXNGT4,8,Submitted,Sat Nov 25 07:27:22 PST 2017,Fri Nov 24 14:38:34 PST 2017,Fri Nov 24 14:47:22 PST 2017,,,,,,[],"""cond4""",undefined,8.78345
8,one_slider,The first dog rolled its ball,0.03,cond4,English,1,Male,22,,Yes,,1,Mac,800,1280,Chrome,3EHVO81VN5LZO7WSD95MIUSN2TLH1G,3UFCYGUHNP4CXE3VBIPPD007NZATNX,Judging whether a speaker is right or wrong about a scenario,"In this task you will be watching a short video. At the end of the video, a puppet will make a statement and your goal is to say whether the puppett is right or wrong",language research UCI fun cognitive science university explanations,$1.25,Fri Nov 24 12:53:05 PST 2017,9,0,0,0,Reviewable,NotReviewed,1 cond,1800,60000,Sun Dec 24 12:53:05 PST 2017,https://requester.mturk.com/mturk/manageHIT?HITId=3EHVO81VN5LZO7WSD95MIUSN2TLH1G,3R6P78PK7KBPKFBKLOCFSKU2QXNGT4,8,Submitted,Sat Nov 25 07:27:22 PST 2017,Fri Nov 24 14:38:34 PST 2017,Fri Nov 24 14:47:22 PST 2017,,,,,,[],"""cond4""",undefined,8.78345
8,one_slider,Yes two of the lions didn&quotechart buy anything,0.98,cond3,English,1,Male,22,,Yes,,1,Mac,800,1280,Chrome,3EHVO81VN5LZO7WSD95MIUSN2TLH1G,3UFCYGUHNP4CXE3VBIPPD007NZATNX,Judging whether a speaker is right or wrong about a scenario,"In this task you will be watching a short video. At the end of the video, a puppet will make a statement and your goal is to say whether the puppett is right or wrong",language research UCI fun cognitive science university explanations,$1.25,Fri Nov 24 12:53:05 PST 2017,9,0,0,0,Reviewable,NotReviewed,1 cond,1800,60000,Sun Dec 24 12:53:05 PST 2017,https://requester.mturk.com/mturk/manageHIT?HITId=3EHVO81VN5LZO7WSD95MIUSN2TLH1G,3R6P78PK7KBPKFBKLOCFSKU2QXNGT4,8,Submitted,Sat Nov 25 07:27:22 PST 2017,Fri Nov 24 14:38:34 PST 2017,Fri Nov 24 14:47:22 PST 2017,,,,,,[],"""cond4""",undefined,8.78345
8,one_slider,Only two lizards jumped on the book,0.02,cond4,English,1,Male,22,,Yes,,1,Mac,800,1280,Chrome,3EHVO81VN5LZO7WSD95MIUSN2TLH1G,3UFCYGUHNP4CXE3VBIPPD007NZATNX,Judging whether a speaker is right or wrong about a scenario,"In this task you will be watching a short video. At the end of the video, a puppet will make a statement and your goal is to say whether the puppett is right or wrong",language research UCI fun cognitive science university explanations,$1.25,Fri Nov 24 12:53:05 PST 2017,9,0,0,0,Reviewable,NotReviewed,1 cond,1800,60000,Sun Dec 24 12:53:05 PST 2017,https://requester.mturk.com/mturk/manageHIT?HITId=3EHVO81VN5LZO7WSD95MIUSN2TLH1G,3R6P78PK7KBPKFBKLOCFSKU2QXNGT4,8,Submitted,Sat Nov 25 07:27:22 PST 2017,Fri Nov 24 14:38:34 PST 2017,Fri Nov 24 14:47:22 PST 2017,,,,,,[],"""cond4""",undefined,8.78345
8,one_slider,"Four dinosaurs ate fish, not two.",0.01,cond4,English,1,Male,22,,Yes,,1,Mac,800,1280,Chrome,3EHVO81VN5LZO7WSD95MIUSN2TLH1G,3UFCYGUHNP4CXE3VBIPPD007NZATNX,Judging whether a speaker is right or wrong about a scenario,"In this task you will be watching a short video. At the end of the video, a puppet will make a statement and your goal is to say whether the puppett is right or wrong",language research UCI fun cognitive science university explanations,$1.25,Fri Nov 24 12:53:05 PST 2017,9,0,0,0,Reviewable,NotReviewed,1 cond,1800,60000,Sun Dec 24 12:53:05 PST 2017,https://requester.mturk.com/mturk/manageHIT?HITId=3EHVO81VN5LZO7WSD95MIUSN2TLH1G,3R6P78PK7KBPKFBKLOCFSKU2QXNGT4,8,Submitted,Sat Nov 25 07:27:22 PST 2017,Fri Nov 24 14:38:34 PST 2017,Fri Nov 24 14:47:22 PST 2017,,,,,,[],"""cond4""",undefined,8.78345
