workerid,language,enjoyment,gender,age,comments,asses,selfreport,education
0,Chinese,1,Female,28,,Yes,Not sure,3
1,english,2,Male,47,Very fun hit. Feel free to contact me for any further studies. God bless,Yes,I have no idea,1
2,English,0,Male,40,No other comments,Yes,How much we&quotechard interpret half-true or half-false statements when bundled with fully true or fully false ones.,2
3,English,2,Male,32,Fun study. I liked it. ,Yes,Not really sure. ,3
4,English,2,Female,60,none,Yes,English language,1
5,English,2,Male,33,N/A,Yes,"If I had to guess, I would say it has something to do with language comprehension.",3
6,English,2,Female,25,None at this time.,Yes,Unsure but I really liked it,3
7,english,2,Female,33,n/a,Yes,Not sure,2
8,english,1,Male,25,great task,NA,my opinions,2
