workerid,hitid,hittypeid,title,description,keywords,reward,creationtime,assignments,numavailable,numpending,numcomplete,hitstatus,reviewstatus,annotation,assignmentduration,autoapprovaldelay,hitlifetime,viewhit,assignmentid,workerid,assignmentstatus,autoapprovaltime,assignmentaccepttime,assignmentsubmittime,assignmentapprovaltime,assignmentrejecttime,deadline,feedback,reject,Answer.catch_trials,Answer.condition,Answer.justification,Answer.time_in_minutes
0,3AQN9REUTFGF2X2T32T55WOZHM1DY1,3UFCYGUHNP4CXE3VBIPPD007NZATNX,Judging whether a speaker is right or wrong about a scenario,"In this task you will be watching a short video. At the end of the video, a puppet will make a statement and your goal is to say whether the puppett is right or wrong",language research UCI fun cognitive science university explanations,$1.25,Fri Nov 24 12:52:26 PST 2017,9,0,0,0,Reviewable,NotReviewed,1 cond,1800,60000,Sun Dec 24 12:52:26 PST 2017,https://requester.mturk.com/mturk/manageHIT?HITId=3AQN9REUTFGF2X2T32T55WOZHM1DY1,33CKWXB73JKR7G981M72FR71WP1114,0,Submitted,Sat Nov 25 05:40:57 PST 2017,Fri Nov 24 12:53:10 PST 2017,Fri Nov 24 13:00:57 PST 2017,,,,,,[],"""cond3""",undefined,7.755733333333334
1,3AQN9REUTFGF2X2T32T55WOZHM1DY1,3UFCYGUHNP4CXE3VBIPPD007NZATNX,Judging whether a speaker is right or wrong about a scenario,"In this task you will be watching a short video. At the end of the video, a puppet will make a statement and your goal is to say whether the puppett is right or wrong",language research UCI fun cognitive science university explanations,$1.25,Fri Nov 24 12:52:26 PST 2017,9,0,0,0,Reviewable,NotReviewed,1 cond,1800,60000,Sun Dec 24 12:52:26 PST 2017,https://requester.mturk.com/mturk/manageHIT?HITId=3AQN9REUTFGF2X2T32T55WOZHM1DY1,37UQDCYH6XVL4E48XG80NP5UOF87VW,1,Submitted,Sat Nov 25 05:41:57 PST 2017,Fri Nov 24 12:53:14 PST 2017,Fri Nov 24 13:01:57 PST 2017,,,,,,[],"""cond3""",undefined,7.596583333333333
2,3AQN9REUTFGF2X2T32T55WOZHM1DY1,3UFCYGUHNP4CXE3VBIPPD007NZATNX,Judging whether a speaker is right or wrong about a scenario,"In this task you will be watching a short video. At the end of the video, a puppet will make a statement and your goal is to say whether the puppett is right or wrong",language research UCI fun cognitive science university explanations,$1.25,Fri Nov 24 12:52:26 PST 2017,9,0,0,0,Reviewable,NotReviewed,1 cond,1800,60000,Sun Dec 24 12:52:26 PST 2017,https://requester.mturk.com/mturk/manageHIT?HITId=3AQN9REUTFGF2X2T32T55WOZHM1DY1,3TOK3KHVJTIQEUVBW4MMSXBMSMAO7A,2,Submitted,Sat Nov 25 05:42:07 PST 2017,Fri Nov 24 12:53:07 PST 2017,Fri Nov 24 13:02:07 PST 2017,,,,,,[],"""cond4""",undefined,8.76575
3,3AQN9REUTFGF2X2T32T55WOZHM1DY1,3UFCYGUHNP4CXE3VBIPPD007NZATNX,Judging whether a speaker is right or wrong about a scenario,"In this task you will be watching a short video. At the end of the video, a puppet will make a statement and your goal is to say whether the puppett is right or wrong",language research UCI fun cognitive science university explanations,$1.25,Fri Nov 24 12:52:26 PST 2017,9,0,0,0,Reviewable,NotReviewed,1 cond,1800,60000,Sun Dec 24 12:52:26 PST 2017,https://requester.mturk.com/mturk/manageHIT?HITId=3AQN9REUTFGF2X2T32T55WOZHM1DY1,3MTMREQS4VIG252BUTPGJIQYWWFWAL,3,Submitted,Sat Nov 25 05:46:51 PST 2017,Fri Nov 24 12:53:12 PST 2017,Fri Nov 24 13:06:51 PST 2017,,,,,,[],"""cond2""",undefined,13.582633333333334
4,3AQN9REUTFGF2X2T32T55WOZHM1DY1,3UFCYGUHNP4CXE3VBIPPD007NZATNX,Judging whether a speaker is right or wrong about a scenario,"In this task you will be watching a short video. At the end of the video, a puppet will make a statement and your goal is to say whether the puppett is right or wrong",language research UCI fun cognitive science university explanations,$1.25,Fri Nov 24 12:52:26 PST 2017,9,0,0,0,Reviewable,NotReviewed,1 cond,1800,60000,Sun Dec 24 12:52:26 PST 2017,https://requester.mturk.com/mturk/manageHIT?HITId=3AQN9REUTFGF2X2T32T55WOZHM1DY1,3OHYZ19UGC58XWT937Y62ODCTUGOA1,4,Submitted,Sat Nov 25 05:48:27 PST 2017,Fri Nov 24 12:53:10 PST 2017,Fri Nov 24 13:08:27 PST 2017,,,,,,[],"""cond4""",undefined,8.102616666666666
5,3AQN9REUTFGF2X2T32T55WOZHM1DY1,3UFCYGUHNP4CXE3VBIPPD007NZATNX,Judging whether a speaker is right or wrong about a scenario,"In this task you will be watching a short video. At the end of the video, a puppet will make a statement and your goal is to say whether the puppett is right or wrong",language research UCI fun cognitive science university explanations,$1.25,Fri Nov 24 12:52:26 PST 2017,9,0,0,0,Reviewable,NotReviewed,1 cond,1800,60000,Sun Dec 24 12:52:26 PST 2017,https://requester.mturk.com/mturk/manageHIT?HITId=3AQN9REUTFGF2X2T32T55WOZHM1DY1,3HHRAGRYX85USDJ4B1K66T2SNCYO9M,5,Submitted,Sat Nov 25 05:50:09 PST 2017,Fri Nov 24 12:53:09 PST 2017,Fri Nov 24 13:10:09 PST 2017,,,,,,[],"""cond1""",undefined,16.953583333333334
6,3AQN9REUTFGF2X2T32T55WOZHM1DY1,3UFCYGUHNP4CXE3VBIPPD007NZATNX,Judging whether a speaker is right or wrong about a scenario,"In this task you will be watching a short video. At the end of the video, a puppet will make a statement and your goal is to say whether the puppett is right or wrong",language research UCI fun cognitive science university explanations,$1.25,Fri Nov 24 12:52:26 PST 2017,9,0,0,0,Reviewable,NotReviewed,1 cond,1800,60000,Sun Dec 24 12:52:26 PST 2017,https://requester.mturk.com/mturk/manageHIT?HITId=3AQN9REUTFGF2X2T32T55WOZHM1DY1,34S9DKFK73PRBTR0IYC9QLVE6BEYN6,6,Submitted,Sat Nov 25 05:51:10 PST 2017,Fri Nov 24 12:53:15 PST 2017,Fri Nov 24 13:11:10 PST 2017,,,,,,[],"""cond3""",undefined,9.372933333333334
7,3AQN9REUTFGF2X2T32T55WOZHM1DY1,3UFCYGUHNP4CXE3VBIPPD007NZATNX,Judging whether a speaker is right or wrong about a scenario,"In this task you will be watching a short video. At the end of the video, a puppet will make a statement and your goal is to say whether the puppett is right or wrong",language research UCI fun cognitive science university explanations,$1.25,Fri Nov 24 12:52:26 PST 2017,9,0,0,0,Reviewable,NotReviewed,1 cond,1800,60000,Sun Dec 24 12:52:26 PST 2017,https://requester.mturk.com/mturk/manageHIT?HITId=3AQN9REUTFGF2X2T32T55WOZHM1DY1,3WSELTNVR32OAOYHZOK5WYJZS2XTAS,7,Submitted,Sat Nov 25 05:53:47 PST 2017,Fri Nov 24 12:53:17 PST 2017,Fri Nov 24 13:13:47 PST 2017,,,,,,[],"""cond4""",undefined,12.3774
8,3AQN9REUTFGF2X2T32T55WOZHM1DY1,3UFCYGUHNP4CXE3VBIPPD007NZATNX,Judging whether a speaker is right or wrong about a scenario,"In this task you will be watching a short video. At the end of the video, a puppet will make a statement and your goal is to say whether the puppett is right or wrong",language research UCI fun cognitive science university explanations,$1.25,Fri Nov 24 12:52:26 PST 2017,9,0,0,0,Reviewable,NotReviewed,1 cond,1800,60000,Sun Dec 24 12:52:26 PST 2017,https://requester.mturk.com/mturk/manageHIT?HITId=3AQN9REUTFGF2X2T32T55WOZHM1DY1,3ITXP059PWJYWHO64USSFSQWG6ESJJ,8,Submitted,Sat Nov 25 06:12:42 PST 2017,Fri Nov 24 13:04:06 PST 2017,Fri Nov 24 13:32:42 PST 2017,,,,,,[],"""cond3""",undefined,7.446866666666667
