workerid,trial_type,justification,response,condition,language,enjoyment,gender,age,comments,asses,selfreport,education,OS,screenH,screenW,Browser,hitid,hittypeid,title,description,keywords,reward,creationtime,assignments,numavailable,numpending,numcomplete,hitstatus,reviewstatus,annotation,assignmentduration,autoapprovaldelay,hitlifetime,viewhit,assignmentid,workerid,assignmentstatus,autoapprovaltime,assignmentaccepttime,assignmentsubmittime,assignmentapprovaltime,assignmentrejecttime,deadline,feedback,reject,Answer.catch_trials,Answer.condition,Answer.justification,Answer.time_in_minutes
0,one_slider_practice,The Smurf did pay for the cars,0.98,NA,Chinese,1,Female,28,,Yes,Not sure,3,Windows,1152,2048,Chrome,3AQN9REUTFGF2X2T32T55WOZHM1DY1,3UFCYGUHNP4CXE3VBIPPD007NZATNX,Judging whether a speaker is right or wrong about a scenario,"In this task you will be watching a short video. At the end of the video, a puppet will make a statement and your goal is to say whether the puppett is right or wrong",language research UCI fun cognitive science university explanations,$1.25,Fri Nov 24 12:52:26 PST 2017,9,0,0,0,Reviewable,NotReviewed,1 cond,1800,60000,Sun Dec 24 12:52:26 PST 2017,https://requester.mturk.com/mturk/manageHIT?HITId=3AQN9REUTFGF2X2T32T55WOZHM1DY1,33CKWXB73JKR7G981M72FR71WP1114,0,Submitted,Sat Nov 25 05:40:57 PST 2017,Fri Nov 24 12:53:10 PST 2017,Fri Nov 24 13:00:57 PST 2017,,,,,,[],"""cond3""",undefined,7.755733333333334
0,one_slider_practice,Dogs can&quotechart jump that high,0.08,NA,Chinese,1,Female,28,,Yes,Not sure,3,Windows,1152,2048,Chrome,3AQN9REUTFGF2X2T32T55WOZHM1DY1,3UFCYGUHNP4CXE3VBIPPD007NZATNX,Judging whether a speaker is right or wrong about a scenario,"In this task you will be watching a short video. At the end of the video, a puppet will make a statement and your goal is to say whether the puppett is right or wrong",language research UCI fun cognitive science university explanations,$1.25,Fri Nov 24 12:52:26 PST 2017,9,0,0,0,Reviewable,NotReviewed,1 cond,1800,60000,Sun Dec 24 12:52:26 PST 2017,https://requester.mturk.com/mturk/manageHIT?HITId=3AQN9REUTFGF2X2T32T55WOZHM1DY1,33CKWXB73JKR7G981M72FR71WP1114,0,Submitted,Sat Nov 25 05:40:57 PST 2017,Fri Nov 24 12:53:10 PST 2017,Fri Nov 24 13:00:57 PST 2017,,,,,,[],"""cond3""",undefined,7.755733333333334
0,one_slider,Only one frog jump over the rock,0.51,cond2,Chinese,1,Female,28,,Yes,Not sure,3,Windows,1152,2048,Chrome,3AQN9REUTFGF2X2T32T55WOZHM1DY1,3UFCYGUHNP4CXE3VBIPPD007NZATNX,Judging whether a speaker is right or wrong about a scenario,"In this task you will be watching a short video. At the end of the video, a puppet will make a statement and your goal is to say whether the puppett is right or wrong",language research UCI fun cognitive science university explanations,$1.25,Fri Nov 24 12:52:26 PST 2017,9,0,0,0,Reviewable,NotReviewed,1 cond,1800,60000,Sun Dec 24 12:52:26 PST 2017,https://requester.mturk.com/mturk/manageHIT?HITId=3AQN9REUTFGF2X2T32T55WOZHM1DY1,33CKWXB73JKR7G981M72FR71WP1114,0,Submitted,Sat Nov 25 05:40:57 PST 2017,Fri Nov 24 12:53:10 PST 2017,Fri Nov 24 13:00:57 PST 2017,,,,,,[],"""cond3""",undefined,7.755733333333334
0,one_slider,Only two hippo drank milk,0.49,cond1,Chinese,1,Female,28,,Yes,Not sure,3,Windows,1152,2048,Chrome,3AQN9REUTFGF2X2T32T55WOZHM1DY1,3UFCYGUHNP4CXE3VBIPPD007NZATNX,Judging whether a speaker is right or wrong about a scenario,"In this task you will be watching a short video. At the end of the video, a puppet will make a statement and your goal is to say whether the puppett is right or wrong",language research UCI fun cognitive science university explanations,$1.25,Fri Nov 24 12:52:26 PST 2017,9,0,0,0,Reviewable,NotReviewed,1 cond,1800,60000,Sun Dec 24 12:52:26 PST 2017,https://requester.mturk.com/mturk/manageHIT?HITId=3AQN9REUTFGF2X2T32T55WOZHM1DY1,33CKWXB73JKR7G981M72FR71WP1114,0,Submitted,Sat Nov 25 05:40:57 PST 2017,Fri Nov 24 12:53:10 PST 2017,Fri Nov 24 13:00:57 PST 2017,,,,,,[],"""cond3""",undefined,7.755733333333334
0,one_slider,It is true that two butterflies went to the forest and the other two go to the city.,1,cond4,Chinese,1,Female,28,,Yes,Not sure,3,Windows,1152,2048,Chrome,3AQN9REUTFGF2X2T32T55WOZHM1DY1,3UFCYGUHNP4CXE3VBIPPD007NZATNX,Judging whether a speaker is right or wrong about a scenario,"In this task you will be watching a short video. At the end of the video, a puppet will make a statement and your goal is to say whether the puppett is right or wrong",language research UCI fun cognitive science university explanations,$1.25,Fri Nov 24 12:52:26 PST 2017,9,0,0,0,Reviewable,NotReviewed,1 cond,1800,60000,Sun Dec 24 12:52:26 PST 2017,https://requester.mturk.com/mturk/manageHIT?HITId=3AQN9REUTFGF2X2T32T55WOZHM1DY1,33CKWXB73JKR7G981M72FR71WP1114,0,Submitted,Sat Nov 25 05:40:57 PST 2017,Fri Nov 24 12:53:10 PST 2017,Fri Nov 24 13:00:57 PST 2017,,,,,,[],"""cond3""",undefined,7.755733333333334
0,one_slider,One dog rolled the ball,0.02,cond1,Chinese,1,Female,28,,Yes,Not sure,3,Windows,1152,2048,Chrome,3AQN9REUTFGF2X2T32T55WOZHM1DY1,3UFCYGUHNP4CXE3VBIPPD007NZATNX,Judging whether a speaker is right or wrong about a scenario,"In this task you will be watching a short video. At the end of the video, a puppet will make a statement and your goal is to say whether the puppett is right or wrong",language research UCI fun cognitive science university explanations,$1.25,Fri Nov 24 12:52:26 PST 2017,9,0,0,0,Reviewable,NotReviewed,1 cond,1800,60000,Sun Dec 24 12:52:26 PST 2017,https://requester.mturk.com/mturk/manageHIT?HITId=3AQN9REUTFGF2X2T32T55WOZHM1DY1,33CKWXB73JKR7G981M72FR71WP1114,0,Submitted,Sat Nov 25 05:40:57 PST 2017,Fri Nov 24 12:53:10 PST 2017,Fri Nov 24 13:00:57 PST 2017,,,,,,[],"""cond3""",undefined,7.755733333333334
0,one_slider,One line bought the cookie,0.09,cond1,Chinese,1,Female,28,,Yes,Not sure,3,Windows,1152,2048,Chrome,3AQN9REUTFGF2X2T32T55WOZHM1DY1,3UFCYGUHNP4CXE3VBIPPD007NZATNX,Judging whether a speaker is right or wrong about a scenario,"In this task you will be watching a short video. At the end of the video, a puppet will make a statement and your goal is to say whether the puppett is right or wrong",language research UCI fun cognitive science university explanations,$1.25,Fri Nov 24 12:52:26 PST 2017,9,0,0,0,Reviewable,NotReviewed,1 cond,1800,60000,Sun Dec 24 12:52:26 PST 2017,https://requester.mturk.com/mturk/manageHIT?HITId=3AQN9REUTFGF2X2T32T55WOZHM1DY1,33CKWXB73JKR7G981M72FR71WP1114,0,Submitted,Sat Nov 25 05:40:57 PST 2017,Fri Nov 24 12:53:10 PST 2017,Fri Nov 24 13:00:57 PST 2017,,,,,,[],"""cond3""",undefined,7.755733333333334
0,one_slider,Only two lizards climbed on the book,0.16,cond2,Chinese,1,Female,28,,Yes,Not sure,3,Windows,1152,2048,Chrome,3AQN9REUTFGF2X2T32T55WOZHM1DY1,3UFCYGUHNP4CXE3VBIPPD007NZATNX,Judging whether a speaker is right or wrong about a scenario,"In this task you will be watching a short video. At the end of the video, a puppet will make a statement and your goal is to say whether the puppett is right or wrong",language research UCI fun cognitive science university explanations,$1.25,Fri Nov 24 12:52:26 PST 2017,9,0,0,0,Reviewable,NotReviewed,1 cond,1800,60000,Sun Dec 24 12:52:26 PST 2017,https://requester.mturk.com/mturk/manageHIT?HITId=3AQN9REUTFGF2X2T32T55WOZHM1DY1,33CKWXB73JKR7G981M72FR71WP1114,0,Submitted,Sat Nov 25 05:40:57 PST 2017,Fri Nov 24 12:53:10 PST 2017,Fri Nov 24 13:00:57 PST 2017,,,,,,[],"""cond3""",undefined,7.755733333333334
0,one_slider,That&quotechars true since two dinosaurs didn&quotechart like bugs,0.97,cond3,Chinese,1,Female,28,,Yes,Not sure,3,Windows,1152,2048,Chrome,3AQN9REUTFGF2X2T32T55WOZHM1DY1,3UFCYGUHNP4CXE3VBIPPD007NZATNX,Judging whether a speaker is right or wrong about a scenario,"In this task you will be watching a short video. At the end of the video, a puppet will make a statement and your goal is to say whether the puppett is right or wrong",language research UCI fun cognitive science university explanations,$1.25,Fri Nov 24 12:52:26 PST 2017,9,0,0,0,Reviewable,NotReviewed,1 cond,1800,60000,Sun Dec 24 12:52:26 PST 2017,https://requester.mturk.com/mturk/manageHIT?HITId=3AQN9REUTFGF2X2T32T55WOZHM1DY1,33CKWXB73JKR7G981M72FR71WP1114,0,Submitted,Sat Nov 25 05:40:57 PST 2017,Fri Nov 24 12:53:10 PST 2017,Fri Nov 24 13:00:57 PST 2017,,,,,,[],"""cond3""",undefined,7.755733333333334
1,one_slider_practice,two cars were bought for 2 penny&quotechars each,0.96,NA,english,2,Male,47,Very fun hit. Feel free to contact me for any further studies. God bless,Yes,I have no idea,1,Windows,768,1366,Chrome,3AQN9REUTFGF2X2T32T55WOZHM1DY1,3UFCYGUHNP4CXE3VBIPPD007NZATNX,Judging whether a speaker is right or wrong about a scenario,"In this task you will be watching a short video. At the end of the video, a puppet will make a statement and your goal is to say whether the puppett is right or wrong",language research UCI fun cognitive science university explanations,$1.25,Fri Nov 24 12:52:26 PST 2017,9,0,0,0,Reviewable,NotReviewed,1 cond,1800,60000,Sun Dec 24 12:52:26 PST 2017,https://requester.mturk.com/mturk/manageHIT?HITId=3AQN9REUTFGF2X2T32T55WOZHM1DY1,37UQDCYH6XVL4E48XG80NP5UOF87VW,1,Submitted,Sat Nov 25 05:41:57 PST 2017,Fri Nov 24 12:53:14 PST 2017,Fri Nov 24 13:01:57 PST 2017,,,,,,[],"""cond3""",undefined,7.596583333333333
1,one_slider_practice,because only 2 jumped on the table,0.01,NA,english,2,Male,47,Very fun hit. Feel free to contact me for any further studies. God bless,Yes,I have no idea,1,Windows,768,1366,Chrome,3AQN9REUTFGF2X2T32T55WOZHM1DY1,3UFCYGUHNP4CXE3VBIPPD007NZATNX,Judging whether a speaker is right or wrong about a scenario,"In this task you will be watching a short video. At the end of the video, a puppet will make a statement and your goal is to say whether the puppett is right or wrong",language research UCI fun cognitive science university explanations,$1.25,Fri Nov 24 12:52:26 PST 2017,9,0,0,0,Reviewable,NotReviewed,1 cond,1800,60000,Sun Dec 24 12:52:26 PST 2017,https://requester.mturk.com/mturk/manageHIT?HITId=3AQN9REUTFGF2X2T32T55WOZHM1DY1,37UQDCYH6XVL4E48XG80NP5UOF87VW,1,Submitted,Sat Nov 25 05:41:57 PST 2017,Fri Nov 24 12:53:14 PST 2017,Fri Nov 24 13:01:57 PST 2017,,,,,,[],"""cond3""",undefined,7.596583333333333
1,one_slider,only 1 frog jumped over the rock,0.99,cond1,english,2,Male,47,Very fun hit. Feel free to contact me for any further studies. God bless,Yes,I have no idea,1,Windows,768,1366,Chrome,3AQN9REUTFGF2X2T32T55WOZHM1DY1,3UFCYGUHNP4CXE3VBIPPD007NZATNX,Judging whether a speaker is right or wrong about a scenario,"In this task you will be watching a short video. At the end of the video, a puppet will make a statement and your goal is to say whether the puppett is right or wrong",language research UCI fun cognitive science university explanations,$1.25,Fri Nov 24 12:52:26 PST 2017,9,0,0,0,Reviewable,NotReviewed,1 cond,1800,60000,Sun Dec 24 12:52:26 PST 2017,https://requester.mturk.com/mturk/manageHIT?HITId=3AQN9REUTFGF2X2T32T55WOZHM1DY1,37UQDCYH6XVL4E48XG80NP5UOF87VW,1,Submitted,Sat Nov 25 05:41:57 PST 2017,Fri Nov 24 12:53:14 PST 2017,Fri Nov 24 13:01:57 PST 2017,,,,,,[],"""cond3""",undefined,7.596583333333333
1,one_slider,only 2 hippos drank milk,0.03,cond4,english,2,Male,47,Very fun hit. Feel free to contact me for any further studies. God bless,Yes,I have no idea,1,Windows,768,1366,Chrome,3AQN9REUTFGF2X2T32T55WOZHM1DY1,3UFCYGUHNP4CXE3VBIPPD007NZATNX,Judging whether a speaker is right or wrong about a scenario,"In this task you will be watching a short video. At the end of the video, a puppet will make a statement and your goal is to say whether the puppett is right or wrong",language research UCI fun cognitive science university explanations,$1.25,Fri Nov 24 12:52:26 PST 2017,9,0,0,0,Reviewable,NotReviewed,1 cond,1800,60000,Sun Dec 24 12:52:26 PST 2017,https://requester.mturk.com/mturk/manageHIT?HITId=3AQN9REUTFGF2X2T32T55WOZHM1DY1,37UQDCYH6XVL4E48XG80NP5UOF87VW,1,Submitted,Sat Nov 25 05:41:57 PST 2017,Fri Nov 24 12:53:14 PST 2017,Fri Nov 24 13:01:57 PST 2017,,,,,,[],"""cond3""",undefined,7.596583333333333
1,one_slider,only 2 went to the city. The other 2 stayed at home,0.97,cond3,english,2,Male,47,Very fun hit. Feel free to contact me for any further studies. God bless,Yes,I have no idea,1,Windows,768,1366,Chrome,3AQN9REUTFGF2X2T32T55WOZHM1DY1,3UFCYGUHNP4CXE3VBIPPD007NZATNX,Judging whether a speaker is right or wrong about a scenario,"In this task you will be watching a short video. At the end of the video, a puppet will make a statement and your goal is to say whether the puppett is right or wrong",language research UCI fun cognitive science university explanations,$1.25,Fri Nov 24 12:52:26 PST 2017,9,0,0,0,Reviewable,NotReviewed,1 cond,1800,60000,Sun Dec 24 12:52:26 PST 2017,https://requester.mturk.com/mturk/manageHIT?HITId=3AQN9REUTFGF2X2T32T55WOZHM1DY1,37UQDCYH6XVL4E48XG80NP5UOF87VW,1,Submitted,Sat Nov 25 05:41:57 PST 2017,Fri Nov 24 12:53:14 PST 2017,Fri Nov 24 13:01:57 PST 2017,,,,,,[],"""cond3""",undefined,7.596583333333333
1,one_slider,only 1 dog rolled his ball,0.02,cond4,english,2,Male,47,Very fun hit. Feel free to contact me for any further studies. God bless,Yes,I have no idea,1,Windows,768,1366,Chrome,3AQN9REUTFGF2X2T32T55WOZHM1DY1,3UFCYGUHNP4CXE3VBIPPD007NZATNX,Judging whether a speaker is right or wrong about a scenario,"In this task you will be watching a short video. At the end of the video, a puppet will make a statement and your goal is to say whether the puppett is right or wrong",language research UCI fun cognitive science university explanations,$1.25,Fri Nov 24 12:52:26 PST 2017,9,0,0,0,Reviewable,NotReviewed,1 cond,1800,60000,Sun Dec 24 12:52:26 PST 2017,https://requester.mturk.com/mturk/manageHIT?HITId=3AQN9REUTFGF2X2T32T55WOZHM1DY1,37UQDCYH6XVL4E48XG80NP5UOF87VW,1,Submitted,Sat Nov 25 05:41:57 PST 2017,Fri Nov 24 12:53:14 PST 2017,Fri Nov 24 13:01:57 PST 2017,,,,,,[],"""cond3""",undefined,7.596583333333333
1,one_slider,Yes. 2 did and 2 did not,0.97,cond3,english,2,Male,47,Very fun hit. Feel free to contact me for any further studies. God bless,Yes,I have no idea,1,Windows,768,1366,Chrome,3AQN9REUTFGF2X2T32T55WOZHM1DY1,3UFCYGUHNP4CXE3VBIPPD007NZATNX,Judging whether a speaker is right or wrong about a scenario,"In this task you will be watching a short video. At the end of the video, a puppet will make a statement and your goal is to say whether the puppett is right or wrong",language research UCI fun cognitive science university explanations,$1.25,Fri Nov 24 12:52:26 PST 2017,9,0,0,0,Reviewable,NotReviewed,1 cond,1800,60000,Sun Dec 24 12:52:26 PST 2017,https://requester.mturk.com/mturk/manageHIT?HITId=3AQN9REUTFGF2X2T32T55WOZHM1DY1,37UQDCYH6XVL4E48XG80NP5UOF87VW,1,Submitted,Sat Nov 25 05:41:57 PST 2017,Fri Nov 24 12:53:14 PST 2017,Fri Nov 24 13:01:57 PST 2017,,,,,,[],"""cond3""",undefined,7.596583333333333
1,one_slider,only 2 climbed on the book,0.03,cond1,english,2,Male,47,Very fun hit. Feel free to contact me for any further studies. God bless,Yes,I have no idea,1,Windows,768,1366,Chrome,3AQN9REUTFGF2X2T32T55WOZHM1DY1,3UFCYGUHNP4CXE3VBIPPD007NZATNX,Judging whether a speaker is right or wrong about a scenario,"In this task you will be watching a short video. At the end of the video, a puppet will make a statement and your goal is to say whether the puppett is right or wrong",language research UCI fun cognitive science university explanations,$1.25,Fri Nov 24 12:52:26 PST 2017,9,0,0,0,Reviewable,NotReviewed,1 cond,1800,60000,Sun Dec 24 12:52:26 PST 2017,https://requester.mturk.com/mturk/manageHIT?HITId=3AQN9REUTFGF2X2T32T55WOZHM1DY1,37UQDCYH6XVL4E48XG80NP5UOF87VW,1,Submitted,Sat Nov 25 05:41:57 PST 2017,Fri Nov 24 12:53:14 PST 2017,Fri Nov 24 13:01:57 PST 2017,,,,,,[],"""cond3""",undefined,7.596583333333333
1,one_slider,yes. 2 did and 2 did not,0.98,cond3,english,2,Male,47,Very fun hit. Feel free to contact me for any further studies. God bless,Yes,I have no idea,1,Windows,768,1366,Chrome,3AQN9REUTFGF2X2T32T55WOZHM1DY1,3UFCYGUHNP4CXE3VBIPPD007NZATNX,Judging whether a speaker is right or wrong about a scenario,"In this task you will be watching a short video. At the end of the video, a puppet will make a statement and your goal is to say whether the puppett is right or wrong",language research UCI fun cognitive science university explanations,$1.25,Fri Nov 24 12:52:26 PST 2017,9,0,0,0,Reviewable,NotReviewed,1 cond,1800,60000,Sun Dec 24 12:52:26 PST 2017,https://requester.mturk.com/mturk/manageHIT?HITId=3AQN9REUTFGF2X2T32T55WOZHM1DY1,37UQDCYH6XVL4E48XG80NP5UOF87VW,1,Submitted,Sat Nov 25 05:41:57 PST 2017,Fri Nov 24 12:53:14 PST 2017,Fri Nov 24 13:01:57 PST 2017,,,,,,[],"""cond3""",undefined,7.596583333333333
2,one_slider_practice,That&quotechars exactly how many bought,1,NA,English,0,Male,40,No other comments,Yes,How much we&quotechard interpret half-true or half-false statements when bundled with fully true or fully false ones.,2,Windows,1080,1920,Chrome,3AQN9REUTFGF2X2T32T55WOZHM1DY1,3UFCYGUHNP4CXE3VBIPPD007NZATNX,Judging whether a speaker is right or wrong about a scenario,"In this task you will be watching a short video. At the end of the video, a puppet will make a statement and your goal is to say whether the puppett is right or wrong",language research UCI fun cognitive science university explanations,$1.25,Fri Nov 24 12:52:26 PST 2017,9,0,0,0,Reviewable,NotReviewed,1 cond,1800,60000,Sun Dec 24 12:52:26 PST 2017,https://requester.mturk.com/mturk/manageHIT?HITId=3AQN9REUTFGF2X2T32T55WOZHM1DY1,3TOK3KHVJTIQEUVBW4MMSXBMSMAO7A,2,Submitted,Sat Nov 25 05:42:07 PST 2017,Fri Nov 24 12:53:07 PST 2017,Fri Nov 24 13:02:07 PST 2017,,,,,,[],"""cond4""",undefined,8.76575
2,one_slider_practice,The third dog did not jump on the table,0,NA,English,0,Male,40,No other comments,Yes,How much we&quotechard interpret half-true or half-false statements when bundled with fully true or fully false ones.,2,Windows,1080,1920,Chrome,3AQN9REUTFGF2X2T32T55WOZHM1DY1,3UFCYGUHNP4CXE3VBIPPD007NZATNX,Judging whether a speaker is right or wrong about a scenario,"In this task you will be watching a short video. At the end of the video, a puppet will make a statement and your goal is to say whether the puppett is right or wrong",language research UCI fun cognitive science university explanations,$1.25,Fri Nov 24 12:52:26 PST 2017,9,0,0,0,Reviewable,NotReviewed,1 cond,1800,60000,Sun Dec 24 12:52:26 PST 2017,https://requester.mturk.com/mturk/manageHIT?HITId=3AQN9REUTFGF2X2T32T55WOZHM1DY1,3TOK3KHVJTIQEUVBW4MMSXBMSMAO7A,2,Submitted,Sat Nov 25 05:42:07 PST 2017,Fri Nov 24 12:53:07 PST 2017,Fri Nov 24 13:02:07 PST 2017,,,,,,[],"""cond4""",undefined,8.76575
2,one_slider,Only one of the two frogs jumped over the rock,1,cond1,English,0,Male,40,No other comments,Yes,How much we&quotechard interpret half-true or half-false statements when bundled with fully true or fully false ones.,2,Windows,1080,1920,Chrome,3AQN9REUTFGF2X2T32T55WOZHM1DY1,3UFCYGUHNP4CXE3VBIPPD007NZATNX,Judging whether a speaker is right or wrong about a scenario,"In this task you will be watching a short video. At the end of the video, a puppet will make a statement and your goal is to say whether the puppett is right or wrong",language research UCI fun cognitive science university explanations,$1.25,Fri Nov 24 12:52:26 PST 2017,9,0,0,0,Reviewable,NotReviewed,1 cond,1800,60000,Sun Dec 24 12:52:26 PST 2017,https://requester.mturk.com/mturk/manageHIT?HITId=3AQN9REUTFGF2X2T32T55WOZHM1DY1,3TOK3KHVJTIQEUVBW4MMSXBMSMAO7A,2,Submitted,Sat Nov 25 05:42:07 PST 2017,Fri Nov 24 12:53:07 PST 2017,Fri Nov 24 13:02:07 PST 2017,,,,,,[],"""cond4""",undefined,8.76575
2,one_slider,There were only two hippos in the story.,0,cond3,English,0,Male,40,No other comments,Yes,How much we&quotechard interpret half-true or half-false statements when bundled with fully true or fully false ones.,2,Windows,1080,1920,Chrome,3AQN9REUTFGF2X2T32T55WOZHM1DY1,3UFCYGUHNP4CXE3VBIPPD007NZATNX,Judging whether a speaker is right or wrong about a scenario,"In this task you will be watching a short video. At the end of the video, a puppet will make a statement and your goal is to say whether the puppett is right or wrong",language research UCI fun cognitive science university explanations,$1.25,Fri Nov 24 12:52:26 PST 2017,9,0,0,0,Reviewable,NotReviewed,1 cond,1800,60000,Sun Dec 24 12:52:26 PST 2017,https://requester.mturk.com/mturk/manageHIT?HITId=3AQN9REUTFGF2X2T32T55WOZHM1DY1,3TOK3KHVJTIQEUVBW4MMSXBMSMAO7A,2,Submitted,Sat Nov 25 05:42:07 PST 2017,Fri Nov 24 12:53:07 PST 2017,Fri Nov 24 13:02:07 PST 2017,,,,,,[],"""cond4""",undefined,8.76575
2,one_slider,"It&quotechars mostly correct, all 4 went to the forest at first but 2 left the forest to go to the city.",0.66,cond4,English,0,Male,40,No other comments,Yes,How much we&quotechard interpret half-true or half-false statements when bundled with fully true or fully false ones.,2,Windows,1080,1920,Chrome,3AQN9REUTFGF2X2T32T55WOZHM1DY1,3UFCYGUHNP4CXE3VBIPPD007NZATNX,Judging whether a speaker is right or wrong about a scenario,"In this task you will be watching a short video. At the end of the video, a puppet will make a statement and your goal is to say whether the puppett is right or wrong",language research UCI fun cognitive science university explanations,$1.25,Fri Nov 24 12:52:26 PST 2017,9,0,0,0,Reviewable,NotReviewed,1 cond,1800,60000,Sun Dec 24 12:52:26 PST 2017,https://requester.mturk.com/mturk/manageHIT?HITId=3AQN9REUTFGF2X2T32T55WOZHM1DY1,3TOK3KHVJTIQEUVBW4MMSXBMSMAO7A,2,Submitted,Sat Nov 25 05:42:07 PST 2017,Fri Nov 24 12:53:07 PST 2017,Fri Nov 24 13:02:07 PST 2017,,,,,,[],"""cond4""",undefined,8.76575
2,one_slider,The first dog did roll its ball. The second one didn&quotechart.,0,cond3,English,0,Male,40,No other comments,Yes,How much we&quotechard interpret half-true or half-false statements when bundled with fully true or fully false ones.,2,Windows,1080,1920,Chrome,3AQN9REUTFGF2X2T32T55WOZHM1DY1,3UFCYGUHNP4CXE3VBIPPD007NZATNX,Judging whether a speaker is right or wrong about a scenario,"In this task you will be watching a short video. At the end of the video, a puppet will make a statement and your goal is to say whether the puppett is right or wrong",language research UCI fun cognitive science university explanations,$1.25,Fri Nov 24 12:52:26 PST 2017,9,0,0,0,Reviewable,NotReviewed,1 cond,1800,60000,Sun Dec 24 12:52:26 PST 2017,https://requester.mturk.com/mturk/manageHIT?HITId=3AQN9REUTFGF2X2T32T55WOZHM1DY1,3TOK3KHVJTIQEUVBW4MMSXBMSMAO7A,2,Submitted,Sat Nov 25 05:42:07 PST 2017,Fri Nov 24 12:53:07 PST 2017,Fri Nov 24 13:02:07 PST 2017,,,,,,[],"""cond4""",undefined,8.76575
2,one_slider,Two out of four lions didn&quotechart buy anything at all.,1,cond3,English,0,Male,40,No other comments,Yes,How much we&quotechard interpret half-true or half-false statements when bundled with fully true or fully false ones.,2,Windows,1080,1920,Chrome,3AQN9REUTFGF2X2T32T55WOZHM1DY1,3UFCYGUHNP4CXE3VBIPPD007NZATNX,Judging whether a speaker is right or wrong about a scenario,"In this task you will be watching a short video. At the end of the video, a puppet will make a statement and your goal is to say whether the puppett is right or wrong",language research UCI fun cognitive science university explanations,$1.25,Fri Nov 24 12:52:26 PST 2017,9,0,0,0,Reviewable,NotReviewed,1 cond,1800,60000,Sun Dec 24 12:52:26 PST 2017,https://requester.mturk.com/mturk/manageHIT?HITId=3AQN9REUTFGF2X2T32T55WOZHM1DY1,3TOK3KHVJTIQEUVBW4MMSXBMSMAO7A,2,Submitted,Sat Nov 25 05:42:07 PST 2017,Fri Nov 24 12:53:07 PST 2017,Fri Nov 24 13:02:07 PST 2017,,,,,,[],"""cond4""",undefined,8.76575
2,one_slider,Only two out of the four lizards climbed on top of the book.,0,cond2,English,0,Male,40,No other comments,Yes,How much we&quotechard interpret half-true or half-false statements when bundled with fully true or fully false ones.,2,Windows,1080,1920,Chrome,3AQN9REUTFGF2X2T32T55WOZHM1DY1,3UFCYGUHNP4CXE3VBIPPD007NZATNX,Judging whether a speaker is right or wrong about a scenario,"In this task you will be watching a short video. At the end of the video, a puppet will make a statement and your goal is to say whether the puppett is right or wrong",language research UCI fun cognitive science university explanations,$1.25,Fri Nov 24 12:52:26 PST 2017,9,0,0,0,Reviewable,NotReviewed,1 cond,1800,60000,Sun Dec 24 12:52:26 PST 2017,https://requester.mturk.com/mturk/manageHIT?HITId=3AQN9REUTFGF2X2T32T55WOZHM1DY1,3TOK3KHVJTIQEUVBW4MMSXBMSMAO7A,2,Submitted,Sat Nov 25 05:42:07 PST 2017,Fri Nov 24 12:53:07 PST 2017,Fri Nov 24 13:02:07 PST 2017,,,,,,[],"""cond4""",undefined,8.76575
2,one_slider,"The first half is incorrect as all four dinosaurs ate fish, but the latter half of the statement is correct.",0.29,cond4,English,0,Male,40,No other comments,Yes,How much we&quotechard interpret half-true or half-false statements when bundled with fully true or fully false ones.,2,Windows,1080,1920,Chrome,3AQN9REUTFGF2X2T32T55WOZHM1DY1,3UFCYGUHNP4CXE3VBIPPD007NZATNX,Judging whether a speaker is right or wrong about a scenario,"In this task you will be watching a short video. At the end of the video, a puppet will make a statement and your goal is to say whether the puppett is right or wrong",language research UCI fun cognitive science university explanations,$1.25,Fri Nov 24 12:52:26 PST 2017,9,0,0,0,Reviewable,NotReviewed,1 cond,1800,60000,Sun Dec 24 12:52:26 PST 2017,https://requester.mturk.com/mturk/manageHIT?HITId=3AQN9REUTFGF2X2T32T55WOZHM1DY1,3TOK3KHVJTIQEUVBW4MMSXBMSMAO7A,2,Submitted,Sat Nov 25 05:42:07 PST 2017,Fri Nov 24 12:53:07 PST 2017,Fri Nov 24 13:02:07 PST 2017,,,,,,[],"""cond4""",undefined,8.76575
3,one_slider_practice,He bought a convertible and and yellow car,0.98,NA,English,2,Male,32,Fun study. I liked it. ,Yes,Not really sure. ,3,Windows,720,1280,Chrome,3AQN9REUTFGF2X2T32T55WOZHM1DY1,3UFCYGUHNP4CXE3VBIPPD007NZATNX,Judging whether a speaker is right or wrong about a scenario,"In this task you will be watching a short video. At the end of the video, a puppet will make a statement and your goal is to say whether the puppett is right or wrong",language research UCI fun cognitive science university explanations,$1.25,Fri Nov 24 12:52:26 PST 2017,9,0,0,0,Reviewable,NotReviewed,1 cond,1800,60000,Sun Dec 24 12:52:26 PST 2017,https://requester.mturk.com/mturk/manageHIT?HITId=3AQN9REUTFGF2X2T32T55WOZHM1DY1,3MTMREQS4VIG252BUTPGJIQYWWFWAL,3,Submitted,Sat Nov 25 05:46:51 PST 2017,Fri Nov 24 12:53:12 PST 2017,Fri Nov 24 13:06:51 PST 2017,,,,,,[],"""cond2""",undefined,13.582633333333334
3,one_slider_practice,The last dog was too small.,0.01,NA,English,2,Male,32,Fun study. I liked it. ,Yes,Not really sure. ,3,Windows,720,1280,Chrome,3AQN9REUTFGF2X2T32T55WOZHM1DY1,3UFCYGUHNP4CXE3VBIPPD007NZATNX,Judging whether a speaker is right or wrong about a scenario,"In this task you will be watching a short video. At the end of the video, a puppet will make a statement and your goal is to say whether the puppett is right or wrong",language research UCI fun cognitive science university explanations,$1.25,Fri Nov 24 12:52:26 PST 2017,9,0,0,0,Reviewable,NotReviewed,1 cond,1800,60000,Sun Dec 24 12:52:26 PST 2017,https://requester.mturk.com/mturk/manageHIT?HITId=3AQN9REUTFGF2X2T32T55WOZHM1DY1,3MTMREQS4VIG252BUTPGJIQYWWFWAL,3,Submitted,Sat Nov 25 05:46:51 PST 2017,Fri Nov 24 12:53:12 PST 2017,Fri Nov 24 13:06:51 PST 2017,,,,,,[],"""cond2""",undefined,13.582633333333334
3,one_slider,Only one frog jumped over the rock. The other was too small.,0.98,cond1,English,2,Male,32,Fun study. I liked it. ,Yes,Not really sure. ,3,Windows,720,1280,Chrome,3AQN9REUTFGF2X2T32T55WOZHM1DY1,3UFCYGUHNP4CXE3VBIPPD007NZATNX,Judging whether a speaker is right or wrong about a scenario,"In this task you will be watching a short video. At the end of the video, a puppet will make a statement and your goal is to say whether the puppett is right or wrong",language research UCI fun cognitive science university explanations,$1.25,Fri Nov 24 12:52:26 PST 2017,9,0,0,0,Reviewable,NotReviewed,1 cond,1800,60000,Sun Dec 24 12:52:26 PST 2017,https://requester.mturk.com/mturk/manageHIT?HITId=3AQN9REUTFGF2X2T32T55WOZHM1DY1,3MTMREQS4VIG252BUTPGJIQYWWFWAL,3,Submitted,Sat Nov 25 05:46:51 PST 2017,Fri Nov 24 12:53:12 PST 2017,Fri Nov 24 13:06:51 PST 2017,,,,,,[],"""cond2""",undefined,13.582633333333334
3,one_slider,There were only two hippos. ,0,cond2,English,2,Male,32,Fun study. I liked it. ,Yes,Not really sure. ,3,Windows,720,1280,Chrome,3AQN9REUTFGF2X2T32T55WOZHM1DY1,3UFCYGUHNP4CXE3VBIPPD007NZATNX,Judging whether a speaker is right or wrong about a scenario,"In this task you will be watching a short video. At the end of the video, a puppet will make a statement and your goal is to say whether the puppett is right or wrong",language research UCI fun cognitive science university explanations,$1.25,Fri Nov 24 12:52:26 PST 2017,9,0,0,0,Reviewable,NotReviewed,1 cond,1800,60000,Sun Dec 24 12:52:26 PST 2017,https://requester.mturk.com/mturk/manageHIT?HITId=3AQN9REUTFGF2X2T32T55WOZHM1DY1,3MTMREQS4VIG252BUTPGJIQYWWFWAL,3,Submitted,Sat Nov 25 05:46:51 PST 2017,Fri Nov 24 12:53:12 PST 2017,Fri Nov 24 13:06:51 PST 2017,,,,,,[],"""cond2""",undefined,13.582633333333334
3,one_slider,"Two butterflies went to the forest, meaning two butterflies didn&quotechart go to the city. ",0.84,cond4,English,2,Male,32,Fun study. I liked it. ,Yes,Not really sure. ,3,Windows,720,1280,Chrome,3AQN9REUTFGF2X2T32T55WOZHM1DY1,3UFCYGUHNP4CXE3VBIPPD007NZATNX,Judging whether a speaker is right or wrong about a scenario,"In this task you will be watching a short video. At the end of the video, a puppet will make a statement and your goal is to say whether the puppett is right or wrong",language research UCI fun cognitive science university explanations,$1.25,Fri Nov 24 12:52:26 PST 2017,9,0,0,0,Reviewable,NotReviewed,1 cond,1800,60000,Sun Dec 24 12:52:26 PST 2017,https://requester.mturk.com/mturk/manageHIT?HITId=3AQN9REUTFGF2X2T32T55WOZHM1DY1,3MTMREQS4VIG252BUTPGJIQYWWFWAL,3,Submitted,Sat Nov 25 05:46:51 PST 2017,Fri Nov 24 12:53:12 PST 2017,Fri Nov 24 13:06:51 PST 2017,,,,,,[],"""cond2""",undefined,13.582633333333334
3,one_slider,The first dog rolled his ball. ,0,cond4,English,2,Male,32,Fun study. I liked it. ,Yes,Not really sure. ,3,Windows,720,1280,Chrome,3AQN9REUTFGF2X2T32T55WOZHM1DY1,3UFCYGUHNP4CXE3VBIPPD007NZATNX,Judging whether a speaker is right or wrong about a scenario,"In this task you will be watching a short video. At the end of the video, a puppet will make a statement and your goal is to say whether the puppett is right or wrong",language research UCI fun cognitive science university explanations,$1.25,Fri Nov 24 12:52:26 PST 2017,9,0,0,0,Reviewable,NotReviewed,1 cond,1800,60000,Sun Dec 24 12:52:26 PST 2017,https://requester.mturk.com/mturk/manageHIT?HITId=3AQN9REUTFGF2X2T32T55WOZHM1DY1,3MTMREQS4VIG252BUTPGJIQYWWFWAL,3,Submitted,Sat Nov 25 05:46:51 PST 2017,Fri Nov 24 12:53:12 PST 2017,Fri Nov 24 13:06:51 PST 2017,,,,,,[],"""cond2""",undefined,13.582633333333334
3,one_slider,The first lion bought a cookie. ,0,cond1,English,2,Male,32,Fun study. I liked it. ,Yes,Not really sure. ,3,Windows,720,1280,Chrome,3AQN9REUTFGF2X2T32T55WOZHM1DY1,3UFCYGUHNP4CXE3VBIPPD007NZATNX,Judging whether a speaker is right or wrong about a scenario,"In this task you will be watching a short video. At the end of the video, a puppet will make a statement and your goal is to say whether the puppett is right or wrong",language research UCI fun cognitive science university explanations,$1.25,Fri Nov 24 12:52:26 PST 2017,9,0,0,0,Reviewable,NotReviewed,1 cond,1800,60000,Sun Dec 24 12:52:26 PST 2017,https://requester.mturk.com/mturk/manageHIT?HITId=3AQN9REUTFGF2X2T32T55WOZHM1DY1,3MTMREQS4VIG252BUTPGJIQYWWFWAL,3,Submitted,Sat Nov 25 05:46:51 PST 2017,Fri Nov 24 12:53:12 PST 2017,Fri Nov 24 13:06:51 PST 2017,,,,,,[],"""cond2""",undefined,13.582633333333334
3,one_slider,Only two lizards did. The other two though the book was too high. ,0.02,cond2,English,2,Male,32,Fun study. I liked it. ,Yes,Not really sure. ,3,Windows,720,1280,Chrome,3AQN9REUTFGF2X2T32T55WOZHM1DY1,3UFCYGUHNP4CXE3VBIPPD007NZATNX,Judging whether a speaker is right or wrong about a scenario,"In this task you will be watching a short video. At the end of the video, a puppet will make a statement and your goal is to say whether the puppett is right or wrong",language research UCI fun cognitive science university explanations,$1.25,Fri Nov 24 12:52:26 PST 2017,9,0,0,0,Reviewable,NotReviewed,1 cond,1800,60000,Sun Dec 24 12:52:26 PST 2017,https://requester.mturk.com/mturk/manageHIT?HITId=3AQN9REUTFGF2X2T32T55WOZHM1DY1,3MTMREQS4VIG252BUTPGJIQYWWFWAL,3,Submitted,Sat Nov 25 05:46:51 PST 2017,Fri Nov 24 12:53:12 PST 2017,Fri Nov 24 13:06:51 PST 2017,,,,,,[],"""cond2""",undefined,13.582633333333334
3,one_slider,"Only one dinosaur ate a fish, therefore, two didn&quotechart. ",0.95,cond2,English,2,Male,32,Fun study. I liked it. ,Yes,Not really sure. ,3,Windows,720,1280,Chrome,3AQN9REUTFGF2X2T32T55WOZHM1DY1,3UFCYGUHNP4CXE3VBIPPD007NZATNX,Judging whether a speaker is right or wrong about a scenario,"In this task you will be watching a short video. At the end of the video, a puppet will make a statement and your goal is to say whether the puppett is right or wrong",language research UCI fun cognitive science university explanations,$1.25,Fri Nov 24 12:52:26 PST 2017,9,0,0,0,Reviewable,NotReviewed,1 cond,1800,60000,Sun Dec 24 12:52:26 PST 2017,https://requester.mturk.com/mturk/manageHIT?HITId=3AQN9REUTFGF2X2T32T55WOZHM1DY1,3MTMREQS4VIG252BUTPGJIQYWWFWAL,3,Submitted,Sat Nov 25 05:46:51 PST 2017,Fri Nov 24 12:53:12 PST 2017,Fri Nov 24 13:06:51 PST 2017,,,,,,[],"""cond2""",undefined,13.582633333333334
4,one_slider_practice,he only had 1 penny left and decided not to buy anymore cars,0.95,NA,English,2,Female,60,none,Yes,English language,1,Windows,1024,1280,Chrome,3AQN9REUTFGF2X2T32T55WOZHM1DY1,3UFCYGUHNP4CXE3VBIPPD007NZATNX,Judging whether a speaker is right or wrong about a scenario,"In this task you will be watching a short video. At the end of the video, a puppet will make a statement and your goal is to say whether the puppett is right or wrong",language research UCI fun cognitive science university explanations,$1.25,Fri Nov 24 12:52:26 PST 2017,9,0,0,0,Reviewable,NotReviewed,1 cond,1800,60000,Sun Dec 24 12:52:26 PST 2017,https://requester.mturk.com/mturk/manageHIT?HITId=3AQN9REUTFGF2X2T32T55WOZHM1DY1,3OHYZ19UGC58XWT937Y62ODCTUGOA1,4,Submitted,Sat Nov 25 05:48:27 PST 2017,Fri Nov 24 12:53:10 PST 2017,Fri Nov 24 13:08:27 PST 2017,,,,,,[],"""cond4""",undefined,8.102616666666666
4,one_slider_practice,small dog was too small and did not want to jump on the table,0.02,NA,English,2,Female,60,none,Yes,English language,1,Windows,1024,1280,Chrome,3AQN9REUTFGF2X2T32T55WOZHM1DY1,3UFCYGUHNP4CXE3VBIPPD007NZATNX,Judging whether a speaker is right or wrong about a scenario,"In this task you will be watching a short video. At the end of the video, a puppet will make a statement and your goal is to say whether the puppett is right or wrong",language research UCI fun cognitive science university explanations,$1.25,Fri Nov 24 12:52:26 PST 2017,9,0,0,0,Reviewable,NotReviewed,1 cond,1800,60000,Sun Dec 24 12:52:26 PST 2017,https://requester.mturk.com/mturk/manageHIT?HITId=3AQN9REUTFGF2X2T32T55WOZHM1DY1,3OHYZ19UGC58XWT937Y62ODCTUGOA1,4,Submitted,Sat Nov 25 05:48:27 PST 2017,Fri Nov 24 12:53:10 PST 2017,Fri Nov 24 13:08:27 PST 2017,,,,,,[],"""cond4""",undefined,8.102616666666666
4,one_slider,the small frog thought he was too small to jump over the rock so did not jump over,0.97,cond1,English,2,Female,60,none,Yes,English language,1,Windows,1024,1280,Chrome,3AQN9REUTFGF2X2T32T55WOZHM1DY1,3UFCYGUHNP4CXE3VBIPPD007NZATNX,Judging whether a speaker is right or wrong about a scenario,"In this task you will be watching a short video. At the end of the video, a puppet will make a statement and your goal is to say whether the puppett is right or wrong",language research UCI fun cognitive science university explanations,$1.25,Fri Nov 24 12:52:26 PST 2017,9,0,0,0,Reviewable,NotReviewed,1 cond,1800,60000,Sun Dec 24 12:52:26 PST 2017,https://requester.mturk.com/mturk/manageHIT?HITId=3AQN9REUTFGF2X2T32T55WOZHM1DY1,3OHYZ19UGC58XWT937Y62ODCTUGOA1,4,Submitted,Sat Nov 25 05:48:27 PST 2017,Fri Nov 24 12:53:10 PST 2017,Fri Nov 24 13:08:27 PST 2017,,,,,,[],"""cond4""",undefined,8.102616666666666
4,one_slider,There were only 2 hippos that drank the milk,0.02,cond1,English,2,Female,60,none,Yes,English language,1,Windows,1024,1280,Chrome,3AQN9REUTFGF2X2T32T55WOZHM1DY1,3UFCYGUHNP4CXE3VBIPPD007NZATNX,Judging whether a speaker is right or wrong about a scenario,"In this task you will be watching a short video. At the end of the video, a puppet will make a statement and your goal is to say whether the puppett is right or wrong",language research UCI fun cognitive science university explanations,$1.25,Fri Nov 24 12:52:26 PST 2017,9,0,0,0,Reviewable,NotReviewed,1 cond,1800,60000,Sun Dec 24 12:52:26 PST 2017,https://requester.mturk.com/mturk/manageHIT?HITId=3AQN9REUTFGF2X2T32T55WOZHM1DY1,3OHYZ19UGC58XWT937Y62ODCTUGOA1,4,Submitted,Sat Nov 25 05:48:27 PST 2017,Fri Nov 24 12:53:10 PST 2017,Fri Nov 24 13:08:27 PST 2017,,,,,,[],"""cond4""",undefined,8.102616666666666
4,one_slider,"the two that went to the forest didn&quotechart go to the city, they stayed in the forest",0.97,cond4,English,2,Female,60,none,Yes,English language,1,Windows,1024,1280,Chrome,3AQN9REUTFGF2X2T32T55WOZHM1DY1,3UFCYGUHNP4CXE3VBIPPD007NZATNX,Judging whether a speaker is right or wrong about a scenario,"In this task you will be watching a short video. At the end of the video, a puppet will make a statement and your goal is to say whether the puppett is right or wrong",language research UCI fun cognitive science university explanations,$1.25,Fri Nov 24 12:52:26 PST 2017,9,0,0,0,Reviewable,NotReviewed,1 cond,1800,60000,Sun Dec 24 12:52:26 PST 2017,https://requester.mturk.com/mturk/manageHIT?HITId=3AQN9REUTFGF2X2T32T55WOZHM1DY1,3OHYZ19UGC58XWT937Y62ODCTUGOA1,4,Submitted,Sat Nov 25 05:48:27 PST 2017,Fri Nov 24 12:53:10 PST 2017,Fri Nov 24 13:08:27 PST 2017,,,,,,[],"""cond4""",undefined,8.102616666666666
4,one_slider,the first dog rolled his ball,0.02,cond2,English,2,Female,60,none,Yes,English language,1,Windows,1024,1280,Chrome,3AQN9REUTFGF2X2T32T55WOZHM1DY1,3UFCYGUHNP4CXE3VBIPPD007NZATNX,Judging whether a speaker is right or wrong about a scenario,"In this task you will be watching a short video. At the end of the video, a puppet will make a statement and your goal is to say whether the puppett is right or wrong",language research UCI fun cognitive science university explanations,$1.25,Fri Nov 24 12:52:26 PST 2017,9,0,0,0,Reviewable,NotReviewed,1 cond,1800,60000,Sun Dec 24 12:52:26 PST 2017,https://requester.mturk.com/mturk/manageHIT?HITId=3AQN9REUTFGF2X2T32T55WOZHM1DY1,3OHYZ19UGC58XWT937Y62ODCTUGOA1,4,Submitted,Sat Nov 25 05:48:27 PST 2017,Fri Nov 24 12:53:10 PST 2017,Fri Nov 24 13:08:27 PST 2017,,,,,,[],"""cond4""",undefined,8.102616666666666
4,one_slider,2 of the lions only bought an egg,0.91,cond4,English,2,Female,60,none,Yes,English language,1,Windows,1024,1280,Chrome,3AQN9REUTFGF2X2T32T55WOZHM1DY1,3UFCYGUHNP4CXE3VBIPPD007NZATNX,Judging whether a speaker is right or wrong about a scenario,"In this task you will be watching a short video. At the end of the video, a puppet will make a statement and your goal is to say whether the puppett is right or wrong",language research UCI fun cognitive science university explanations,$1.25,Fri Nov 24 12:52:26 PST 2017,9,0,0,0,Reviewable,NotReviewed,1 cond,1800,60000,Sun Dec 24 12:52:26 PST 2017,https://requester.mturk.com/mturk/manageHIT?HITId=3AQN9REUTFGF2X2T32T55WOZHM1DY1,3OHYZ19UGC58XWT937Y62ODCTUGOA1,4,Submitted,Sat Nov 25 05:48:27 PST 2017,Fri Nov 24 12:53:10 PST 2017,Fri Nov 24 13:08:27 PST 2017,,,,,,[],"""cond4""",undefined,8.102616666666666
4,one_slider,2 lizards thought the book was too high to jump on so they did not jump on the book,0.05,cond3,English,2,Female,60,none,Yes,English language,1,Windows,1024,1280,Chrome,3AQN9REUTFGF2X2T32T55WOZHM1DY1,3UFCYGUHNP4CXE3VBIPPD007NZATNX,Judging whether a speaker is right or wrong about a scenario,"In this task you will be watching a short video. At the end of the video, a puppet will make a statement and your goal is to say whether the puppett is right or wrong",language research UCI fun cognitive science university explanations,$1.25,Fri Nov 24 12:52:26 PST 2017,9,0,0,0,Reviewable,NotReviewed,1 cond,1800,60000,Sun Dec 24 12:52:26 PST 2017,https://requester.mturk.com/mturk/manageHIT?HITId=3AQN9REUTFGF2X2T32T55WOZHM1DY1,3OHYZ19UGC58XWT937Y62ODCTUGOA1,4,Submitted,Sat Nov 25 05:48:27 PST 2017,Fri Nov 24 12:53:10 PST 2017,Fri Nov 24 13:08:27 PST 2017,,,,,,[],"""cond4""",undefined,8.102616666666666
4,one_slider,the 2 dinosaurs that didn&quotechart eat bugs because they were to full after eating the fish,0.95,cond4,English,2,Female,60,none,Yes,English language,1,Windows,1024,1280,Chrome,3AQN9REUTFGF2X2T32T55WOZHM1DY1,3UFCYGUHNP4CXE3VBIPPD007NZATNX,Judging whether a speaker is right or wrong about a scenario,"In this task you will be watching a short video. At the end of the video, a puppet will make a statement and your goal is to say whether the puppett is right or wrong",language research UCI fun cognitive science university explanations,$1.25,Fri Nov 24 12:52:26 PST 2017,9,0,0,0,Reviewable,NotReviewed,1 cond,1800,60000,Sun Dec 24 12:52:26 PST 2017,https://requester.mturk.com/mturk/manageHIT?HITId=3AQN9REUTFGF2X2T32T55WOZHM1DY1,3OHYZ19UGC58XWT937Y62ODCTUGOA1,4,Submitted,Sat Nov 25 05:48:27 PST 2017,Fri Nov 24 12:53:10 PST 2017,Fri Nov 24 13:08:27 PST 2017,,,,,,[],"""cond4""",undefined,8.102616666666666
5,one_slider_practice,The smurf spent 2 pennies on each car for a total of 4 pennies.,1,NA,English,2,Male,33,N/A,Yes,"If I had to guess, I would say it has something to do with language comprehension.",3,Windows,1080,1920,Chrome,3AQN9REUTFGF2X2T32T55WOZHM1DY1,3UFCYGUHNP4CXE3VBIPPD007NZATNX,Judging whether a speaker is right or wrong about a scenario,"In this task you will be watching a short video. At the end of the video, a puppet will make a statement and your goal is to say whether the puppett is right or wrong",language research UCI fun cognitive science university explanations,$1.25,Fri Nov 24 12:52:26 PST 2017,9,0,0,0,Reviewable,NotReviewed,1 cond,1800,60000,Sun Dec 24 12:52:26 PST 2017,https://requester.mturk.com/mturk/manageHIT?HITId=3AQN9REUTFGF2X2T32T55WOZHM1DY1,3HHRAGRYX85USDJ4B1K66T2SNCYO9M,5,Submitted,Sat Nov 25 05:50:09 PST 2017,Fri Nov 24 12:53:09 PST 2017,Fri Nov 24 13:10:09 PST 2017,,,,,,[],"""cond1""",undefined,16.953583333333334
5,one_slider_practice,The third dog didn&quotechart job on the table because he was too small.,0,NA,English,2,Male,33,N/A,Yes,"If I had to guess, I would say it has something to do with language comprehension.",3,Windows,1080,1920,Chrome,3AQN9REUTFGF2X2T32T55WOZHM1DY1,3UFCYGUHNP4CXE3VBIPPD007NZATNX,Judging whether a speaker is right or wrong about a scenario,"In this task you will be watching a short video. At the end of the video, a puppet will make a statement and your goal is to say whether the puppett is right or wrong",language research UCI fun cognitive science university explanations,$1.25,Fri Nov 24 12:52:26 PST 2017,9,0,0,0,Reviewable,NotReviewed,1 cond,1800,60000,Sun Dec 24 12:52:26 PST 2017,https://requester.mturk.com/mturk/manageHIT?HITId=3AQN9REUTFGF2X2T32T55WOZHM1DY1,3HHRAGRYX85USDJ4B1K66T2SNCYO9M,5,Submitted,Sat Nov 25 05:50:09 PST 2017,Fri Nov 24 12:53:09 PST 2017,Fri Nov 24 13:10:09 PST 2017,,,,,,[],"""cond1""",undefined,16.953583333333334
5,one_slider,Both frogs successfully jumped over the fence but only one frog went over the rock because the other thought it was too tall.,1,cond2,English,2,Male,33,N/A,Yes,"If I had to guess, I would say it has something to do with language comprehension.",3,Windows,1080,1920,Chrome,3AQN9REUTFGF2X2T32T55WOZHM1DY1,3UFCYGUHNP4CXE3VBIPPD007NZATNX,Judging whether a speaker is right or wrong about a scenario,"In this task you will be watching a short video. At the end of the video, a puppet will make a statement and your goal is to say whether the puppett is right or wrong",language research UCI fun cognitive science university explanations,$1.25,Fri Nov 24 12:52:26 PST 2017,9,0,0,0,Reviewable,NotReviewed,1 cond,1800,60000,Sun Dec 24 12:52:26 PST 2017,https://requester.mturk.com/mturk/manageHIT?HITId=3AQN9REUTFGF2X2T32T55WOZHM1DY1,3HHRAGRYX85USDJ4B1K66T2SNCYO9M,5,Submitted,Sat Nov 25 05:50:09 PST 2017,Fri Nov 24 12:53:09 PST 2017,Fri Nov 24 13:10:09 PST 2017,,,,,,[],"""cond1""",undefined,16.953583333333334
5,one_slider,Only two hippos drank milk.,0,cond4,English,2,Male,33,N/A,Yes,"If I had to guess, I would say it has something to do with language comprehension.",3,Windows,1080,1920,Chrome,3AQN9REUTFGF2X2T32T55WOZHM1DY1,3UFCYGUHNP4CXE3VBIPPD007NZATNX,Judging whether a speaker is right or wrong about a scenario,"In this task you will be watching a short video. At the end of the video, a puppet will make a statement and your goal is to say whether the puppett is right or wrong",language research UCI fun cognitive science university explanations,$1.25,Fri Nov 24 12:52:26 PST 2017,9,0,0,0,Reviewable,NotReviewed,1 cond,1800,60000,Sun Dec 24 12:52:26 PST 2017,https://requester.mturk.com/mturk/manageHIT?HITId=3AQN9REUTFGF2X2T32T55WOZHM1DY1,3HHRAGRYX85USDJ4B1K66T2SNCYO9M,5,Submitted,Sat Nov 25 05:50:09 PST 2017,Fri Nov 24 12:53:09 PST 2017,Fri Nov 24 13:10:09 PST 2017,,,,,,[],"""cond1""",undefined,16.953583333333334
5,one_slider,The butterflies both went to the forest but only the one who didn&quotechart like the forest went to the city.,1,cond2,English,2,Male,33,N/A,Yes,"If I had to guess, I would say it has something to do with language comprehension.",3,Windows,1080,1920,Chrome,3AQN9REUTFGF2X2T32T55WOZHM1DY1,3UFCYGUHNP4CXE3VBIPPD007NZATNX,Judging whether a speaker is right or wrong about a scenario,"In this task you will be watching a short video. At the end of the video, a puppet will make a statement and your goal is to say whether the puppett is right or wrong",language research UCI fun cognitive science university explanations,$1.25,Fri Nov 24 12:52:26 PST 2017,9,0,0,0,Reviewable,NotReviewed,1 cond,1800,60000,Sun Dec 24 12:52:26 PST 2017,https://requester.mturk.com/mturk/manageHIT?HITId=3AQN9REUTFGF2X2T32T55WOZHM1DY1,3HHRAGRYX85USDJ4B1K66T2SNCYO9M,5,Submitted,Sat Nov 25 05:50:09 PST 2017,Fri Nov 24 12:53:09 PST 2017,Fri Nov 24 13:10:09 PST 2017,,,,,,[],"""cond1""",undefined,16.953583333333334
5,one_slider,The first dog rolled his ball.,0,cond2,English,2,Male,33,N/A,Yes,"If I had to guess, I would say it has something to do with language comprehension.",3,Windows,1080,1920,Chrome,3AQN9REUTFGF2X2T32T55WOZHM1DY1,3UFCYGUHNP4CXE3VBIPPD007NZATNX,Judging whether a speaker is right or wrong about a scenario,"In this task you will be watching a short video. At the end of the video, a puppet will make a statement and your goal is to say whether the puppett is right or wrong",language research UCI fun cognitive science university explanations,$1.25,Fri Nov 24 12:52:26 PST 2017,9,0,0,0,Reviewable,NotReviewed,1 cond,1800,60000,Sun Dec 24 12:52:26 PST 2017,https://requester.mturk.com/mturk/manageHIT?HITId=3AQN9REUTFGF2X2T32T55WOZHM1DY1,3HHRAGRYX85USDJ4B1K66T2SNCYO9M,5,Submitted,Sat Nov 25 05:50:09 PST 2017,Fri Nov 24 12:53:09 PST 2017,Fri Nov 24 13:10:09 PST 2017,,,,,,[],"""cond1""",undefined,16.953583333333334
5,one_slider,"Only one lion bought a cookie, not two.",1,cond1,English,2,Male,33,N/A,Yes,"If I had to guess, I would say it has something to do with language comprehension.",3,Windows,1080,1920,Chrome,3AQN9REUTFGF2X2T32T55WOZHM1DY1,3UFCYGUHNP4CXE3VBIPPD007NZATNX,Judging whether a speaker is right or wrong about a scenario,"In this task you will be watching a short video. At the end of the video, a puppet will make a statement and your goal is to say whether the puppett is right or wrong",language research UCI fun cognitive science university explanations,$1.25,Fri Nov 24 12:52:26 PST 2017,9,0,0,0,Reviewable,NotReviewed,1 cond,1800,60000,Sun Dec 24 12:52:26 PST 2017,https://requester.mturk.com/mturk/manageHIT?HITId=3AQN9REUTFGF2X2T32T55WOZHM1DY1,3HHRAGRYX85USDJ4B1K66T2SNCYO9M,5,Submitted,Sat Nov 25 05:50:09 PST 2017,Fri Nov 24 12:53:09 PST 2017,Fri Nov 24 13:10:09 PST 2017,,,,,,[],"""cond1""",undefined,16.953583333333334
5,one_slider,Only two lizards went on the book as the other two thought the book was too high.,0,cond2,English,2,Male,33,N/A,Yes,"If I had to guess, I would say it has something to do with language comprehension.",3,Windows,1080,1920,Chrome,3AQN9REUTFGF2X2T32T55WOZHM1DY1,3UFCYGUHNP4CXE3VBIPPD007NZATNX,Judging whether a speaker is right or wrong about a scenario,"In this task you will be watching a short video. At the end of the video, a puppet will make a statement and your goal is to say whether the puppett is right or wrong",language research UCI fun cognitive science university explanations,$1.25,Fri Nov 24 12:52:26 PST 2017,9,0,0,0,Reviewable,NotReviewed,1 cond,1800,60000,Sun Dec 24 12:52:26 PST 2017,https://requester.mturk.com/mturk/manageHIT?HITId=3AQN9REUTFGF2X2T32T55WOZHM1DY1,3HHRAGRYX85USDJ4B1K66T2SNCYO9M,5,Submitted,Sat Nov 25 05:50:09 PST 2017,Fri Nov 24 12:53:09 PST 2017,Fri Nov 24 13:10:09 PST 2017,,,,,,[],"""cond1""",undefined,16.953583333333334
5,one_slider,"Only one dinosaur ate a bug, and not two.",1,cond1,English,2,Male,33,N/A,Yes,"If I had to guess, I would say it has something to do with language comprehension.",3,Windows,1080,1920,Chrome,3AQN9REUTFGF2X2T32T55WOZHM1DY1,3UFCYGUHNP4CXE3VBIPPD007NZATNX,Judging whether a speaker is right or wrong about a scenario,"In this task you will be watching a short video. At the end of the video, a puppet will make a statement and your goal is to say whether the puppett is right or wrong",language research UCI fun cognitive science university explanations,$1.25,Fri Nov 24 12:52:26 PST 2017,9,0,0,0,Reviewable,NotReviewed,1 cond,1800,60000,Sun Dec 24 12:52:26 PST 2017,https://requester.mturk.com/mturk/manageHIT?HITId=3AQN9REUTFGF2X2T32T55WOZHM1DY1,3HHRAGRYX85USDJ4B1K66T2SNCYO9M,5,Submitted,Sat Nov 25 05:50:09 PST 2017,Fri Nov 24 12:53:09 PST 2017,Fri Nov 24 13:10:09 PST 2017,,,,,,[],"""cond1""",undefined,16.953583333333334
6,one_slider_practice,Brainy smurf bought 2 cars at .02 each  and he only had .05 so he decided he was done buying,0.92,NA,English,2,Female,25,None at this time.,Yes,Unsure but I really liked it,3,Windows,768,1366,Chrome,3AQN9REUTFGF2X2T32T55WOZHM1DY1,3UFCYGUHNP4CXE3VBIPPD007NZATNX,Judging whether a speaker is right or wrong about a scenario,"In this task you will be watching a short video. At the end of the video, a puppet will make a statement and your goal is to say whether the puppett is right or wrong",language research UCI fun cognitive science university explanations,$1.25,Fri Nov 24 12:52:26 PST 2017,9,0,0,0,Reviewable,NotReviewed,1 cond,1800,60000,Sun Dec 24 12:52:26 PST 2017,https://requester.mturk.com/mturk/manageHIT?HITId=3AQN9REUTFGF2X2T32T55WOZHM1DY1,34S9DKFK73PRBTR0IYC9QLVE6BEYN6,6,Submitted,Sat Nov 25 05:51:10 PST 2017,Fri Nov 24 12:53:15 PST 2017,Fri Nov 24 13:11:10 PST 2017,,,,,,[],"""cond3""",undefined,9.372933333333334
6,one_slider_practice,The 3rd dog was too small to jump on the table,0,NA,English,2,Female,25,None at this time.,Yes,Unsure but I really liked it,3,Windows,768,1366,Chrome,3AQN9REUTFGF2X2T32T55WOZHM1DY1,3UFCYGUHNP4CXE3VBIPPD007NZATNX,Judging whether a speaker is right or wrong about a scenario,"In this task you will be watching a short video. At the end of the video, a puppet will make a statement and your goal is to say whether the puppett is right or wrong",language research UCI fun cognitive science university explanations,$1.25,Fri Nov 24 12:52:26 PST 2017,9,0,0,0,Reviewable,NotReviewed,1 cond,1800,60000,Sun Dec 24 12:52:26 PST 2017,https://requester.mturk.com/mturk/manageHIT?HITId=3AQN9REUTFGF2X2T32T55WOZHM1DY1,34S9DKFK73PRBTR0IYC9QLVE6BEYN6,6,Submitted,Sat Nov 25 05:51:10 PST 2017,Fri Nov 24 12:53:15 PST 2017,Fri Nov 24 13:11:10 PST 2017,,,,,,[],"""cond3""",undefined,9.372933333333334
6,one_slider,The 2 smaller frog thought the rock to be to big to jump over so they did not jump.,1,cond3,English,2,Female,25,None at this time.,Yes,Unsure but I really liked it,3,Windows,768,1366,Chrome,3AQN9REUTFGF2X2T32T55WOZHM1DY1,3UFCYGUHNP4CXE3VBIPPD007NZATNX,Judging whether a speaker is right or wrong about a scenario,"In this task you will be watching a short video. At the end of the video, a puppet will make a statement and your goal is to say whether the puppett is right or wrong",language research UCI fun cognitive science university explanations,$1.25,Fri Nov 24 12:52:26 PST 2017,9,0,0,0,Reviewable,NotReviewed,1 cond,1800,60000,Sun Dec 24 12:52:26 PST 2017,https://requester.mturk.com/mturk/manageHIT?HITId=3AQN9REUTFGF2X2T32T55WOZHM1DY1,34S9DKFK73PRBTR0IYC9QLVE6BEYN6,6,Submitted,Sat Nov 25 05:51:10 PST 2017,Fri Nov 24 12:53:15 PST 2017,Fri Nov 24 13:11:10 PST 2017,,,,,,[],"""cond3""",undefined,9.372933333333334
6,one_slider,There are only 2 hippos in the story,0.01,cond1,English,2,Female,25,None at this time.,Yes,Unsure but I really liked it,3,Windows,768,1366,Chrome,3AQN9REUTFGF2X2T32T55WOZHM1DY1,3UFCYGUHNP4CXE3VBIPPD007NZATNX,Judging whether a speaker is right or wrong about a scenario,"In this task you will be watching a short video. At the end of the video, a puppet will make a statement and your goal is to say whether the puppett is right or wrong",language research UCI fun cognitive science university explanations,$1.25,Fri Nov 24 12:52:26 PST 2017,9,0,0,0,Reviewable,NotReviewed,1 cond,1800,60000,Sun Dec 24 12:52:26 PST 2017,https://requester.mturk.com/mturk/manageHIT?HITId=3AQN9REUTFGF2X2T32T55WOZHM1DY1,34S9DKFK73PRBTR0IYC9QLVE6BEYN6,6,Submitted,Sat Nov 25 05:51:10 PST 2017,Fri Nov 24 12:53:15 PST 2017,Fri Nov 24 13:11:10 PST 2017,,,,,,[],"""cond3""",undefined,9.372933333333334
6,one_slider,2 butterflies decided to stay at home,0.7,cond3,English,2,Female,25,None at this time.,Yes,Unsure but I really liked it,3,Windows,768,1366,Chrome,3AQN9REUTFGF2X2T32T55WOZHM1DY1,3UFCYGUHNP4CXE3VBIPPD007NZATNX,Judging whether a speaker is right or wrong about a scenario,"In this task you will be watching a short video. At the end of the video, a puppet will make a statement and your goal is to say whether the puppett is right or wrong",language research UCI fun cognitive science university explanations,$1.25,Fri Nov 24 12:52:26 PST 2017,9,0,0,0,Reviewable,NotReviewed,1 cond,1800,60000,Sun Dec 24 12:52:26 PST 2017,https://requester.mturk.com/mturk/manageHIT?HITId=3AQN9REUTFGF2X2T32T55WOZHM1DY1,34S9DKFK73PRBTR0IYC9QLVE6BEYN6,6,Submitted,Sat Nov 25 05:51:10 PST 2017,Fri Nov 24 12:53:15 PST 2017,Fri Nov 24 13:11:10 PST 2017,,,,,,[],"""cond3""",undefined,9.372933333333334
6,one_slider,"1 dog rolled their ball, the other did not because he didnt want it to fall off the table",0.04,cond2,English,2,Female,25,None at this time.,Yes,Unsure but I really liked it,3,Windows,768,1366,Chrome,3AQN9REUTFGF2X2T32T55WOZHM1DY1,3UFCYGUHNP4CXE3VBIPPD007NZATNX,Judging whether a speaker is right or wrong about a scenario,"In this task you will be watching a short video. At the end of the video, a puppet will make a statement and your goal is to say whether the puppett is right or wrong",language research UCI fun cognitive science university explanations,$1.25,Fri Nov 24 12:52:26 PST 2017,9,0,0,0,Reviewable,NotReviewed,1 cond,1800,60000,Sun Dec 24 12:52:26 PST 2017,https://requester.mturk.com/mturk/manageHIT?HITId=3AQN9REUTFGF2X2T32T55WOZHM1DY1,34S9DKFK73PRBTR0IYC9QLVE6BEYN6,6,Submitted,Sat Nov 25 05:51:10 PST 2017,Fri Nov 24 12:53:15 PST 2017,Fri Nov 24 13:11:10 PST 2017,,,,,,[],"""cond3""",undefined,9.372933333333334
6,one_slider,yes All the lions bought an egg so 2 lions would be partially correct but yes 2 lions definately did not by a cookie,0.74,cond4,English,2,Female,25,None at this time.,Yes,Unsure but I really liked it,3,Windows,768,1366,Chrome,3AQN9REUTFGF2X2T32T55WOZHM1DY1,3UFCYGUHNP4CXE3VBIPPD007NZATNX,Judging whether a speaker is right or wrong about a scenario,"In this task you will be watching a short video. At the end of the video, a puppet will make a statement and your goal is to say whether the puppett is right or wrong",language research UCI fun cognitive science university explanations,$1.25,Fri Nov 24 12:52:26 PST 2017,9,0,0,0,Reviewable,NotReviewed,1 cond,1800,60000,Sun Dec 24 12:52:26 PST 2017,https://requester.mturk.com/mturk/manageHIT?HITId=3AQN9REUTFGF2X2T32T55WOZHM1DY1,34S9DKFK73PRBTR0IYC9QLVE6BEYN6,6,Submitted,Sat Nov 25 05:51:10 PST 2017,Fri Nov 24 12:53:15 PST 2017,Fri Nov 24 13:11:10 PST 2017,,,,,,[],"""cond3""",undefined,9.372933333333334
6,one_slider,No 2 lizards believed the book to be too high and didnt jump,0.05,cond4,English,2,Female,25,None at this time.,Yes,Unsure but I really liked it,3,Windows,768,1366,Chrome,3AQN9REUTFGF2X2T32T55WOZHM1DY1,3UFCYGUHNP4CXE3VBIPPD007NZATNX,Judging whether a speaker is right or wrong about a scenario,"In this task you will be watching a short video. At the end of the video, a puppet will make a statement and your goal is to say whether the puppett is right or wrong",language research UCI fun cognitive science university explanations,$1.25,Fri Nov 24 12:52:26 PST 2017,9,0,0,0,Reviewable,NotReviewed,1 cond,1800,60000,Sun Dec 24 12:52:26 PST 2017,https://requester.mturk.com/mturk/manageHIT?HITId=3AQN9REUTFGF2X2T32T55WOZHM1DY1,34S9DKFK73PRBTR0IYC9QLVE6BEYN6,6,Submitted,Sat Nov 25 05:51:10 PST 2017,Fri Nov 24 12:53:15 PST 2017,Fri Nov 24 13:11:10 PST 2017,,,,,,[],"""cond3""",undefined,9.372933333333334
6,one_slider,Yes 2 dinosaurs didn&quotechart eat bugs because they didn&quotechart like bugs,0.97,cond3,English,2,Female,25,None at this time.,Yes,Unsure but I really liked it,3,Windows,768,1366,Chrome,3AQN9REUTFGF2X2T32T55WOZHM1DY1,3UFCYGUHNP4CXE3VBIPPD007NZATNX,Judging whether a speaker is right or wrong about a scenario,"In this task you will be watching a short video. At the end of the video, a puppet will make a statement and your goal is to say whether the puppett is right or wrong",language research UCI fun cognitive science university explanations,$1.25,Fri Nov 24 12:52:26 PST 2017,9,0,0,0,Reviewable,NotReviewed,1 cond,1800,60000,Sun Dec 24 12:52:26 PST 2017,https://requester.mturk.com/mturk/manageHIT?HITId=3AQN9REUTFGF2X2T32T55WOZHM1DY1,34S9DKFK73PRBTR0IYC9QLVE6BEYN6,6,Submitted,Sat Nov 25 05:51:10 PST 2017,Fri Nov 24 12:53:15 PST 2017,Fri Nov 24 13:11:10 PST 2017,,,,,,[],"""cond3""",undefined,9.372933333333334
7,one_slider_practice,He bought 2 cars for a penny each.,0.77,NA,english,2,Female,33,n/a,Yes,Not sure,2,Windows,720,1280,Firefox,3AQN9REUTFGF2X2T32T55WOZHM1DY1,3UFCYGUHNP4CXE3VBIPPD007NZATNX,Judging whether a speaker is right or wrong about a scenario,"In this task you will be watching a short video. At the end of the video, a puppet will make a statement and your goal is to say whether the puppett is right or wrong",language research UCI fun cognitive science university explanations,$1.25,Fri Nov 24 12:52:26 PST 2017,9,0,0,0,Reviewable,NotReviewed,1 cond,1800,60000,Sun Dec 24 12:52:26 PST 2017,https://requester.mturk.com/mturk/manageHIT?HITId=3AQN9REUTFGF2X2T32T55WOZHM1DY1,3WSELTNVR32OAOYHZOK5WYJZS2XTAS,7,Submitted,Sat Nov 25 05:53:47 PST 2017,Fri Nov 24 12:53:17 PST 2017,Fri Nov 24 13:13:47 PST 2017,,,,,,[],"""cond4""",undefined,12.3774
7,one_slider_practice,one of the dogs said he was too small to jump on the table,0.01,NA,english,2,Female,33,n/a,Yes,Not sure,2,Windows,720,1280,Firefox,3AQN9REUTFGF2X2T32T55WOZHM1DY1,3UFCYGUHNP4CXE3VBIPPD007NZATNX,Judging whether a speaker is right or wrong about a scenario,"In this task you will be watching a short video. At the end of the video, a puppet will make a statement and your goal is to say whether the puppett is right or wrong",language research UCI fun cognitive science university explanations,$1.25,Fri Nov 24 12:52:26 PST 2017,9,0,0,0,Reviewable,NotReviewed,1 cond,1800,60000,Sun Dec 24 12:52:26 PST 2017,https://requester.mturk.com/mturk/manageHIT?HITId=3AQN9REUTFGF2X2T32T55WOZHM1DY1,3WSELTNVR32OAOYHZOK5WYJZS2XTAS,7,Submitted,Sat Nov 25 05:53:47 PST 2017,Fri Nov 24 12:53:17 PST 2017,Fri Nov 24 13:13:47 PST 2017,,,,,,[],"""cond4""",undefined,12.3774
7,one_slider,Because the first frog did not jump.,0.89,cond1,english,2,Female,33,n/a,Yes,Not sure,2,Windows,720,1280,Firefox,3AQN9REUTFGF2X2T32T55WOZHM1DY1,3UFCYGUHNP4CXE3VBIPPD007NZATNX,Judging whether a speaker is right or wrong about a scenario,"In this task you will be watching a short video. At the end of the video, a puppet will make a statement and your goal is to say whether the puppett is right or wrong",language research UCI fun cognitive science university explanations,$1.25,Fri Nov 24 12:52:26 PST 2017,9,0,0,0,Reviewable,NotReviewed,1 cond,1800,60000,Sun Dec 24 12:52:26 PST 2017,https://requester.mturk.com/mturk/manageHIT?HITId=3AQN9REUTFGF2X2T32T55WOZHM1DY1,3WSELTNVR32OAOYHZOK5WYJZS2XTAS,7,Submitted,Sat Nov 25 05:53:47 PST 2017,Fri Nov 24 12:53:17 PST 2017,Fri Nov 24 13:13:47 PST 2017,,,,,,[],"""cond4""",undefined,12.3774
7,one_slider,The hippos all wanted wanted but pnly found milk and said they all drank it.,0.99,cond4,english,2,Female,33,n/a,Yes,Not sure,2,Windows,720,1280,Firefox,3AQN9REUTFGF2X2T32T55WOZHM1DY1,3UFCYGUHNP4CXE3VBIPPD007NZATNX,Judging whether a speaker is right or wrong about a scenario,"In this task you will be watching a short video. At the end of the video, a puppet will make a statement and your goal is to say whether the puppett is right or wrong",language research UCI fun cognitive science university explanations,$1.25,Fri Nov 24 12:52:26 PST 2017,9,0,0,0,Reviewable,NotReviewed,1 cond,1800,60000,Sun Dec 24 12:52:26 PST 2017,https://requester.mturk.com/mturk/manageHIT?HITId=3AQN9REUTFGF2X2T32T55WOZHM1DY1,3WSELTNVR32OAOYHZOK5WYJZS2XTAS,7,Submitted,Sat Nov 25 05:53:47 PST 2017,Fri Nov 24 12:53:17 PST 2017,Fri Nov 24 13:13:47 PST 2017,,,,,,[],"""cond4""",undefined,12.3774
7,one_slider,Yes because they went to the forest instead.,0.98,cond4,english,2,Female,33,n/a,Yes,Not sure,2,Windows,720,1280,Firefox,3AQN9REUTFGF2X2T32T55WOZHM1DY1,3UFCYGUHNP4CXE3VBIPPD007NZATNX,Judging whether a speaker is right or wrong about a scenario,"In this task you will be watching a short video. At the end of the video, a puppet will make a statement and your goal is to say whether the puppett is right or wrong",language research UCI fun cognitive science university explanations,$1.25,Fri Nov 24 12:52:26 PST 2017,9,0,0,0,Reviewable,NotReviewed,1 cond,1800,60000,Sun Dec 24 12:52:26 PST 2017,https://requester.mturk.com/mturk/manageHIT?HITId=3AQN9REUTFGF2X2T32T55WOZHM1DY1,3WSELTNVR32OAOYHZOK5WYJZS2XTAS,7,Submitted,Sat Nov 25 05:53:47 PST 2017,Fri Nov 24 12:53:17 PST 2017,Fri Nov 24 13:13:47 PST 2017,,,,,,[],"""cond4""",undefined,12.3774
7,one_slider,The first dog rolled his ball.,0.02,cond3,english,2,Female,33,n/a,Yes,Not sure,2,Windows,720,1280,Firefox,3AQN9REUTFGF2X2T32T55WOZHM1DY1,3UFCYGUHNP4CXE3VBIPPD007NZATNX,Judging whether a speaker is right or wrong about a scenario,"In this task you will be watching a short video. At the end of the video, a puppet will make a statement and your goal is to say whether the puppett is right or wrong",language research UCI fun cognitive science university explanations,$1.25,Fri Nov 24 12:52:26 PST 2017,9,0,0,0,Reviewable,NotReviewed,1 cond,1800,60000,Sun Dec 24 12:52:26 PST 2017,https://requester.mturk.com/mturk/manageHIT?HITId=3AQN9REUTFGF2X2T32T55WOZHM1DY1,3WSELTNVR32OAOYHZOK5WYJZS2XTAS,7,Submitted,Sat Nov 25 05:53:47 PST 2017,Fri Nov 24 12:53:17 PST 2017,Fri Nov 24 13:13:47 PST 2017,,,,,,[],"""cond4""",undefined,12.3774
7,one_slider,The first lion did get a cookie,0.02,cond1,english,2,Female,33,n/a,Yes,Not sure,2,Windows,720,1280,Firefox,3AQN9REUTFGF2X2T32T55WOZHM1DY1,3UFCYGUHNP4CXE3VBIPPD007NZATNX,Judging whether a speaker is right or wrong about a scenario,"In this task you will be watching a short video. At the end of the video, a puppet will make a statement and your goal is to say whether the puppett is right or wrong",language research UCI fun cognitive science university explanations,$1.25,Fri Nov 24 12:52:26 PST 2017,9,0,0,0,Reviewable,NotReviewed,1 cond,1800,60000,Sun Dec 24 12:52:26 PST 2017,https://requester.mturk.com/mturk/manageHIT?HITId=3AQN9REUTFGF2X2T32T55WOZHM1DY1,3WSELTNVR32OAOYHZOK5WYJZS2XTAS,7,Submitted,Sat Nov 25 05:53:47 PST 2017,Fri Nov 24 12:53:17 PST 2017,Fri Nov 24 13:13:47 PST 2017,,,,,,[],"""cond4""",undefined,12.3774
7,one_slider,Only 2 lizards got on the book the other 2 did not because it was too high.,0.01,cond3,english,2,Female,33,n/a,Yes,Not sure,2,Windows,720,1280,Firefox,3AQN9REUTFGF2X2T32T55WOZHM1DY1,3UFCYGUHNP4CXE3VBIPPD007NZATNX,Judging whether a speaker is right or wrong about a scenario,"In this task you will be watching a short video. At the end of the video, a puppet will make a statement and your goal is to say whether the puppett is right or wrong",language research UCI fun cognitive science university explanations,$1.25,Fri Nov 24 12:52:26 PST 2017,9,0,0,0,Reviewable,NotReviewed,1 cond,1800,60000,Sun Dec 24 12:52:26 PST 2017,https://requester.mturk.com/mturk/manageHIT?HITId=3AQN9REUTFGF2X2T32T55WOZHM1DY1,3WSELTNVR32OAOYHZOK5WYJZS2XTAS,7,Submitted,Sat Nov 25 05:53:47 PST 2017,Fri Nov 24 12:53:17 PST 2017,Fri Nov 24 13:13:47 PST 2017,,,,,,[],"""cond4""",undefined,12.3774
7,one_slider,Because the other dinosaurs ate fish instead.,0.99,cond4,english,2,Female,33,n/a,Yes,Not sure,2,Windows,720,1280,Firefox,3AQN9REUTFGF2X2T32T55WOZHM1DY1,3UFCYGUHNP4CXE3VBIPPD007NZATNX,Judging whether a speaker is right or wrong about a scenario,"In this task you will be watching a short video. At the end of the video, a puppet will make a statement and your goal is to say whether the puppett is right or wrong",language research UCI fun cognitive science university explanations,$1.25,Fri Nov 24 12:52:26 PST 2017,9,0,0,0,Reviewable,NotReviewed,1 cond,1800,60000,Sun Dec 24 12:52:26 PST 2017,https://requester.mturk.com/mturk/manageHIT?HITId=3AQN9REUTFGF2X2T32T55WOZHM1DY1,3WSELTNVR32OAOYHZOK5WYJZS2XTAS,7,Submitted,Sat Nov 25 05:53:47 PST 2017,Fri Nov 24 12:53:17 PST 2017,Fri Nov 24 13:13:47 PST 2017,,,,,,[],"""cond4""",undefined,12.3774
8,one_slider_practice,he spent two pennies,0.77,NA,english,1,Male,25,great task,NA,my opinions,2,Windows,720,1280,Chrome,3AQN9REUTFGF2X2T32T55WOZHM1DY1,3UFCYGUHNP4CXE3VBIPPD007NZATNX,Judging whether a speaker is right or wrong about a scenario,"In this task you will be watching a short video. At the end of the video, a puppet will make a statement and your goal is to say whether the puppett is right or wrong",language research UCI fun cognitive science university explanations,$1.25,Fri Nov 24 12:52:26 PST 2017,9,0,0,0,Reviewable,NotReviewed,1 cond,1800,60000,Sun Dec 24 12:52:26 PST 2017,https://requester.mturk.com/mturk/manageHIT?HITId=3AQN9REUTFGF2X2T32T55WOZHM1DY1,3ITXP059PWJYWHO64USSFSQWG6ESJJ,8,Submitted,Sat Nov 25 06:12:42 PST 2017,Fri Nov 24 13:04:06 PST 2017,Fri Nov 24 13:32:42 PST 2017,,,,,,[],"""cond3""",undefined,7.446866666666667
8,one_slider_practice,one dog was to small,0.09,NA,english,1,Male,25,great task,NA,my opinions,2,Windows,720,1280,Chrome,3AQN9REUTFGF2X2T32T55WOZHM1DY1,3UFCYGUHNP4CXE3VBIPPD007NZATNX,Judging whether a speaker is right or wrong about a scenario,"In this task you will be watching a short video. At the end of the video, a puppet will make a statement and your goal is to say whether the puppett is right or wrong",language research UCI fun cognitive science university explanations,$1.25,Fri Nov 24 12:52:26 PST 2017,9,0,0,0,Reviewable,NotReviewed,1 cond,1800,60000,Sun Dec 24 12:52:26 PST 2017,https://requester.mturk.com/mturk/manageHIT?HITId=3AQN9REUTFGF2X2T32T55WOZHM1DY1,3ITXP059PWJYWHO64USSFSQWG6ESJJ,8,Submitted,Sat Nov 25 06:12:42 PST 2017,Fri Nov 24 13:04:06 PST 2017,Fri Nov 24 13:32:42 PST 2017,,,,,,[],"""cond3""",undefined,7.446866666666667
8,one_slider,two from was two small and there was only 4 frogs,0.83,cond3,english,1,Male,25,great task,NA,my opinions,2,Windows,720,1280,Chrome,3AQN9REUTFGF2X2T32T55WOZHM1DY1,3UFCYGUHNP4CXE3VBIPPD007NZATNX,Judging whether a speaker is right or wrong about a scenario,"In this task you will be watching a short video. At the end of the video, a puppet will make a statement and your goal is to say whether the puppett is right or wrong",language research UCI fun cognitive science university explanations,$1.25,Fri Nov 24 12:52:26 PST 2017,9,0,0,0,Reviewable,NotReviewed,1 cond,1800,60000,Sun Dec 24 12:52:26 PST 2017,https://requester.mturk.com/mturk/manageHIT?HITId=3AQN9REUTFGF2X2T32T55WOZHM1DY1,3ITXP059PWJYWHO64USSFSQWG6ESJJ,8,Submitted,Sat Nov 25 06:12:42 PST 2017,Fri Nov 24 13:04:06 PST 2017,Fri Nov 24 13:32:42 PST 2017,,,,,,[],"""cond3""",undefined,7.446866666666667
8,one_slider,only two hippos,0.07,cond1,english,1,Male,25,great task,NA,my opinions,2,Windows,720,1280,Chrome,3AQN9REUTFGF2X2T32T55WOZHM1DY1,3UFCYGUHNP4CXE3VBIPPD007NZATNX,Judging whether a speaker is right or wrong about a scenario,"In this task you will be watching a short video. At the end of the video, a puppet will make a statement and your goal is to say whether the puppett is right or wrong",language research UCI fun cognitive science university explanations,$1.25,Fri Nov 24 12:52:26 PST 2017,9,0,0,0,Reviewable,NotReviewed,1 cond,1800,60000,Sun Dec 24 12:52:26 PST 2017,https://requester.mturk.com/mturk/manageHIT?HITId=3AQN9REUTFGF2X2T32T55WOZHM1DY1,3ITXP059PWJYWHO64USSFSQWG6ESJJ,8,Submitted,Sat Nov 25 06:12:42 PST 2017,Fri Nov 24 13:04:06 PST 2017,Fri Nov 24 13:32:42 PST 2017,,,,,,[],"""cond3""",undefined,7.446866666666667
8,one_slider,two butterflies went to the  city ,0.12,cond4,english,1,Male,25,great task,NA,my opinions,2,Windows,720,1280,Chrome,3AQN9REUTFGF2X2T32T55WOZHM1DY1,3UFCYGUHNP4CXE3VBIPPD007NZATNX,Judging whether a speaker is right or wrong about a scenario,"In this task you will be watching a short video. At the end of the video, a puppet will make a statement and your goal is to say whether the puppett is right or wrong",language research UCI fun cognitive science university explanations,$1.25,Fri Nov 24 12:52:26 PST 2017,9,0,0,0,Reviewable,NotReviewed,1 cond,1800,60000,Sun Dec 24 12:52:26 PST 2017,https://requester.mturk.com/mturk/manageHIT?HITId=3AQN9REUTFGF2X2T32T55WOZHM1DY1,3ITXP059PWJYWHO64USSFSQWG6ESJJ,8,Submitted,Sat Nov 25 06:12:42 PST 2017,Fri Nov 24 13:04:06 PST 2017,Fri Nov 24 13:32:42 PST 2017,,,,,,[],"""cond3""",undefined,7.446866666666667
8,one_slider,one dog rolled the ball,0.89,cond4,english,1,Male,25,great task,NA,my opinions,2,Windows,720,1280,Chrome,3AQN9REUTFGF2X2T32T55WOZHM1DY1,3UFCYGUHNP4CXE3VBIPPD007NZATNX,Judging whether a speaker is right or wrong about a scenario,"In this task you will be watching a short video. At the end of the video, a puppet will make a statement and your goal is to say whether the puppett is right or wrong",language research UCI fun cognitive science university explanations,$1.25,Fri Nov 24 12:52:26 PST 2017,9,0,0,0,Reviewable,NotReviewed,1 cond,1800,60000,Sun Dec 24 12:52:26 PST 2017,https://requester.mturk.com/mturk/manageHIT?HITId=3AQN9REUTFGF2X2T32T55WOZHM1DY1,3ITXP059PWJYWHO64USSFSQWG6ESJJ,8,Submitted,Sat Nov 25 06:12:42 PST 2017,Fri Nov 24 13:04:06 PST 2017,Fri Nov 24 13:32:42 PST 2017,,,,,,[],"""cond3""",undefined,7.446866666666667
8,one_slider,two lions didn&quotechart have a cookie,0.75,cond4,english,1,Male,25,great task,NA,my opinions,2,Windows,720,1280,Chrome,3AQN9REUTFGF2X2T32T55WOZHM1DY1,3UFCYGUHNP4CXE3VBIPPD007NZATNX,Judging whether a speaker is right or wrong about a scenario,"In this task you will be watching a short video. At the end of the video, a puppet will make a statement and your goal is to say whether the puppett is right or wrong",language research UCI fun cognitive science university explanations,$1.25,Fri Nov 24 12:52:26 PST 2017,9,0,0,0,Reviewable,NotReviewed,1 cond,1800,60000,Sun Dec 24 12:52:26 PST 2017,https://requester.mturk.com/mturk/manageHIT?HITId=3AQN9REUTFGF2X2T32T55WOZHM1DY1,3ITXP059PWJYWHO64USSFSQWG6ESJJ,8,Submitted,Sat Nov 25 06:12:42 PST 2017,Fri Nov 24 13:04:06 PST 2017,Fri Nov 24 13:32:42 PST 2017,,,,,,[],"""cond3""",undefined,7.446866666666667
8,one_slider,only two climb on the book,0.08,cond3,english,1,Male,25,great task,NA,my opinions,2,Windows,720,1280,Chrome,3AQN9REUTFGF2X2T32T55WOZHM1DY1,3UFCYGUHNP4CXE3VBIPPD007NZATNX,Judging whether a speaker is right or wrong about a scenario,"In this task you will be watching a short video. At the end of the video, a puppet will make a statement and your goal is to say whether the puppett is right or wrong",language research UCI fun cognitive science university explanations,$1.25,Fri Nov 24 12:52:26 PST 2017,9,0,0,0,Reviewable,NotReviewed,1 cond,1800,60000,Sun Dec 24 12:52:26 PST 2017,https://requester.mturk.com/mturk/manageHIT?HITId=3AQN9REUTFGF2X2T32T55WOZHM1DY1,3ITXP059PWJYWHO64USSFSQWG6ESJJ,8,Submitted,Sat Nov 25 06:12:42 PST 2017,Fri Nov 24 13:04:06 PST 2017,Fri Nov 24 13:32:42 PST 2017,,,,,,[],"""cond3""",undefined,7.446866666666667
8,one_slider,only to eat somthing out of 4 ,0.91,cond3,english,1,Male,25,great task,NA,my opinions,2,Windows,720,1280,Chrome,3AQN9REUTFGF2X2T32T55WOZHM1DY1,3UFCYGUHNP4CXE3VBIPPD007NZATNX,Judging whether a speaker is right or wrong about a scenario,"In this task you will be watching a short video. At the end of the video, a puppet will make a statement and your goal is to say whether the puppett is right or wrong",language research UCI fun cognitive science university explanations,$1.25,Fri Nov 24 12:52:26 PST 2017,9,0,0,0,Reviewable,NotReviewed,1 cond,1800,60000,Sun Dec 24 12:52:26 PST 2017,https://requester.mturk.com/mturk/manageHIT?HITId=3AQN9REUTFGF2X2T32T55WOZHM1DY1,3ITXP059PWJYWHO64USSFSQWG6ESJJ,8,Submitted,Sat Nov 25 06:12:42 PST 2017,Fri Nov 24 13:04:06 PST 2017,Fri Nov 24 13:32:42 PST 2017,,,,,,[],"""cond3""",undefined,7.446866666666667
