workerid,hitid,hittypeid,title,description,keywords,reward,creationtime,assignments,numavailable,numpending,numcomplete,hitstatus,reviewstatus,annotation,assignmentduration,autoapprovaldelay,hitlifetime,viewhit,assignmentid,workerid,assignmentstatus,autoapprovaltime,assignmentaccepttime,assignmentsubmittime,assignmentapprovaltime,assignmentrejecttime,deadline,feedback,reject,Answer.catch_trials,Answer.condition,Answer.justification,Answer.time_in_minutes
0,3N7PQ0KLI5PJE0J5ACBZLKA78X7E3P,3UFCYGUHNP4CXE3VBIPPD007NZATNX,Judging whether a speaker is right or wrong about a scenario,"In this task you will be watching a short video. At the end of the video, a puppet will make a statement and your goal is to say whether the puppett is right or wrong",language research UCI fun cognitive science university explanations,$1.25,Fri Nov 24 12:54:06 PST 2017,9,0,0,0,Reviewable,NotReviewed,1 cond,1800,60000,Sun Dec 24 12:54:06 PST 2017,https://requester.mturk.com/mturk/manageHIT?HITId=3N7PQ0KLI5PJE0J5ACBZLKA78X7E3P,3TUI152ZZBNFOKTPM1XHGSF941T1QZ,0,Submitted,Sat Nov 25 05:41:04 PST 2017,Fri Nov 24 12:54:37 PST 2017,Fri Nov 24 13:01:04 PST 2017,,,,,,[],"""cond2""",undefined,6.1943166666666665
1,3N7PQ0KLI5PJE0J5ACBZLKA78X7E3P,3UFCYGUHNP4CXE3VBIPPD007NZATNX,Judging whether a speaker is right or wrong about a scenario,"In this task you will be watching a short video. At the end of the video, a puppet will make a statement and your goal is to say whether the puppett is right or wrong",language research UCI fun cognitive science university explanations,$1.25,Fri Nov 24 12:54:06 PST 2017,9,0,0,0,Reviewable,NotReviewed,1 cond,1800,60000,Sun Dec 24 12:54:06 PST 2017,https://requester.mturk.com/mturk/manageHIT?HITId=3N7PQ0KLI5PJE0J5ACBZLKA78X7E3P,3VELCLL3GKJIXV3G8LMN4TBVXZK1F5,1,Submitted,Sat Nov 25 05:42:06 PST 2017,Fri Nov 24 12:54:11 PST 2017,Fri Nov 24 13:02:06 PST 2017,,,,,,[],"""cond3""",undefined,7.86055
2,3N7PQ0KLI5PJE0J5ACBZLKA78X7E3P,3UFCYGUHNP4CXE3VBIPPD007NZATNX,Judging whether a speaker is right or wrong about a scenario,"In this task you will be watching a short video. At the end of the video, a puppet will make a statement and your goal is to say whether the puppett is right or wrong",language research UCI fun cognitive science university explanations,$1.25,Fri Nov 24 12:54:06 PST 2017,9,0,0,0,Reviewable,NotReviewed,1 cond,1800,60000,Sun Dec 24 12:54:06 PST 2017,https://requester.mturk.com/mturk/manageHIT?HITId=3N7PQ0KLI5PJE0J5ACBZLKA78X7E3P,3S0TNUHWKTI3AB95G00CV3VIZSA8DL,2,Submitted,Sat Nov 25 05:45:53 PST 2017,Fri Nov 24 12:54:37 PST 2017,Fri Nov 24 13:05:53 PST 2017,,,,,,[],"""cond1""",undefined,11.17375
3,3N7PQ0KLI5PJE0J5ACBZLKA78X7E3P,3UFCYGUHNP4CXE3VBIPPD007NZATNX,Judging whether a speaker is right or wrong about a scenario,"In this task you will be watching a short video. At the end of the video, a puppet will make a statement and your goal is to say whether the puppett is right or wrong",language research UCI fun cognitive science university explanations,$1.25,Fri Nov 24 12:54:06 PST 2017,9,0,0,0,Reviewable,NotReviewed,1 cond,1800,60000,Sun Dec 24 12:54:06 PST 2017,https://requester.mturk.com/mturk/manageHIT?HITId=3N7PQ0KLI5PJE0J5ACBZLKA78X7E3P,3PPTZCWALQKCJGEXUC698MZLHG5QZC,3,Submitted,Sat Nov 25 05:46:48 PST 2017,Fri Nov 24 12:54:26 PST 2017,Fri Nov 24 13:06:48 PST 2017,,,,,,[],"""cond4""",undefined,12.319183333333333
4,3N7PQ0KLI5PJE0J5ACBZLKA78X7E3P,3UFCYGUHNP4CXE3VBIPPD007NZATNX,Judging whether a speaker is right or wrong about a scenario,"In this task you will be watching a short video. At the end of the video, a puppet will make a statement and your goal is to say whether the puppett is right or wrong",language research UCI fun cognitive science university explanations,$1.25,Fri Nov 24 12:54:06 PST 2017,9,0,0,0,Reviewable,NotReviewed,1 cond,1800,60000,Sun Dec 24 12:54:06 PST 2017,https://requester.mturk.com/mturk/manageHIT?HITId=3N7PQ0KLI5PJE0J5ACBZLKA78X7E3P,3SEPORI8WNZKW07G5G9NIMKGDYJZAE,4,Submitted,Sat Nov 25 05:48:44 PST 2017,Fri Nov 24 12:54:33 PST 2017,Fri Nov 24 13:08:44 PST 2017,,,,,,[],"""cond2""",undefined,14.097233333333334
5,3N7PQ0KLI5PJE0J5ACBZLKA78X7E3P,3UFCYGUHNP4CXE3VBIPPD007NZATNX,Judging whether a speaker is right or wrong about a scenario,"In this task you will be watching a short video. At the end of the video, a puppet will make a statement and your goal is to say whether the puppett is right or wrong",language research UCI fun cognitive science university explanations,$1.25,Fri Nov 24 12:54:06 PST 2017,9,0,0,0,Reviewable,NotReviewed,1 cond,1800,60000,Sun Dec 24 12:54:06 PST 2017,https://requester.mturk.com/mturk/manageHIT?HITId=3N7PQ0KLI5PJE0J5ACBZLKA78X7E3P,3G5W44VEU7IQHWLXRFYNRT767KKKGQ,5,Submitted,Sat Nov 25 05:56:23 PST 2017,Fri Nov 24 13:01:29 PST 2017,Fri Nov 24 13:16:23 PST 2017,,,,,,[],"""cond2""",undefined,14.866833333333334
6,3N7PQ0KLI5PJE0J5ACBZLKA78X7E3P,3UFCYGUHNP4CXE3VBIPPD007NZATNX,Judging whether a speaker is right or wrong about a scenario,"In this task you will be watching a short video. At the end of the video, a puppet will make a statement and your goal is to say whether the puppett is right or wrong",language research UCI fun cognitive science university explanations,$1.25,Fri Nov 24 12:54:06 PST 2017,9,0,0,0,Reviewable,NotReviewed,1 cond,1800,60000,Sun Dec 24 12:54:06 PST 2017,https://requester.mturk.com/mturk/manageHIT?HITId=3N7PQ0KLI5PJE0J5ACBZLKA78X7E3P,3WLEIWSYHOH90CCIMFA1CXXD5KC2HM,6,Submitted,Sat Nov 25 06:05:00 PST 2017,Fri Nov 24 13:05:01 PST 2017,Fri Nov 24 13:25:00 PST 2017,,,,,,[],"""cond3""",undefined,18.508
7,3N7PQ0KLI5PJE0J5ACBZLKA78X7E3P,3UFCYGUHNP4CXE3VBIPPD007NZATNX,Judging whether a speaker is right or wrong about a scenario,"In this task you will be watching a short video. At the end of the video, a puppet will make a statement and your goal is to say whether the puppett is right or wrong",language research UCI fun cognitive science university explanations,$1.25,Fri Nov 24 12:54:06 PST 2017,9,0,0,0,Reviewable,NotReviewed,1 cond,1800,60000,Sun Dec 24 12:54:06 PST 2017,https://requester.mturk.com/mturk/manageHIT?HITId=3N7PQ0KLI5PJE0J5ACBZLKA78X7E3P,3GD6L00D3SXO35VXU8Q0ZJV4U0YM1Z,7,Submitted,Sat Nov 25 06:18:46 PST 2017,Fri Nov 24 13:22:19 PST 2017,Fri Nov 24 13:38:46 PST 2017,,,,,,[],"""cond1""",undefined,16.35735
8,3N7PQ0KLI5PJE0J5ACBZLKA78X7E3P,3UFCYGUHNP4CXE3VBIPPD007NZATNX,Judging whether a speaker is right or wrong about a scenario,"In this task you will be watching a short video. At the end of the video, a puppet will make a statement and your goal is to say whether the puppett is right or wrong",language research UCI fun cognitive science university explanations,$1.25,Fri Nov 24 12:54:06 PST 2017,9,0,0,0,Reviewable,NotReviewed,1 cond,1800,60000,Sun Dec 24 12:54:06 PST 2017,https://requester.mturk.com/mturk/manageHIT?HITId=3N7PQ0KLI5PJE0J5ACBZLKA78X7E3P,3TAYZSBPLL8YQLQYX9M0GB4FEVXS21,8,Submitted,Sat Nov 25 06:54:35 PST 2017,Fri Nov 24 13:57:41 PST 2017,Fri Nov 24 14:14:35 PST 2017,,,,,,[],"""cond1""",undefined,16.837683333333334
