workerid,hitid,hittypeid,title,description,keywords,reward,creationtime,assignments,numavailable,numpending,numcomplete,hitstatus,reviewstatus,annotation,assignmentduration,autoapprovaldelay,hitlifetime,viewhit,assignmentid,workerid,assignmentstatus,autoapprovaltime,assignmentaccepttime,assignmentsubmittime,assignmentapprovaltime,assignmentrejecttime,deadline,feedback,reject,Answer.catch_trials,Answer.condition,Answer.justification,Answer.time_in_minutes
0,3THR0FZ95PTM6VMJAWIVMIY2CL4OLH,3UFCYGUHNP4CXE3VBIPPD007NZATNX,Judging whether a speaker is right or wrong about a scenario,"In this task you will be watching a short video. At the end of the video, a puppet will make a statement and your goal is to say whether the puppett is right or wrong",language research UCI fun cognitive science university explanations,$1.25,Fri Nov 24 12:53:28 PST 2017,9,0,0,0,Reviewable,NotReviewed,1 cond,1800,60000,Sun Dec 24 12:53:28 PST 2017,https://requester.mturk.com/mturk/manageHIT?HITId=3THR0FZ95PTM6VMJAWIVMIY2CL4OLH,3XC1O3LBOSM567PLWF9V5CZAMEWTLA,0,Submitted,Sat Nov 25 05:43:20 PST 2017,Fri Nov 24 12:54:00 PST 2017,Fri Nov 24 13:03:20 PST 2017,,,,,,[],"""cond1""",undefined,9.290583333333334
1,3THR0FZ95PTM6VMJAWIVMIY2CL4OLH,3UFCYGUHNP4CXE3VBIPPD007NZATNX,Judging whether a speaker is right or wrong about a scenario,"In this task you will be watching a short video. At the end of the video, a puppet will make a statement and your goal is to say whether the puppett is right or wrong",language research UCI fun cognitive science university explanations,$1.25,Fri Nov 24 12:53:28 PST 2017,9,0,0,0,Reviewable,NotReviewed,1 cond,1800,60000,Sun Dec 24 12:53:28 PST 2017,https://requester.mturk.com/mturk/manageHIT?HITId=3THR0FZ95PTM6VMJAWIVMIY2CL4OLH,3S06PH7KSR4LZBPKHFRXGT8ALM41DU,1,Submitted,Sat Nov 25 05:44:10 PST 2017,Fri Nov 24 12:54:18 PST 2017,Fri Nov 24 13:04:10 PST 2017,,,,,,[],"""cond4""",undefined,9.788433333333334
2,3THR0FZ95PTM6VMJAWIVMIY2CL4OLH,3UFCYGUHNP4CXE3VBIPPD007NZATNX,Judging whether a speaker is right or wrong about a scenario,"In this task you will be watching a short video. At the end of the video, a puppet will make a statement and your goal is to say whether the puppett is right or wrong",language research UCI fun cognitive science university explanations,$1.25,Fri Nov 24 12:53:28 PST 2017,9,0,0,0,Reviewable,NotReviewed,1 cond,1800,60000,Sun Dec 24 12:53:28 PST 2017,https://requester.mturk.com/mturk/manageHIT?HITId=3THR0FZ95PTM6VMJAWIVMIY2CL4OLH,3DI28L7YXAEQRH3KDA2HMBQVLY51EN,2,Submitted,Sat Nov 25 05:46:41 PST 2017,Fri Nov 24 12:54:09 PST 2017,Fri Nov 24 13:06:41 PST 2017,,,,,,[],"""cond4""",undefined,12.45795
3,3THR0FZ95PTM6VMJAWIVMIY2CL4OLH,3UFCYGUHNP4CXE3VBIPPD007NZATNX,Judging whether a speaker is right or wrong about a scenario,"In this task you will be watching a short video. At the end of the video, a puppet will make a statement and your goal is to say whether the puppett is right or wrong",language research UCI fun cognitive science university explanations,$1.25,Fri Nov 24 12:53:28 PST 2017,9,0,0,0,Reviewable,NotReviewed,1 cond,1800,60000,Sun Dec 24 12:53:28 PST 2017,https://requester.mturk.com/mturk/manageHIT?HITId=3THR0FZ95PTM6VMJAWIVMIY2CL4OLH,3JCG6DTRV3Q35OD67GNWHTNHCDKQQI,3,Submitted,Sat Nov 25 05:48:28 PST 2017,Fri Nov 24 12:53:28 PST 2017,Fri Nov 24 13:08:28 PST 2017,,,,,,[],"""cond1""",undefined,13.5353
4,3THR0FZ95PTM6VMJAWIVMIY2CL4OLH,3UFCYGUHNP4CXE3VBIPPD007NZATNX,Judging whether a speaker is right or wrong about a scenario,"In this task you will be watching a short video. At the end of the video, a puppet will make a statement and your goal is to say whether the puppett is right or wrong",language research UCI fun cognitive science university explanations,$1.25,Fri Nov 24 12:53:28 PST 2017,9,0,0,0,Reviewable,NotReviewed,1 cond,1800,60000,Sun Dec 24 12:53:28 PST 2017,https://requester.mturk.com/mturk/manageHIT?HITId=3THR0FZ95PTM6VMJAWIVMIY2CL4OLH,3IOEN3P9S7JME2A57SJJANYI40H162,4,Submitted,Sat Nov 25 05:48:50 PST 2017,Fri Nov 24 12:53:43 PST 2017,Fri Nov 24 13:08:50 PST 2017,,,,,,[],"""cond4""",undefined,15.075883333333334
5,3THR0FZ95PTM6VMJAWIVMIY2CL4OLH,3UFCYGUHNP4CXE3VBIPPD007NZATNX,Judging whether a speaker is right or wrong about a scenario,"In this task you will be watching a short video. At the end of the video, a puppet will make a statement and your goal is to say whether the puppett is right or wrong",language research UCI fun cognitive science university explanations,$1.25,Fri Nov 24 12:53:28 PST 2017,9,0,0,0,Reviewable,NotReviewed,1 cond,1800,60000,Sun Dec 24 12:53:28 PST 2017,https://requester.mturk.com/mturk/manageHIT?HITId=3THR0FZ95PTM6VMJAWIVMIY2CL4OLH,3X08E93BHVIHLOB2DYV05JPZCBX665,5,Submitted,Sat Nov 25 05:48:54 PST 2017,Fri Nov 24 12:54:19 PST 2017,Fri Nov 24 13:08:54 PST 2017,,,,,,[],"""cond3""",undefined,14.4032
6,3THR0FZ95PTM6VMJAWIVMIY2CL4OLH,3UFCYGUHNP4CXE3VBIPPD007NZATNX,Judging whether a speaker is right or wrong about a scenario,"In this task you will be watching a short video. At the end of the video, a puppet will make a statement and your goal is to say whether the puppett is right or wrong",language research UCI fun cognitive science university explanations,$1.25,Fri Nov 24 12:53:28 PST 2017,9,0,0,0,Reviewable,NotReviewed,1 cond,1800,60000,Sun Dec 24 12:53:28 PST 2017,https://requester.mturk.com/mturk/manageHIT?HITId=3THR0FZ95PTM6VMJAWIVMIY2CL4OLH,3PWWM24LHSYG71BPJBGVZK4E21L82C,6,Submitted,Sat Nov 25 05:54:31 PST 2017,Fri Nov 24 12:53:35 PST 2017,Fri Nov 24 13:14:31 PST 2017,,,,,,[],"""cond4""",undefined,9.212783333333334
7,3THR0FZ95PTM6VMJAWIVMIY2CL4OLH,3UFCYGUHNP4CXE3VBIPPD007NZATNX,Judging whether a speaker is right or wrong about a scenario,"In this task you will be watching a short video. At the end of the video, a puppet will make a statement and your goal is to say whether the puppett is right or wrong",language research UCI fun cognitive science university explanations,$1.25,Fri Nov 24 12:53:28 PST 2017,9,0,0,0,Reviewable,NotReviewed,1 cond,1800,60000,Sun Dec 24 12:53:28 PST 2017,https://requester.mturk.com/mturk/manageHIT?HITId=3THR0FZ95PTM6VMJAWIVMIY2CL4OLH,30LB5CDZNCAOVN9YDECUTG834C7Z0N,7,Submitted,Sat Nov 25 05:56:30 PST 2017,Fri Nov 24 12:53:50 PST 2017,Fri Nov 24 13:16:30 PST 2017,,,,,,[],"""cond3""",undefined,20.11915
8,3THR0FZ95PTM6VMJAWIVMIY2CL4OLH,3UFCYGUHNP4CXE3VBIPPD007NZATNX,Judging whether a speaker is right or wrong about a scenario,"In this task you will be watching a short video. At the end of the video, a puppet will make a statement and your goal is to say whether the puppett is right or wrong",language research UCI fun cognitive science university explanations,$1.25,Fri Nov 24 12:53:28 PST 2017,9,0,0,0,Reviewable,NotReviewed,1 cond,1800,60000,Sun Dec 24 12:53:28 PST 2017,https://requester.mturk.com/mturk/manageHIT?HITId=3THR0FZ95PTM6VMJAWIVMIY2CL4OLH,3R8YZBNQ9HITZ68RBHEQH26M7NUQ7M,8,Submitted,Sat Nov 25 06:41:38 PST 2017,Fri Nov 24 13:46:18 PST 2017,Fri Nov 24 14:01:38 PST 2017,,,,,,[],"""cond1""",undefined,9.1512
