workerid,trial_type,justification,response,condition,language,enjoyment,gender,age,comments,asses,selfreport,education,OS,screenH,screenW,Browser,hitid,hittypeid,title,description,keywords,reward,creationtime,assignments,numavailable,numpending,numcomplete,hitstatus,reviewstatus,annotation,assignmentduration,autoapprovaldelay,hitlifetime,viewhit,assignmentid,workerid,assignmentstatus,autoapprovaltime,assignmentaccepttime,assignmentsubmittime,assignmentapprovaltime,assignmentrejecttime,deadline,feedback,reject,Answer.catch_trials,Answer.condition,Answer.justification,Answer.time_in_minutes
0,one_slider_practice,The salesman showed him two cars and he bought each of them.,0.98,NA,English,2,Female,51,"No comments, thank you.",Yes,To see how well we could explain something.,2,Windows,704,1252,Firefox,3KQC8JMJGCSVYAA70DJ56N7K0DZH38,3UFCYGUHNP4CXE3VBIPPD007NZATNX,Judging whether a speaker is right or wrong about a scenario,"In this task you will be watching a short video. At the end of the video, a puppet will make a statement and your goal is to say whether the puppett is right or wrong",language research UCI fun cognitive science university explanations,$1.25,Fri Nov 24 12:54:01 PST 2017,9,0,0,0,Reviewable,NotReviewed,1 cond,1800,60000,Sun Dec 24 12:54:01 PST 2017,https://requester.mturk.com/mturk/manageHIT?HITId=3KQC8JMJGCSVYAA70DJ56N7K0DZH38,3II4UPYCOJ79GF912UHCHUGITYWDQ1,0,Submitted,Sat Nov 25 05:44:36 PST 2017,Fri Nov 24 12:55:09 PST 2017,Fri Nov 24 13:04:36 PST 2017,,,,,,[],"""cond4""",undefined,9.392083333333334
0,one_slider_practice,The third dog did not jump on the table because he said he was too small.,0.02,NA,English,2,Female,51,"No comments, thank you.",Yes,To see how well we could explain something.,2,Windows,704,1252,Firefox,3KQC8JMJGCSVYAA70DJ56N7K0DZH38,3UFCYGUHNP4CXE3VBIPPD007NZATNX,Judging whether a speaker is right or wrong about a scenario,"In this task you will be watching a short video. At the end of the video, a puppet will make a statement and your goal is to say whether the puppett is right or wrong",language research UCI fun cognitive science university explanations,$1.25,Fri Nov 24 12:54:01 PST 2017,9,0,0,0,Reviewable,NotReviewed,1 cond,1800,60000,Sun Dec 24 12:54:01 PST 2017,https://requester.mturk.com/mturk/manageHIT?HITId=3KQC8JMJGCSVYAA70DJ56N7K0DZH38,3II4UPYCOJ79GF912UHCHUGITYWDQ1,0,Submitted,Sat Nov 25 05:44:36 PST 2017,Fri Nov 24 12:55:09 PST 2017,Fri Nov 24 13:04:36 PST 2017,,,,,,[],"""cond4""",undefined,9.392083333333334
0,one_slider,Only one of the frogs jumped over the rock.,0.98,cond2,English,2,Female,51,"No comments, thank you.",Yes,To see how well we could explain something.,2,Windows,704,1252,Firefox,3KQC8JMJGCSVYAA70DJ56N7K0DZH38,3UFCYGUHNP4CXE3VBIPPD007NZATNX,Judging whether a speaker is right or wrong about a scenario,"In this task you will be watching a short video. At the end of the video, a puppet will make a statement and your goal is to say whether the puppett is right or wrong",language research UCI fun cognitive science university explanations,$1.25,Fri Nov 24 12:54:01 PST 2017,9,0,0,0,Reviewable,NotReviewed,1 cond,1800,60000,Sun Dec 24 12:54:01 PST 2017,https://requester.mturk.com/mturk/manageHIT?HITId=3KQC8JMJGCSVYAA70DJ56N7K0DZH38,3II4UPYCOJ79GF912UHCHUGITYWDQ1,0,Submitted,Sat Nov 25 05:44:36 PST 2017,Fri Nov 24 12:55:09 PST 2017,Fri Nov 24 13:04:36 PST 2017,,,,,,[],"""cond4""",undefined,9.392083333333334
0,one_slider,There were only two hippos that drank milk.,0.01,cond1,English,2,Female,51,"No comments, thank you.",Yes,To see how well we could explain something.,2,Windows,704,1252,Firefox,3KQC8JMJGCSVYAA70DJ56N7K0DZH38,3UFCYGUHNP4CXE3VBIPPD007NZATNX,Judging whether a speaker is right or wrong about a scenario,"In this task you will be watching a short video. At the end of the video, a puppet will make a statement and your goal is to say whether the puppett is right or wrong",language research UCI fun cognitive science university explanations,$1.25,Fri Nov 24 12:54:01 PST 2017,9,0,0,0,Reviewable,NotReviewed,1 cond,1800,60000,Sun Dec 24 12:54:01 PST 2017,https://requester.mturk.com/mturk/manageHIT?HITId=3KQC8JMJGCSVYAA70DJ56N7K0DZH38,3II4UPYCOJ79GF912UHCHUGITYWDQ1,0,Submitted,Sat Nov 25 05:44:36 PST 2017,Fri Nov 24 12:55:09 PST 2017,Fri Nov 24 13:04:36 PST 2017,,,,,,[],"""cond4""",undefined,9.392083333333334
0,one_slider,Only two butterflies went to the city.,0.98,cond4,English,2,Female,51,"No comments, thank you.",Yes,To see how well we could explain something.,2,Windows,704,1252,Firefox,3KQC8JMJGCSVYAA70DJ56N7K0DZH38,3UFCYGUHNP4CXE3VBIPPD007NZATNX,Judging whether a speaker is right or wrong about a scenario,"In this task you will be watching a short video. At the end of the video, a puppet will make a statement and your goal is to say whether the puppett is right or wrong",language research UCI fun cognitive science university explanations,$1.25,Fri Nov 24 12:54:01 PST 2017,9,0,0,0,Reviewable,NotReviewed,1 cond,1800,60000,Sun Dec 24 12:54:01 PST 2017,https://requester.mturk.com/mturk/manageHIT?HITId=3KQC8JMJGCSVYAA70DJ56N7K0DZH38,3II4UPYCOJ79GF912UHCHUGITYWDQ1,0,Submitted,Sat Nov 25 05:44:36 PST 2017,Fri Nov 24 12:55:09 PST 2017,Fri Nov 24 13:04:36 PST 2017,,,,,,[],"""cond4""",undefined,9.392083333333334
0,one_slider,One dog rolled its ball.,0.01,cond2,English,2,Female,51,"No comments, thank you.",Yes,To see how well we could explain something.,2,Windows,704,1252,Firefox,3KQC8JMJGCSVYAA70DJ56N7K0DZH38,3UFCYGUHNP4CXE3VBIPPD007NZATNX,Judging whether a speaker is right or wrong about a scenario,"In this task you will be watching a short video. At the end of the video, a puppet will make a statement and your goal is to say whether the puppett is right or wrong",language research UCI fun cognitive science university explanations,$1.25,Fri Nov 24 12:54:01 PST 2017,9,0,0,0,Reviewable,NotReviewed,1 cond,1800,60000,Sun Dec 24 12:54:01 PST 2017,https://requester.mturk.com/mturk/manageHIT?HITId=3KQC8JMJGCSVYAA70DJ56N7K0DZH38,3II4UPYCOJ79GF912UHCHUGITYWDQ1,0,Submitted,Sat Nov 25 05:44:36 PST 2017,Fri Nov 24 12:55:09 PST 2017,Fri Nov 24 13:04:36 PST 2017,,,,,,[],"""cond4""",undefined,9.392083333333334
0,one_slider,Four lions bought an egg and two lions did not buy a cookie.,0.48,cond4,English,2,Female,51,"No comments, thank you.",Yes,To see how well we could explain something.,2,Windows,704,1252,Firefox,3KQC8JMJGCSVYAA70DJ56N7K0DZH38,3UFCYGUHNP4CXE3VBIPPD007NZATNX,Judging whether a speaker is right or wrong about a scenario,"In this task you will be watching a short video. At the end of the video, a puppet will make a statement and your goal is to say whether the puppett is right or wrong",language research UCI fun cognitive science university explanations,$1.25,Fri Nov 24 12:54:01 PST 2017,9,0,0,0,Reviewable,NotReviewed,1 cond,1800,60000,Sun Dec 24 12:54:01 PST 2017,https://requester.mturk.com/mturk/manageHIT?HITId=3KQC8JMJGCSVYAA70DJ56N7K0DZH38,3II4UPYCOJ79GF912UHCHUGITYWDQ1,0,Submitted,Sat Nov 25 05:44:36 PST 2017,Fri Nov 24 12:55:09 PST 2017,Fri Nov 24 13:04:36 PST 2017,,,,,,[],"""cond4""",undefined,9.392083333333334
0,one_slider,Only two lizards jumped on the book.,0.02,cond4,English,2,Female,51,"No comments, thank you.",Yes,To see how well we could explain something.,2,Windows,704,1252,Firefox,3KQC8JMJGCSVYAA70DJ56N7K0DZH38,3UFCYGUHNP4CXE3VBIPPD007NZATNX,Judging whether a speaker is right or wrong about a scenario,"In this task you will be watching a short video. At the end of the video, a puppet will make a statement and your goal is to say whether the puppett is right or wrong",language research UCI fun cognitive science university explanations,$1.25,Fri Nov 24 12:54:01 PST 2017,9,0,0,0,Reviewable,NotReviewed,1 cond,1800,60000,Sun Dec 24 12:54:01 PST 2017,https://requester.mturk.com/mturk/manageHIT?HITId=3KQC8JMJGCSVYAA70DJ56N7K0DZH38,3II4UPYCOJ79GF912UHCHUGITYWDQ1,0,Submitted,Sat Nov 25 05:44:36 PST 2017,Fri Nov 24 12:55:09 PST 2017,Fri Nov 24 13:04:36 PST 2017,,,,,,[],"""cond4""",undefined,9.392083333333334
0,one_slider,Four dinosaurs ate fish an two didn&quotechart eat bugs.,0.48,cond4,English,2,Female,51,"No comments, thank you.",Yes,To see how well we could explain something.,2,Windows,704,1252,Firefox,3KQC8JMJGCSVYAA70DJ56N7K0DZH38,3UFCYGUHNP4CXE3VBIPPD007NZATNX,Judging whether a speaker is right or wrong about a scenario,"In this task you will be watching a short video. At the end of the video, a puppet will make a statement and your goal is to say whether the puppett is right or wrong",language research UCI fun cognitive science university explanations,$1.25,Fri Nov 24 12:54:01 PST 2017,9,0,0,0,Reviewable,NotReviewed,1 cond,1800,60000,Sun Dec 24 12:54:01 PST 2017,https://requester.mturk.com/mturk/manageHIT?HITId=3KQC8JMJGCSVYAA70DJ56N7K0DZH38,3II4UPYCOJ79GF912UHCHUGITYWDQ1,0,Submitted,Sat Nov 25 05:44:36 PST 2017,Fri Nov 24 12:55:09 PST 2017,Fri Nov 24 13:04:36 PST 2017,,,,,,[],"""cond4""",undefined,9.392083333333334
1,one_slider_practice,He was shown buying two cars.,1,NA,English,1,Male,31,,Yes,I&quotecharm honestly not sure.,3,Windows,1080,1920,Firefox,3KQC8JMJGCSVYAA70DJ56N7K0DZH38,3UFCYGUHNP4CXE3VBIPPD007NZATNX,Judging whether a speaker is right or wrong about a scenario,"In this task you will be watching a short video. At the end of the video, a puppet will make a statement and your goal is to say whether the puppett is right or wrong",language research UCI fun cognitive science university explanations,$1.25,Fri Nov 24 12:54:01 PST 2017,9,0,0,0,Reviewable,NotReviewed,1 cond,1800,60000,Sun Dec 24 12:54:01 PST 2017,https://requester.mturk.com/mturk/manageHIT?HITId=3KQC8JMJGCSVYAA70DJ56N7K0DZH38,3SUWZRL0MYDLY34HJGEYH7HCT9L6EQ,1,Submitted,Sat Nov 25 05:45:09 PST 2017,Fri Nov 24 12:55:07 PST 2017,Fri Nov 24 13:05:09 PST 2017,,,,,,[],"""cond4""",undefined,9.497316666666666
1,one_slider_practice,The third dog was too small to jump on the table.,0,NA,English,1,Male,31,,Yes,I&quotecharm honestly not sure.,3,Windows,1080,1920,Firefox,3KQC8JMJGCSVYAA70DJ56N7K0DZH38,3UFCYGUHNP4CXE3VBIPPD007NZATNX,Judging whether a speaker is right or wrong about a scenario,"In this task you will be watching a short video. At the end of the video, a puppet will make a statement and your goal is to say whether the puppett is right or wrong",language research UCI fun cognitive science university explanations,$1.25,Fri Nov 24 12:54:01 PST 2017,9,0,0,0,Reviewable,NotReviewed,1 cond,1800,60000,Sun Dec 24 12:54:01 PST 2017,https://requester.mturk.com/mturk/manageHIT?HITId=3KQC8JMJGCSVYAA70DJ56N7K0DZH38,3SUWZRL0MYDLY34HJGEYH7HCT9L6EQ,1,Submitted,Sat Nov 25 05:45:09 PST 2017,Fri Nov 24 12:55:07 PST 2017,Fri Nov 24 13:05:09 PST 2017,,,,,,[],"""cond4""",undefined,9.497316666666666
1,one_slider,How? Two of them didn&quotechart jump over the rock. I see see it right above this question.,1,cond3,English,1,Male,31,,Yes,I&quotecharm honestly not sure.,3,Windows,1080,1920,Firefox,3KQC8JMJGCSVYAA70DJ56N7K0DZH38,3UFCYGUHNP4CXE3VBIPPD007NZATNX,Judging whether a speaker is right or wrong about a scenario,"In this task you will be watching a short video. At the end of the video, a puppet will make a statement and your goal is to say whether the puppett is right or wrong",language research UCI fun cognitive science university explanations,$1.25,Fri Nov 24 12:54:01 PST 2017,9,0,0,0,Reviewable,NotReviewed,1 cond,1800,60000,Sun Dec 24 12:54:01 PST 2017,https://requester.mturk.com/mturk/manageHIT?HITId=3KQC8JMJGCSVYAA70DJ56N7K0DZH38,3SUWZRL0MYDLY34HJGEYH7HCT9L6EQ,1,Submitted,Sat Nov 25 05:45:09 PST 2017,Fri Nov 24 12:55:07 PST 2017,Fri Nov 24 13:05:09 PST 2017,,,,,,[],"""cond4""",undefined,9.497316666666666
1,one_slider,There are only two hippos.,0,cond4,English,1,Male,31,,Yes,I&quotecharm honestly not sure.,3,Windows,1080,1920,Firefox,3KQC8JMJGCSVYAA70DJ56N7K0DZH38,3UFCYGUHNP4CXE3VBIPPD007NZATNX,Judging whether a speaker is right or wrong about a scenario,"In this task you will be watching a short video. At the end of the video, a puppet will make a statement and your goal is to say whether the puppett is right or wrong",language research UCI fun cognitive science university explanations,$1.25,Fri Nov 24 12:54:01 PST 2017,9,0,0,0,Reviewable,NotReviewed,1 cond,1800,60000,Sun Dec 24 12:54:01 PST 2017,https://requester.mturk.com/mturk/manageHIT?HITId=3KQC8JMJGCSVYAA70DJ56N7K0DZH38,3SUWZRL0MYDLY34HJGEYH7HCT9L6EQ,1,Submitted,Sat Nov 25 05:45:09 PST 2017,Fri Nov 24 12:55:07 PST 2017,Fri Nov 24 13:05:09 PST 2017,,,,,,[],"""cond4""",undefined,9.497316666666666
1,one_slider,One of them went to the city.,0,cond1,English,1,Male,31,,Yes,I&quotecharm honestly not sure.,3,Windows,1080,1920,Firefox,3KQC8JMJGCSVYAA70DJ56N7K0DZH38,3UFCYGUHNP4CXE3VBIPPD007NZATNX,Judging whether a speaker is right or wrong about a scenario,"In this task you will be watching a short video. At the end of the video, a puppet will make a statement and your goal is to say whether the puppett is right or wrong",language research UCI fun cognitive science university explanations,$1.25,Fri Nov 24 12:54:01 PST 2017,9,0,0,0,Reviewable,NotReviewed,1 cond,1800,60000,Sun Dec 24 12:54:01 PST 2017,https://requester.mturk.com/mturk/manageHIT?HITId=3KQC8JMJGCSVYAA70DJ56N7K0DZH38,3SUWZRL0MYDLY34HJGEYH7HCT9L6EQ,1,Submitted,Sat Nov 25 05:45:09 PST 2017,Fri Nov 24 12:55:07 PST 2017,Fri Nov 24 13:05:09 PST 2017,,,,,,[],"""cond4""",undefined,9.497316666666666
1,one_slider,One dog rolled his ball.,0,cond4,English,1,Male,31,,Yes,I&quotecharm honestly not sure.,3,Windows,1080,1920,Firefox,3KQC8JMJGCSVYAA70DJ56N7K0DZH38,3UFCYGUHNP4CXE3VBIPPD007NZATNX,Judging whether a speaker is right or wrong about a scenario,"In this task you will be watching a short video. At the end of the video, a puppet will make a statement and your goal is to say whether the puppett is right or wrong",language research UCI fun cognitive science university explanations,$1.25,Fri Nov 24 12:54:01 PST 2017,9,0,0,0,Reviewable,NotReviewed,1 cond,1800,60000,Sun Dec 24 12:54:01 PST 2017,https://requester.mturk.com/mturk/manageHIT?HITId=3KQC8JMJGCSVYAA70DJ56N7K0DZH38,3SUWZRL0MYDLY34HJGEYH7HCT9L6EQ,1,Submitted,Sat Nov 25 05:45:09 PST 2017,Fri Nov 24 12:55:07 PST 2017,Fri Nov 24 13:05:09 PST 2017,,,,,,[],"""cond4""",undefined,9.497316666666666
1,one_slider,"Two bought cookies, while two didn&quotechart.",1,cond3,English,1,Male,31,,Yes,I&quotecharm honestly not sure.,3,Windows,1080,1920,Firefox,3KQC8JMJGCSVYAA70DJ56N7K0DZH38,3UFCYGUHNP4CXE3VBIPPD007NZATNX,Judging whether a speaker is right or wrong about a scenario,"In this task you will be watching a short video. At the end of the video, a puppet will make a statement and your goal is to say whether the puppett is right or wrong",language research UCI fun cognitive science university explanations,$1.25,Fri Nov 24 12:54:01 PST 2017,9,0,0,0,Reviewable,NotReviewed,1 cond,1800,60000,Sun Dec 24 12:54:01 PST 2017,https://requester.mturk.com/mturk/manageHIT?HITId=3KQC8JMJGCSVYAA70DJ56N7K0DZH38,3SUWZRL0MYDLY34HJGEYH7HCT9L6EQ,1,Submitted,Sat Nov 25 05:45:09 PST 2017,Fri Nov 24 12:55:07 PST 2017,Fri Nov 24 13:05:09 PST 2017,,,,,,[],"""cond4""",undefined,9.497316666666666
1,one_slider,Only two climbed on the book.,0,cond4,English,1,Male,31,,Yes,I&quotecharm honestly not sure.,3,Windows,1080,1920,Firefox,3KQC8JMJGCSVYAA70DJ56N7K0DZH38,3UFCYGUHNP4CXE3VBIPPD007NZATNX,Judging whether a speaker is right or wrong about a scenario,"In this task you will be watching a short video. At the end of the video, a puppet will make a statement and your goal is to say whether the puppett is right or wrong",language research UCI fun cognitive science university explanations,$1.25,Fri Nov 24 12:54:01 PST 2017,9,0,0,0,Reviewable,NotReviewed,1 cond,1800,60000,Sun Dec 24 12:54:01 PST 2017,https://requester.mturk.com/mturk/manageHIT?HITId=3KQC8JMJGCSVYAA70DJ56N7K0DZH38,3SUWZRL0MYDLY34HJGEYH7HCT9L6EQ,1,Submitted,Sat Nov 25 05:45:09 PST 2017,Fri Nov 24 12:55:07 PST 2017,Fri Nov 24 13:05:09 PST 2017,,,,,,[],"""cond4""",undefined,9.497316666666666
1,one_slider,We saw two dinosaurs eating the bugs.,1,cond4,English,1,Male,31,,Yes,I&quotecharm honestly not sure.,3,Windows,1080,1920,Firefox,3KQC8JMJGCSVYAA70DJ56N7K0DZH38,3UFCYGUHNP4CXE3VBIPPD007NZATNX,Judging whether a speaker is right or wrong about a scenario,"In this task you will be watching a short video. At the end of the video, a puppet will make a statement and your goal is to say whether the puppett is right or wrong",language research UCI fun cognitive science university explanations,$1.25,Fri Nov 24 12:54:01 PST 2017,9,0,0,0,Reviewable,NotReviewed,1 cond,1800,60000,Sun Dec 24 12:54:01 PST 2017,https://requester.mturk.com/mturk/manageHIT?HITId=3KQC8JMJGCSVYAA70DJ56N7K0DZH38,3SUWZRL0MYDLY34HJGEYH7HCT9L6EQ,1,Submitted,Sat Nov 25 05:45:09 PST 2017,Fri Nov 24 12:55:07 PST 2017,Fri Nov 24 13:05:09 PST 2017,,,,,,[],"""cond4""",undefined,9.497316666666666
2,one_slider_practice,He bought one for a couple of pennies and then bought another for a penny. ,0.98,NA,English,2,Female,57,I have none. ,Yes,To see how we interpreted the question asked by the puppet. ,3,Windows,768,1366,Chrome,3KQC8JMJGCSVYAA70DJ56N7K0DZH38,3UFCYGUHNP4CXE3VBIPPD007NZATNX,Judging whether a speaker is right or wrong about a scenario,"In this task you will be watching a short video. At the end of the video, a puppet will make a statement and your goal is to say whether the puppett is right or wrong",language research UCI fun cognitive science university explanations,$1.25,Fri Nov 24 12:54:01 PST 2017,9,0,0,0,Reviewable,NotReviewed,1 cond,1800,60000,Sun Dec 24 12:54:01 PST 2017,https://requester.mturk.com/mturk/manageHIT?HITId=3KQC8JMJGCSVYAA70DJ56N7K0DZH38,3E13VNJ1NNV27M569TS87QONDRC1IW,2,Submitted,Sat Nov 25 05:45:57 PST 2017,Fri Nov 24 12:54:36 PST 2017,Fri Nov 24 13:05:57 PST 2017,,,,,,[],"""cond3""",undefined,11.285383333333334
2,one_slider_practice,The third dog did not jump on the table because it was too small. ,0.05,NA,English,2,Female,57,I have none. ,Yes,To see how we interpreted the question asked by the puppet. ,3,Windows,768,1366,Chrome,3KQC8JMJGCSVYAA70DJ56N7K0DZH38,3UFCYGUHNP4CXE3VBIPPD007NZATNX,Judging whether a speaker is right or wrong about a scenario,"In this task you will be watching a short video. At the end of the video, a puppet will make a statement and your goal is to say whether the puppett is right or wrong",language research UCI fun cognitive science university explanations,$1.25,Fri Nov 24 12:54:01 PST 2017,9,0,0,0,Reviewable,NotReviewed,1 cond,1800,60000,Sun Dec 24 12:54:01 PST 2017,https://requester.mturk.com/mturk/manageHIT?HITId=3KQC8JMJGCSVYAA70DJ56N7K0DZH38,3E13VNJ1NNV27M569TS87QONDRC1IW,2,Submitted,Sat Nov 25 05:45:57 PST 2017,Fri Nov 24 12:54:36 PST 2017,Fri Nov 24 13:05:57 PST 2017,,,,,,[],"""cond3""",undefined,11.285383333333334
2,one_slider,Only one frog jumped over the rock. The other did not jump because he thought it was too big. ,0.94,cond1,English,2,Female,57,I have none. ,Yes,To see how we interpreted the question asked by the puppet. ,3,Windows,768,1366,Chrome,3KQC8JMJGCSVYAA70DJ56N7K0DZH38,3UFCYGUHNP4CXE3VBIPPD007NZATNX,Judging whether a speaker is right or wrong about a scenario,"In this task you will be watching a short video. At the end of the video, a puppet will make a statement and your goal is to say whether the puppett is right or wrong",language research UCI fun cognitive science university explanations,$1.25,Fri Nov 24 12:54:01 PST 2017,9,0,0,0,Reviewable,NotReviewed,1 cond,1800,60000,Sun Dec 24 12:54:01 PST 2017,https://requester.mturk.com/mturk/manageHIT?HITId=3KQC8JMJGCSVYAA70DJ56N7K0DZH38,3E13VNJ1NNV27M569TS87QONDRC1IW,2,Submitted,Sat Nov 25 05:45:57 PST 2017,Fri Nov 24 12:54:36 PST 2017,Fri Nov 24 13:05:57 PST 2017,,,,,,[],"""cond3""",undefined,11.285383333333334
2,one_slider,There were only two hippos in the story who drank milk and not three. ,0.06,cond1,English,2,Female,57,I have none. ,Yes,To see how we interpreted the question asked by the puppet. ,3,Windows,768,1366,Chrome,3KQC8JMJGCSVYAA70DJ56N7K0DZH38,3UFCYGUHNP4CXE3VBIPPD007NZATNX,Judging whether a speaker is right or wrong about a scenario,"In this task you will be watching a short video. At the end of the video, a puppet will make a statement and your goal is to say whether the puppett is right or wrong",language research UCI fun cognitive science university explanations,$1.25,Fri Nov 24 12:54:01 PST 2017,9,0,0,0,Reviewable,NotReviewed,1 cond,1800,60000,Sun Dec 24 12:54:01 PST 2017,https://requester.mturk.com/mturk/manageHIT?HITId=3KQC8JMJGCSVYAA70DJ56N7K0DZH38,3E13VNJ1NNV27M569TS87QONDRC1IW,2,Submitted,Sat Nov 25 05:45:57 PST 2017,Fri Nov 24 12:54:36 PST 2017,Fri Nov 24 13:05:57 PST 2017,,,,,,[],"""cond3""",undefined,11.285383333333334
2,one_slider,"Only one butterfly, not two, went to the city. ",0.81,cond1,English,2,Female,57,I have none. ,Yes,To see how we interpreted the question asked by the puppet. ,3,Windows,768,1366,Chrome,3KQC8JMJGCSVYAA70DJ56N7K0DZH38,3UFCYGUHNP4CXE3VBIPPD007NZATNX,Judging whether a speaker is right or wrong about a scenario,"In this task you will be watching a short video. At the end of the video, a puppet will make a statement and your goal is to say whether the puppett is right or wrong",language research UCI fun cognitive science university explanations,$1.25,Fri Nov 24 12:54:01 PST 2017,9,0,0,0,Reviewable,NotReviewed,1 cond,1800,60000,Sun Dec 24 12:54:01 PST 2017,https://requester.mturk.com/mturk/manageHIT?HITId=3KQC8JMJGCSVYAA70DJ56N7K0DZH38,3E13VNJ1NNV27M569TS87QONDRC1IW,2,Submitted,Sat Nov 25 05:45:57 PST 2017,Fri Nov 24 12:54:36 PST 2017,Fri Nov 24 13:05:57 PST 2017,,,,,,[],"""cond3""",undefined,11.285383333333334
2,one_slider,One dog did roll its ball on the table. ,0.08,cond1,English,2,Female,57,I have none. ,Yes,To see how we interpreted the question asked by the puppet. ,3,Windows,768,1366,Chrome,3KQC8JMJGCSVYAA70DJ56N7K0DZH38,3UFCYGUHNP4CXE3VBIPPD007NZATNX,Judging whether a speaker is right or wrong about a scenario,"In this task you will be watching a short video. At the end of the video, a puppet will make a statement and your goal is to say whether the puppett is right or wrong",language research UCI fun cognitive science university explanations,$1.25,Fri Nov 24 12:54:01 PST 2017,9,0,0,0,Reviewable,NotReviewed,1 cond,1800,60000,Sun Dec 24 12:54:01 PST 2017,https://requester.mturk.com/mturk/manageHIT?HITId=3KQC8JMJGCSVYAA70DJ56N7K0DZH38,3E13VNJ1NNV27M569TS87QONDRC1IW,2,Submitted,Sat Nov 25 05:45:57 PST 2017,Fri Nov 24 12:54:36 PST 2017,Fri Nov 24 13:05:57 PST 2017,,,,,,[],"""cond3""",undefined,11.285383333333334
2,one_slider,Two lions didn&quotechart buy a cookie because they didn&quotechart like them. ,0.95,cond3,English,2,Female,57,I have none. ,Yes,To see how we interpreted the question asked by the puppet. ,3,Windows,768,1366,Chrome,3KQC8JMJGCSVYAA70DJ56N7K0DZH38,3UFCYGUHNP4CXE3VBIPPD007NZATNX,Judging whether a speaker is right or wrong about a scenario,"In this task you will be watching a short video. At the end of the video, a puppet will make a statement and your goal is to say whether the puppett is right or wrong",language research UCI fun cognitive science university explanations,$1.25,Fri Nov 24 12:54:01 PST 2017,9,0,0,0,Reviewable,NotReviewed,1 cond,1800,60000,Sun Dec 24 12:54:01 PST 2017,https://requester.mturk.com/mturk/manageHIT?HITId=3KQC8JMJGCSVYAA70DJ56N7K0DZH38,3E13VNJ1NNV27M569TS87QONDRC1IW,2,Submitted,Sat Nov 25 05:45:57 PST 2017,Fri Nov 24 12:54:36 PST 2017,Fri Nov 24 13:05:57 PST 2017,,,,,,[],"""cond3""",undefined,11.285383333333334
2,one_slider,"Only two, not four, lizards climbed on the book. ",0.07,cond2,English,2,Female,57,I have none. ,Yes,To see how we interpreted the question asked by the puppet. ,3,Windows,768,1366,Chrome,3KQC8JMJGCSVYAA70DJ56N7K0DZH38,3UFCYGUHNP4CXE3VBIPPD007NZATNX,Judging whether a speaker is right or wrong about a scenario,"In this task you will be watching a short video. At the end of the video, a puppet will make a statement and your goal is to say whether the puppett is right or wrong",language research UCI fun cognitive science university explanations,$1.25,Fri Nov 24 12:54:01 PST 2017,9,0,0,0,Reviewable,NotReviewed,1 cond,1800,60000,Sun Dec 24 12:54:01 PST 2017,https://requester.mturk.com/mturk/manageHIT?HITId=3KQC8JMJGCSVYAA70DJ56N7K0DZH38,3E13VNJ1NNV27M569TS87QONDRC1IW,2,Submitted,Sat Nov 25 05:45:57 PST 2017,Fri Nov 24 12:54:36 PST 2017,Fri Nov 24 13:05:57 PST 2017,,,,,,[],"""cond3""",undefined,11.285383333333334
2,one_slider,Two dinosaurs didn&quotechart eat bugs because they didn&quotechart like them. ,0.91,cond3,English,2,Female,57,I have none. ,Yes,To see how we interpreted the question asked by the puppet. ,3,Windows,768,1366,Chrome,3KQC8JMJGCSVYAA70DJ56N7K0DZH38,3UFCYGUHNP4CXE3VBIPPD007NZATNX,Judging whether a speaker is right or wrong about a scenario,"In this task you will be watching a short video. At the end of the video, a puppet will make a statement and your goal is to say whether the puppett is right or wrong",language research UCI fun cognitive science university explanations,$1.25,Fri Nov 24 12:54:01 PST 2017,9,0,0,0,Reviewable,NotReviewed,1 cond,1800,60000,Sun Dec 24 12:54:01 PST 2017,https://requester.mturk.com/mturk/manageHIT?HITId=3KQC8JMJGCSVYAA70DJ56N7K0DZH38,3E13VNJ1NNV27M569TS87QONDRC1IW,2,Submitted,Sat Nov 25 05:45:57 PST 2017,Fri Nov 24 12:54:36 PST 2017,Fri Nov 24 13:05:57 PST 2017,,,,,,[],"""cond3""",undefined,11.285383333333334
3,one_slider_practice,Brainy smurf bought the cars he was shown for a total of 4 pennies.,1,NA,English,2,Female,41,,Yes,"Not sure, reasoning skills?",4,Windows,1080,1920,Chrome,3KQC8JMJGCSVYAA70DJ56N7K0DZH38,3UFCYGUHNP4CXE3VBIPPD007NZATNX,Judging whether a speaker is right or wrong about a scenario,"In this task you will be watching a short video. At the end of the video, a puppet will make a statement and your goal is to say whether the puppett is right or wrong",language research UCI fun cognitive science university explanations,$1.25,Fri Nov 24 12:54:01 PST 2017,9,0,0,0,Reviewable,NotReviewed,1 cond,1800,60000,Sun Dec 24 12:54:01 PST 2017,https://requester.mturk.com/mturk/manageHIT?HITId=3KQC8JMJGCSVYAA70DJ56N7K0DZH38,32VNZTT0A74WSK58MY5JJGWHC74R42,3,Submitted,Sat Nov 25 05:48:43 PST 2017,Fri Nov 24 12:54:40 PST 2017,Fri Nov 24 13:08:43 PST 2017,,,,,,[],"""cond1""",undefined,8.125766666666667
3,one_slider_practice,The third dog did not jump on the table.,0.02,NA,English,2,Female,41,,Yes,"Not sure, reasoning skills?",4,Windows,1080,1920,Chrome,3KQC8JMJGCSVYAA70DJ56N7K0DZH38,3UFCYGUHNP4CXE3VBIPPD007NZATNX,Judging whether a speaker is right or wrong about a scenario,"In this task you will be watching a short video. At the end of the video, a puppet will make a statement and your goal is to say whether the puppett is right or wrong",language research UCI fun cognitive science university explanations,$1.25,Fri Nov 24 12:54:01 PST 2017,9,0,0,0,Reviewable,NotReviewed,1 cond,1800,60000,Sun Dec 24 12:54:01 PST 2017,https://requester.mturk.com/mturk/manageHIT?HITId=3KQC8JMJGCSVYAA70DJ56N7K0DZH38,32VNZTT0A74WSK58MY5JJGWHC74R42,3,Submitted,Sat Nov 25 05:48:43 PST 2017,Fri Nov 24 12:54:40 PST 2017,Fri Nov 24 13:08:43 PST 2017,,,,,,[],"""cond1""",undefined,8.125766666666667
3,one_slider,"Technically, two frogs did jump over the fence since all four frogs did.  Two frogs did not jump over the fence. ",0.97,cond4,English,2,Female,41,,Yes,"Not sure, reasoning skills?",4,Windows,1080,1920,Chrome,3KQC8JMJGCSVYAA70DJ56N7K0DZH38,3UFCYGUHNP4CXE3VBIPPD007NZATNX,Judging whether a speaker is right or wrong about a scenario,"In this task you will be watching a short video. At the end of the video, a puppet will make a statement and your goal is to say whether the puppett is right or wrong",language research UCI fun cognitive science university explanations,$1.25,Fri Nov 24 12:54:01 PST 2017,9,0,0,0,Reviewable,NotReviewed,1 cond,1800,60000,Sun Dec 24 12:54:01 PST 2017,https://requester.mturk.com/mturk/manageHIT?HITId=3KQC8JMJGCSVYAA70DJ56N7K0DZH38,32VNZTT0A74WSK58MY5JJGWHC74R42,3,Submitted,Sat Nov 25 05:48:43 PST 2017,Fri Nov 24 12:54:40 PST 2017,Fri Nov 24 13:08:43 PST 2017,,,,,,[],"""cond1""",undefined,8.125766666666667
3,one_slider,"The story only featured two hippos, not three.",0.02,cond1,English,2,Female,41,,Yes,"Not sure, reasoning skills?",4,Windows,1080,1920,Chrome,3KQC8JMJGCSVYAA70DJ56N7K0DZH38,3UFCYGUHNP4CXE3VBIPPD007NZATNX,Judging whether a speaker is right or wrong about a scenario,"In this task you will be watching a short video. At the end of the video, a puppet will make a statement and your goal is to say whether the puppett is right or wrong",language research UCI fun cognitive science university explanations,$1.25,Fri Nov 24 12:54:01 PST 2017,9,0,0,0,Reviewable,NotReviewed,1 cond,1800,60000,Sun Dec 24 12:54:01 PST 2017,https://requester.mturk.com/mturk/manageHIT?HITId=3KQC8JMJGCSVYAA70DJ56N7K0DZH38,32VNZTT0A74WSK58MY5JJGWHC74R42,3,Submitted,Sat Nov 25 05:48:43 PST 2017,Fri Nov 24 12:54:40 PST 2017,Fri Nov 24 13:08:43 PST 2017,,,,,,[],"""cond1""",undefined,8.125766666666667
3,one_slider,Two butterflies decided to stay home and not go to the city.  ,0.97,cond3,English,2,Female,41,,Yes,"Not sure, reasoning skills?",4,Windows,1080,1920,Chrome,3KQC8JMJGCSVYAA70DJ56N7K0DZH38,3UFCYGUHNP4CXE3VBIPPD007NZATNX,Judging whether a speaker is right or wrong about a scenario,"In this task you will be watching a short video. At the end of the video, a puppet will make a statement and your goal is to say whether the puppett is right or wrong",language research UCI fun cognitive science university explanations,$1.25,Fri Nov 24 12:54:01 PST 2017,9,0,0,0,Reviewable,NotReviewed,1 cond,1800,60000,Sun Dec 24 12:54:01 PST 2017,https://requester.mturk.com/mturk/manageHIT?HITId=3KQC8JMJGCSVYAA70DJ56N7K0DZH38,32VNZTT0A74WSK58MY5JJGWHC74R42,3,Submitted,Sat Nov 25 05:48:43 PST 2017,Fri Nov 24 12:54:40 PST 2017,Fri Nov 24 13:08:43 PST 2017,,,,,,[],"""cond1""",undefined,8.125766666666667
3,one_slider,The first dog rolled his ball across the table.  ,0.01,cond4,English,2,Female,41,,Yes,"Not sure, reasoning skills?",4,Windows,1080,1920,Chrome,3KQC8JMJGCSVYAA70DJ56N7K0DZH38,3UFCYGUHNP4CXE3VBIPPD007NZATNX,Judging whether a speaker is right or wrong about a scenario,"In this task you will be watching a short video. At the end of the video, a puppet will make a statement and your goal is to say whether the puppett is right or wrong",language research UCI fun cognitive science university explanations,$1.25,Fri Nov 24 12:54:01 PST 2017,9,0,0,0,Reviewable,NotReviewed,1 cond,1800,60000,Sun Dec 24 12:54:01 PST 2017,https://requester.mturk.com/mturk/manageHIT?HITId=3KQC8JMJGCSVYAA70DJ56N7K0DZH38,32VNZTT0A74WSK58MY5JJGWHC74R42,3,Submitted,Sat Nov 25 05:48:43 PST 2017,Fri Nov 24 12:54:40 PST 2017,Fri Nov 24 13:08:43 PST 2017,,,,,,[],"""cond1""",undefined,8.125766666666667
3,one_slider,All four lions bough an egg so therefore two lions bought eggs.  Only 2 lions bought cookies.  ,0.97,cond4,English,2,Female,41,,Yes,"Not sure, reasoning skills?",4,Windows,1080,1920,Chrome,3KQC8JMJGCSVYAA70DJ56N7K0DZH38,3UFCYGUHNP4CXE3VBIPPD007NZATNX,Judging whether a speaker is right or wrong about a scenario,"In this task you will be watching a short video. At the end of the video, a puppet will make a statement and your goal is to say whether the puppett is right or wrong",language research UCI fun cognitive science university explanations,$1.25,Fri Nov 24 12:54:01 PST 2017,9,0,0,0,Reviewable,NotReviewed,1 cond,1800,60000,Sun Dec 24 12:54:01 PST 2017,https://requester.mturk.com/mturk/manageHIT?HITId=3KQC8JMJGCSVYAA70DJ56N7K0DZH38,32VNZTT0A74WSK58MY5JJGWHC74R42,3,Submitted,Sat Nov 25 05:48:43 PST 2017,Fri Nov 24 12:54:40 PST 2017,Fri Nov 24 13:08:43 PST 2017,,,,,,[],"""cond1""",undefined,8.125766666666667
3,one_slider,Only two lizards climbed on the book.,0.02,cond1,English,2,Female,41,,Yes,"Not sure, reasoning skills?",4,Windows,1080,1920,Chrome,3KQC8JMJGCSVYAA70DJ56N7K0DZH38,3UFCYGUHNP4CXE3VBIPPD007NZATNX,Judging whether a speaker is right or wrong about a scenario,"In this task you will be watching a short video. At the end of the video, a puppet will make a statement and your goal is to say whether the puppett is right or wrong",language research UCI fun cognitive science university explanations,$1.25,Fri Nov 24 12:54:01 PST 2017,9,0,0,0,Reviewable,NotReviewed,1 cond,1800,60000,Sun Dec 24 12:54:01 PST 2017,https://requester.mturk.com/mturk/manageHIT?HITId=3KQC8JMJGCSVYAA70DJ56N7K0DZH38,32VNZTT0A74WSK58MY5JJGWHC74R42,3,Submitted,Sat Nov 25 05:48:43 PST 2017,Fri Nov 24 12:54:40 PST 2017,Fri Nov 24 13:08:43 PST 2017,,,,,,[],"""cond1""",undefined,8.125766666666667
3,one_slider,One dinosaur ate a bug because it was easy to catch.,0.02,cond1,English,2,Female,41,,Yes,"Not sure, reasoning skills?",4,Windows,1080,1920,Chrome,3KQC8JMJGCSVYAA70DJ56N7K0DZH38,3UFCYGUHNP4CXE3VBIPPD007NZATNX,Judging whether a speaker is right or wrong about a scenario,"In this task you will be watching a short video. At the end of the video, a puppet will make a statement and your goal is to say whether the puppett is right or wrong",language research UCI fun cognitive science university explanations,$1.25,Fri Nov 24 12:54:01 PST 2017,9,0,0,0,Reviewable,NotReviewed,1 cond,1800,60000,Sun Dec 24 12:54:01 PST 2017,https://requester.mturk.com/mturk/manageHIT?HITId=3KQC8JMJGCSVYAA70DJ56N7K0DZH38,32VNZTT0A74WSK58MY5JJGWHC74R42,3,Submitted,Sat Nov 25 05:48:43 PST 2017,Fri Nov 24 12:54:40 PST 2017,Fri Nov 24 13:08:43 PST 2017,,,,,,[],"""cond1""",undefined,8.125766666666667
4,one_slider_practice,The smurf bought a silver and yellow car leaving him with one penny left.,1,NA,English,2,Male,34,,Yes,Paying attention,2,Windows,768,1366,Chrome,3KQC8JMJGCSVYAA70DJ56N7K0DZH38,3UFCYGUHNP4CXE3VBIPPD007NZATNX,Judging whether a speaker is right or wrong about a scenario,"In this task you will be watching a short video. At the end of the video, a puppet will make a statement and your goal is to say whether the puppett is right or wrong",language research UCI fun cognitive science university explanations,$1.25,Fri Nov 24 12:54:01 PST 2017,9,0,0,0,Reviewable,NotReviewed,1 cond,1800,60000,Sun Dec 24 12:54:01 PST 2017,https://requester.mturk.com/mturk/manageHIT?HITId=3KQC8JMJGCSVYAA70DJ56N7K0DZH38,3U4J9857OEB6V062SZH0MDBNLNSB7U,4,Submitted,Sat Nov 25 05:52:38 PST 2017,Fri Nov 24 12:55:45 PST 2017,Fri Nov 24 13:12:38 PST 2017,,,,,,[],"""cond1""",undefined,8.995633333333334
4,one_slider_practice,The last dog did not jump on the table because hew as too small.,0,NA,English,2,Male,34,,Yes,Paying attention,2,Windows,768,1366,Chrome,3KQC8JMJGCSVYAA70DJ56N7K0DZH38,3UFCYGUHNP4CXE3VBIPPD007NZATNX,Judging whether a speaker is right or wrong about a scenario,"In this task you will be watching a short video. At the end of the video, a puppet will make a statement and your goal is to say whether the puppett is right or wrong",language research UCI fun cognitive science university explanations,$1.25,Fri Nov 24 12:54:01 PST 2017,9,0,0,0,Reviewable,NotReviewed,1 cond,1800,60000,Sun Dec 24 12:54:01 PST 2017,https://requester.mturk.com/mturk/manageHIT?HITId=3KQC8JMJGCSVYAA70DJ56N7K0DZH38,3U4J9857OEB6V062SZH0MDBNLNSB7U,4,Submitted,Sat Nov 25 05:52:38 PST 2017,Fri Nov 24 12:55:45 PST 2017,Fri Nov 24 13:12:38 PST 2017,,,,,,[],"""cond1""",undefined,8.995633333333334
4,one_slider,Two frogs didn&quotechart jump over the rock is true because only one jump over the rock,1,cond1,English,2,Male,34,,Yes,Paying attention,2,Windows,768,1366,Chrome,3KQC8JMJGCSVYAA70DJ56N7K0DZH38,3UFCYGUHNP4CXE3VBIPPD007NZATNX,Judging whether a speaker is right or wrong about a scenario,"In this task you will be watching a short video. At the end of the video, a puppet will make a statement and your goal is to say whether the puppett is right or wrong",language research UCI fun cognitive science university explanations,$1.25,Fri Nov 24 12:54:01 PST 2017,9,0,0,0,Reviewable,NotReviewed,1 cond,1800,60000,Sun Dec 24 12:54:01 PST 2017,https://requester.mturk.com/mturk/manageHIT?HITId=3KQC8JMJGCSVYAA70DJ56N7K0DZH38,3U4J9857OEB6V062SZH0MDBNLNSB7U,4,Submitted,Sat Nov 25 05:52:38 PST 2017,Fri Nov 24 12:55:45 PST 2017,Fri Nov 24 13:12:38 PST 2017,,,,,,[],"""cond1""",undefined,8.995633333333334
4,one_slider,Only two hippos were thirsty and drank milk,0,cond2,English,2,Male,34,,Yes,Paying attention,2,Windows,768,1366,Chrome,3KQC8JMJGCSVYAA70DJ56N7K0DZH38,3UFCYGUHNP4CXE3VBIPPD007NZATNX,Judging whether a speaker is right or wrong about a scenario,"In this task you will be watching a short video. At the end of the video, a puppet will make a statement and your goal is to say whether the puppett is right or wrong",language research UCI fun cognitive science university explanations,$1.25,Fri Nov 24 12:54:01 PST 2017,9,0,0,0,Reviewable,NotReviewed,1 cond,1800,60000,Sun Dec 24 12:54:01 PST 2017,https://requester.mturk.com/mturk/manageHIT?HITId=3KQC8JMJGCSVYAA70DJ56N7K0DZH38,3U4J9857OEB6V062SZH0MDBNLNSB7U,4,Submitted,Sat Nov 25 05:52:38 PST 2017,Fri Nov 24 12:55:45 PST 2017,Fri Nov 24 13:12:38 PST 2017,,,,,,[],"""cond1""",undefined,8.995633333333334
4,one_slider,Only one butterfly went to the city because he went to the forest the day before. The other butterfly went to the forest,1,cond1,English,2,Male,34,,Yes,Paying attention,2,Windows,768,1366,Chrome,3KQC8JMJGCSVYAA70DJ56N7K0DZH38,3UFCYGUHNP4CXE3VBIPPD007NZATNX,Judging whether a speaker is right or wrong about a scenario,"In this task you will be watching a short video. At the end of the video, a puppet will make a statement and your goal is to say whether the puppett is right or wrong",language research UCI fun cognitive science university explanations,$1.25,Fri Nov 24 12:54:01 PST 2017,9,0,0,0,Reviewable,NotReviewed,1 cond,1800,60000,Sun Dec 24 12:54:01 PST 2017,https://requester.mturk.com/mturk/manageHIT?HITId=3KQC8JMJGCSVYAA70DJ56N7K0DZH38,3U4J9857OEB6V062SZH0MDBNLNSB7U,4,Submitted,Sat Nov 25 05:52:38 PST 2017,Fri Nov 24 12:55:45 PST 2017,Fri Nov 24 13:12:38 PST 2017,,,,,,[],"""cond1""",undefined,8.995633333333334
4,one_slider,First dog rolled his ball the second did not because he was scared it would roll off the table,0,cond4,English,2,Male,34,,Yes,Paying attention,2,Windows,768,1366,Chrome,3KQC8JMJGCSVYAA70DJ56N7K0DZH38,3UFCYGUHNP4CXE3VBIPPD007NZATNX,Judging whether a speaker is right or wrong about a scenario,"In this task you will be watching a short video. At the end of the video, a puppet will make a statement and your goal is to say whether the puppett is right or wrong",language research UCI fun cognitive science university explanations,$1.25,Fri Nov 24 12:54:01 PST 2017,9,0,0,0,Reviewable,NotReviewed,1 cond,1800,60000,Sun Dec 24 12:54:01 PST 2017,https://requester.mturk.com/mturk/manageHIT?HITId=3KQC8JMJGCSVYAA70DJ56N7K0DZH38,3U4J9857OEB6V062SZH0MDBNLNSB7U,4,Submitted,Sat Nov 25 05:52:38 PST 2017,Fri Nov 24 12:55:45 PST 2017,Fri Nov 24 13:12:38 PST 2017,,,,,,[],"""cond1""",undefined,8.995633333333334
4,one_slider,Only one lion bought a cookie the other lion didn&quotechart buy an egg or a cookie because he didn&quotechart like them,1,cond1,English,2,Male,34,,Yes,Paying attention,2,Windows,768,1366,Chrome,3KQC8JMJGCSVYAA70DJ56N7K0DZH38,3UFCYGUHNP4CXE3VBIPPD007NZATNX,Judging whether a speaker is right or wrong about a scenario,"In this task you will be watching a short video. At the end of the video, a puppet will make a statement and your goal is to say whether the puppett is right or wrong",language research UCI fun cognitive science university explanations,$1.25,Fri Nov 24 12:54:01 PST 2017,9,0,0,0,Reviewable,NotReviewed,1 cond,1800,60000,Sun Dec 24 12:54:01 PST 2017,https://requester.mturk.com/mturk/manageHIT?HITId=3KQC8JMJGCSVYAA70DJ56N7K0DZH38,3U4J9857OEB6V062SZH0MDBNLNSB7U,4,Submitted,Sat Nov 25 05:52:38 PST 2017,Fri Nov 24 12:55:45 PST 2017,Fri Nov 24 13:12:38 PST 2017,,,,,,[],"""cond1""",undefined,8.995633333333334
4,one_slider,Only two jump on the book. The other two said the book was too high so it did not jump on the book,0,cond2,English,2,Male,34,,Yes,Paying attention,2,Windows,768,1366,Chrome,3KQC8JMJGCSVYAA70DJ56N7K0DZH38,3UFCYGUHNP4CXE3VBIPPD007NZATNX,Judging whether a speaker is right or wrong about a scenario,"In this task you will be watching a short video. At the end of the video, a puppet will make a statement and your goal is to say whether the puppett is right or wrong",language research UCI fun cognitive science university explanations,$1.25,Fri Nov 24 12:54:01 PST 2017,9,0,0,0,Reviewable,NotReviewed,1 cond,1800,60000,Sun Dec 24 12:54:01 PST 2017,https://requester.mturk.com/mturk/manageHIT?HITId=3KQC8JMJGCSVYAA70DJ56N7K0DZH38,3U4J9857OEB6V062SZH0MDBNLNSB7U,4,Submitted,Sat Nov 25 05:52:38 PST 2017,Fri Nov 24 12:55:45 PST 2017,Fri Nov 24 13:12:38 PST 2017,,,,,,[],"""cond1""",undefined,8.995633333333334
4,one_slider,It is true because only one dinosaur ate bugs not two. The other one hate bugs,0.98,cond1,English,2,Male,34,,Yes,Paying attention,2,Windows,768,1366,Chrome,3KQC8JMJGCSVYAA70DJ56N7K0DZH38,3UFCYGUHNP4CXE3VBIPPD007NZATNX,Judging whether a speaker is right or wrong about a scenario,"In this task you will be watching a short video. At the end of the video, a puppet will make a statement and your goal is to say whether the puppett is right or wrong",language research UCI fun cognitive science university explanations,$1.25,Fri Nov 24 12:54:01 PST 2017,9,0,0,0,Reviewable,NotReviewed,1 cond,1800,60000,Sun Dec 24 12:54:01 PST 2017,https://requester.mturk.com/mturk/manageHIT?HITId=3KQC8JMJGCSVYAA70DJ56N7K0DZH38,3U4J9857OEB6V062SZH0MDBNLNSB7U,4,Submitted,Sat Nov 25 05:52:38 PST 2017,Fri Nov 24 12:55:45 PST 2017,Fri Nov 24 13:12:38 PST 2017,,,,,,[],"""cond1""",undefined,8.995633333333334
5,one_slider_practice,He spent two pennies on each of the cars that he bought and still had a penny left,0.97,NA,English,2,Female,35,Hope to see more of these.,Yes,I am not sure,3,Windows,768,1366,Chrome,3KQC8JMJGCSVYAA70DJ56N7K0DZH38,3UFCYGUHNP4CXE3VBIPPD007NZATNX,Judging whether a speaker is right or wrong about a scenario,"In this task you will be watching a short video. At the end of the video, a puppet will make a statement and your goal is to say whether the puppett is right or wrong",language research UCI fun cognitive science university explanations,$1.25,Fri Nov 24 12:54:01 PST 2017,9,0,0,0,Reviewable,NotReviewed,1 cond,1800,60000,Sun Dec 24 12:54:01 PST 2017,https://requester.mturk.com/mturk/manageHIT?HITId=3KQC8JMJGCSVYAA70DJ56N7K0DZH38,3RRCEFRB7MC9CDOJQ1JTJ1RDUL2B4A,5,Submitted,Sat Nov 25 05:55:00 PST 2017,Fri Nov 24 12:55:11 PST 2017,Fri Nov 24 13:15:00 PST 2017,,,,,,[],"""cond3""",undefined,12.069916666666666
5,one_slider_practice,The third dog was too small to jump on the table,0,NA,English,2,Female,35,Hope to see more of these.,Yes,I am not sure,3,Windows,768,1366,Chrome,3KQC8JMJGCSVYAA70DJ56N7K0DZH38,3UFCYGUHNP4CXE3VBIPPD007NZATNX,Judging whether a speaker is right or wrong about a scenario,"In this task you will be watching a short video. At the end of the video, a puppet will make a statement and your goal is to say whether the puppett is right or wrong",language research UCI fun cognitive science university explanations,$1.25,Fri Nov 24 12:54:01 PST 2017,9,0,0,0,Reviewable,NotReviewed,1 cond,1800,60000,Sun Dec 24 12:54:01 PST 2017,https://requester.mturk.com/mturk/manageHIT?HITId=3KQC8JMJGCSVYAA70DJ56N7K0DZH38,3RRCEFRB7MC9CDOJQ1JTJ1RDUL2B4A,5,Submitted,Sat Nov 25 05:55:00 PST 2017,Fri Nov 24 12:55:11 PST 2017,Fri Nov 24 13:15:00 PST 2017,,,,,,[],"""cond3""",undefined,12.069916666666666
5,one_slider,They both did jump over the fence but one was two small to jump over the rock,0.99,cond2,English,2,Female,35,Hope to see more of these.,Yes,I am not sure,3,Windows,768,1366,Chrome,3KQC8JMJGCSVYAA70DJ56N7K0DZH38,3UFCYGUHNP4CXE3VBIPPD007NZATNX,Judging whether a speaker is right or wrong about a scenario,"In this task you will be watching a short video. At the end of the video, a puppet will make a statement and your goal is to say whether the puppett is right or wrong",language research UCI fun cognitive science university explanations,$1.25,Fri Nov 24 12:54:01 PST 2017,9,0,0,0,Reviewable,NotReviewed,1 cond,1800,60000,Sun Dec 24 12:54:01 PST 2017,https://requester.mturk.com/mturk/manageHIT?HITId=3KQC8JMJGCSVYAA70DJ56N7K0DZH38,3RRCEFRB7MC9CDOJQ1JTJ1RDUL2B4A,5,Submitted,Sat Nov 25 05:55:00 PST 2017,Fri Nov 24 12:55:11 PST 2017,Fri Nov 24 13:15:00 PST 2017,,,,,,[],"""cond3""",undefined,12.069916666666666
5,one_slider,There were only two hippos in the story,0,cond1,English,2,Female,35,Hope to see more of these.,Yes,I am not sure,3,Windows,768,1366,Chrome,3KQC8JMJGCSVYAA70DJ56N7K0DZH38,3UFCYGUHNP4CXE3VBIPPD007NZATNX,Judging whether a speaker is right or wrong about a scenario,"In this task you will be watching a short video. At the end of the video, a puppet will make a statement and your goal is to say whether the puppett is right or wrong",language research UCI fun cognitive science university explanations,$1.25,Fri Nov 24 12:54:01 PST 2017,9,0,0,0,Reviewable,NotReviewed,1 cond,1800,60000,Sun Dec 24 12:54:01 PST 2017,https://requester.mturk.com/mturk/manageHIT?HITId=3KQC8JMJGCSVYAA70DJ56N7K0DZH38,3RRCEFRB7MC9CDOJQ1JTJ1RDUL2B4A,5,Submitted,Sat Nov 25 05:55:00 PST 2017,Fri Nov 24 12:55:11 PST 2017,Fri Nov 24 13:15:00 PST 2017,,,,,,[],"""cond3""",undefined,12.069916666666666
5,one_slider,Two butterfly decided to stay home while the other two went to the city,0.98,cond3,English,2,Female,35,Hope to see more of these.,Yes,I am not sure,3,Windows,768,1366,Chrome,3KQC8JMJGCSVYAA70DJ56N7K0DZH38,3UFCYGUHNP4CXE3VBIPPD007NZATNX,Judging whether a speaker is right or wrong about a scenario,"In this task you will be watching a short video. At the end of the video, a puppet will make a statement and your goal is to say whether the puppett is right or wrong",language research UCI fun cognitive science university explanations,$1.25,Fri Nov 24 12:54:01 PST 2017,9,0,0,0,Reviewable,NotReviewed,1 cond,1800,60000,Sun Dec 24 12:54:01 PST 2017,https://requester.mturk.com/mturk/manageHIT?HITId=3KQC8JMJGCSVYAA70DJ56N7K0DZH38,3RRCEFRB7MC9CDOJQ1JTJ1RDUL2B4A,5,Submitted,Sat Nov 25 05:55:00 PST 2017,Fri Nov 24 12:55:11 PST 2017,Fri Nov 24 13:15:00 PST 2017,,,,,,[],"""cond3""",undefined,12.069916666666666
5,one_slider,One dog did roll his both but the other was afraid to,0.03,cond3,English,2,Female,35,Hope to see more of these.,Yes,I am not sure,3,Windows,768,1366,Chrome,3KQC8JMJGCSVYAA70DJ56N7K0DZH38,3UFCYGUHNP4CXE3VBIPPD007NZATNX,Judging whether a speaker is right or wrong about a scenario,"In this task you will be watching a short video. At the end of the video, a puppet will make a statement and your goal is to say whether the puppett is right or wrong",language research UCI fun cognitive science university explanations,$1.25,Fri Nov 24 12:54:01 PST 2017,9,0,0,0,Reviewable,NotReviewed,1 cond,1800,60000,Sun Dec 24 12:54:01 PST 2017,https://requester.mturk.com/mturk/manageHIT?HITId=3KQC8JMJGCSVYAA70DJ56N7K0DZH38,3RRCEFRB7MC9CDOJQ1JTJ1RDUL2B4A,5,Submitted,Sat Nov 25 05:55:00 PST 2017,Fri Nov 24 12:55:11 PST 2017,Fri Nov 24 13:15:00 PST 2017,,,,,,[],"""cond3""",undefined,12.069916666666666
5,one_slider,All 4 lions bought an egg and only two lions bough a cookie,0.51,cond4,English,2,Female,35,Hope to see more of these.,Yes,I am not sure,3,Windows,768,1366,Chrome,3KQC8JMJGCSVYAA70DJ56N7K0DZH38,3UFCYGUHNP4CXE3VBIPPD007NZATNX,Judging whether a speaker is right or wrong about a scenario,"In this task you will be watching a short video. At the end of the video, a puppet will make a statement and your goal is to say whether the puppett is right or wrong",language research UCI fun cognitive science university explanations,$1.25,Fri Nov 24 12:54:01 PST 2017,9,0,0,0,Reviewable,NotReviewed,1 cond,1800,60000,Sun Dec 24 12:54:01 PST 2017,https://requester.mturk.com/mturk/manageHIT?HITId=3KQC8JMJGCSVYAA70DJ56N7K0DZH38,3RRCEFRB7MC9CDOJQ1JTJ1RDUL2B4A,5,Submitted,Sat Nov 25 05:55:00 PST 2017,Fri Nov 24 12:55:11 PST 2017,Fri Nov 24 13:15:00 PST 2017,,,,,,[],"""cond3""",undefined,12.069916666666666
5,one_slider,Only two lizard climbed on the book,0.01,cond3,English,2,Female,35,Hope to see more of these.,Yes,I am not sure,3,Windows,768,1366,Chrome,3KQC8JMJGCSVYAA70DJ56N7K0DZH38,3UFCYGUHNP4CXE3VBIPPD007NZATNX,Judging whether a speaker is right or wrong about a scenario,"In this task you will be watching a short video. At the end of the video, a puppet will make a statement and your goal is to say whether the puppett is right or wrong",language research UCI fun cognitive science university explanations,$1.25,Fri Nov 24 12:54:01 PST 2017,9,0,0,0,Reviewable,NotReviewed,1 cond,1800,60000,Sun Dec 24 12:54:01 PST 2017,https://requester.mturk.com/mturk/manageHIT?HITId=3KQC8JMJGCSVYAA70DJ56N7K0DZH38,3RRCEFRB7MC9CDOJQ1JTJ1RDUL2B4A,5,Submitted,Sat Nov 25 05:55:00 PST 2017,Fri Nov 24 12:55:11 PST 2017,Fri Nov 24 13:15:00 PST 2017,,,,,,[],"""cond3""",undefined,12.069916666666666
5,one_slider,Two didn&quotechart like bugs so they did not eat bugs,0.97,cond3,English,2,Female,35,Hope to see more of these.,Yes,I am not sure,3,Windows,768,1366,Chrome,3KQC8JMJGCSVYAA70DJ56N7K0DZH38,3UFCYGUHNP4CXE3VBIPPD007NZATNX,Judging whether a speaker is right or wrong about a scenario,"In this task you will be watching a short video. At the end of the video, a puppet will make a statement and your goal is to say whether the puppett is right or wrong",language research UCI fun cognitive science university explanations,$1.25,Fri Nov 24 12:54:01 PST 2017,9,0,0,0,Reviewable,NotReviewed,1 cond,1800,60000,Sun Dec 24 12:54:01 PST 2017,https://requester.mturk.com/mturk/manageHIT?HITId=3KQC8JMJGCSVYAA70DJ56N7K0DZH38,3RRCEFRB7MC9CDOJQ1JTJ1RDUL2B4A,5,Submitted,Sat Nov 25 05:55:00 PST 2017,Fri Nov 24 12:55:11 PST 2017,Fri Nov 24 13:15:00 PST 2017,,,,,,[],"""cond3""",undefined,12.069916666666666
6,one_slider_practice,"The smurf bought two cars each for two pennies, leaving him with one penny.",0.9,NA,English,2,Male,21,,Yes,How well people are able to follow the details of a story.,2,Windows,768,1366,Chrome,3KQC8JMJGCSVYAA70DJ56N7K0DZH38,3UFCYGUHNP4CXE3VBIPPD007NZATNX,Judging whether a speaker is right or wrong about a scenario,"In this task you will be watching a short video. At the end of the video, a puppet will make a statement and your goal is to say whether the puppett is right or wrong",language research UCI fun cognitive science university explanations,$1.25,Fri Nov 24 12:54:01 PST 2017,9,0,0,0,Reviewable,NotReviewed,1 cond,1800,60000,Sun Dec 24 12:54:01 PST 2017,https://requester.mturk.com/mturk/manageHIT?HITId=3KQC8JMJGCSVYAA70DJ56N7K0DZH38,3ZDAD0O1T1D0616AAYCJG6UXTN7XT1,6,Submitted,Sat Nov 25 05:58:13 PST 2017,Fri Nov 24 13:05:57 PST 2017,Fri Nov 24 13:18:13 PST 2017,,,,,,[],"""cond2""",undefined,7.5765
6,one_slider_practice,The third dog did not because it was too small.,0,NA,English,2,Male,21,,Yes,How well people are able to follow the details of a story.,2,Windows,768,1366,Chrome,3KQC8JMJGCSVYAA70DJ56N7K0DZH38,3UFCYGUHNP4CXE3VBIPPD007NZATNX,Judging whether a speaker is right or wrong about a scenario,"In this task you will be watching a short video. At the end of the video, a puppet will make a statement and your goal is to say whether the puppett is right or wrong",language research UCI fun cognitive science university explanations,$1.25,Fri Nov 24 12:54:01 PST 2017,9,0,0,0,Reviewable,NotReviewed,1 cond,1800,60000,Sun Dec 24 12:54:01 PST 2017,https://requester.mturk.com/mturk/manageHIT?HITId=3KQC8JMJGCSVYAA70DJ56N7K0DZH38,3ZDAD0O1T1D0616AAYCJG6UXTN7XT1,6,Submitted,Sat Nov 25 05:58:13 PST 2017,Fri Nov 24 13:05:57 PST 2017,Fri Nov 24 13:18:13 PST 2017,,,,,,[],"""cond2""",undefined,7.5765
6,one_slider,The two frogs that did not jump were too small to do so.,1,cond3,English,2,Male,21,,Yes,How well people are able to follow the details of a story.,2,Windows,768,1366,Chrome,3KQC8JMJGCSVYAA70DJ56N7K0DZH38,3UFCYGUHNP4CXE3VBIPPD007NZATNX,Judging whether a speaker is right or wrong about a scenario,"In this task you will be watching a short video. At the end of the video, a puppet will make a statement and your goal is to say whether the puppett is right or wrong",language research UCI fun cognitive science university explanations,$1.25,Fri Nov 24 12:54:01 PST 2017,9,0,0,0,Reviewable,NotReviewed,1 cond,1800,60000,Sun Dec 24 12:54:01 PST 2017,https://requester.mturk.com/mturk/manageHIT?HITId=3KQC8JMJGCSVYAA70DJ56N7K0DZH38,3ZDAD0O1T1D0616AAYCJG6UXTN7XT1,6,Submitted,Sat Nov 25 05:58:13 PST 2017,Fri Nov 24 13:05:57 PST 2017,Fri Nov 24 13:18:13 PST 2017,,,,,,[],"""cond2""",undefined,7.5765
6,one_slider,There were only two hippos in the story.,0,cond1,English,2,Male,21,,Yes,How well people are able to follow the details of a story.,2,Windows,768,1366,Chrome,3KQC8JMJGCSVYAA70DJ56N7K0DZH38,3UFCYGUHNP4CXE3VBIPPD007NZATNX,Judging whether a speaker is right or wrong about a scenario,"In this task you will be watching a short video. At the end of the video, a puppet will make a statement and your goal is to say whether the puppett is right or wrong",language research UCI fun cognitive science university explanations,$1.25,Fri Nov 24 12:54:01 PST 2017,9,0,0,0,Reviewable,NotReviewed,1 cond,1800,60000,Sun Dec 24 12:54:01 PST 2017,https://requester.mturk.com/mturk/manageHIT?HITId=3KQC8JMJGCSVYAA70DJ56N7K0DZH38,3ZDAD0O1T1D0616AAYCJG6UXTN7XT1,6,Submitted,Sat Nov 25 05:58:13 PST 2017,Fri Nov 24 13:05:57 PST 2017,Fri Nov 24 13:18:13 PST 2017,,,,,,[],"""cond2""",undefined,7.5765
6,one_slider,One butterfly went to the city because it went to the forest the day before.,0.06,cond1,English,2,Male,21,,Yes,How well people are able to follow the details of a story.,2,Windows,768,1366,Chrome,3KQC8JMJGCSVYAA70DJ56N7K0DZH38,3UFCYGUHNP4CXE3VBIPPD007NZATNX,Judging whether a speaker is right or wrong about a scenario,"In this task you will be watching a short video. At the end of the video, a puppet will make a statement and your goal is to say whether the puppett is right or wrong",language research UCI fun cognitive science university explanations,$1.25,Fri Nov 24 12:54:01 PST 2017,9,0,0,0,Reviewable,NotReviewed,1 cond,1800,60000,Sun Dec 24 12:54:01 PST 2017,https://requester.mturk.com/mturk/manageHIT?HITId=3KQC8JMJGCSVYAA70DJ56N7K0DZH38,3ZDAD0O1T1D0616AAYCJG6UXTN7XT1,6,Submitted,Sat Nov 25 05:58:13 PST 2017,Fri Nov 24 13:05:57 PST 2017,Fri Nov 24 13:18:13 PST 2017,,,,,,[],"""cond2""",undefined,7.5765
6,one_slider,Only one dog did not roll their ball because it did not want the ball to fall off of the table.,0,cond3,English,2,Male,21,,Yes,How well people are able to follow the details of a story.,2,Windows,768,1366,Chrome,3KQC8JMJGCSVYAA70DJ56N7K0DZH38,3UFCYGUHNP4CXE3VBIPPD007NZATNX,Judging whether a speaker is right or wrong about a scenario,"In this task you will be watching a short video. At the end of the video, a puppet will make a statement and your goal is to say whether the puppett is right or wrong",language research UCI fun cognitive science university explanations,$1.25,Fri Nov 24 12:54:01 PST 2017,9,0,0,0,Reviewable,NotReviewed,1 cond,1800,60000,Sun Dec 24 12:54:01 PST 2017,https://requester.mturk.com/mturk/manageHIT?HITId=3KQC8JMJGCSVYAA70DJ56N7K0DZH38,3ZDAD0O1T1D0616AAYCJG6UXTN7XT1,6,Submitted,Sat Nov 25 05:58:13 PST 2017,Fri Nov 24 13:05:57 PST 2017,Fri Nov 24 13:18:13 PST 2017,,,,,,[],"""cond2""",undefined,7.5765
6,one_slider,"While two lions did not buy a cookie, all of the lions bought an egg, so the statement is partially false.",0.44,cond4,English,2,Male,21,,Yes,How well people are able to follow the details of a story.,2,Windows,768,1366,Chrome,3KQC8JMJGCSVYAA70DJ56N7K0DZH38,3UFCYGUHNP4CXE3VBIPPD007NZATNX,Judging whether a speaker is right or wrong about a scenario,"In this task you will be watching a short video. At the end of the video, a puppet will make a statement and your goal is to say whether the puppett is right or wrong",language research UCI fun cognitive science university explanations,$1.25,Fri Nov 24 12:54:01 PST 2017,9,0,0,0,Reviewable,NotReviewed,1 cond,1800,60000,Sun Dec 24 12:54:01 PST 2017,https://requester.mturk.com/mturk/manageHIT?HITId=3KQC8JMJGCSVYAA70DJ56N7K0DZH38,3ZDAD0O1T1D0616AAYCJG6UXTN7XT1,6,Submitted,Sat Nov 25 05:58:13 PST 2017,Fri Nov 24 13:05:57 PST 2017,Fri Nov 24 13:18:13 PST 2017,,,,,,[],"""cond2""",undefined,7.5765
6,one_slider,Only two did because the other two decided the book was too high.,0,cond2,English,2,Male,21,,Yes,How well people are able to follow the details of a story.,2,Windows,768,1366,Chrome,3KQC8JMJGCSVYAA70DJ56N7K0DZH38,3UFCYGUHNP4CXE3VBIPPD007NZATNX,Judging whether a speaker is right or wrong about a scenario,"In this task you will be watching a short video. At the end of the video, a puppet will make a statement and your goal is to say whether the puppett is right or wrong",language research UCI fun cognitive science university explanations,$1.25,Fri Nov 24 12:54:01 PST 2017,9,0,0,0,Reviewable,NotReviewed,1 cond,1800,60000,Sun Dec 24 12:54:01 PST 2017,https://requester.mturk.com/mturk/manageHIT?HITId=3KQC8JMJGCSVYAA70DJ56N7K0DZH38,3ZDAD0O1T1D0616AAYCJG6UXTN7XT1,6,Submitted,Sat Nov 25 05:58:13 PST 2017,Fri Nov 24 13:05:57 PST 2017,Fri Nov 24 13:18:13 PST 2017,,,,,,[],"""cond2""",undefined,7.5765
6,one_slider,One dinosaur did eat a fish because he was still hungry after eating the bug.,0.22,cond2,English,2,Male,21,,Yes,How well people are able to follow the details of a story.,2,Windows,768,1366,Chrome,3KQC8JMJGCSVYAA70DJ56N7K0DZH38,3UFCYGUHNP4CXE3VBIPPD007NZATNX,Judging whether a speaker is right or wrong about a scenario,"In this task you will be watching a short video. At the end of the video, a puppet will make a statement and your goal is to say whether the puppett is right or wrong",language research UCI fun cognitive science university explanations,$1.25,Fri Nov 24 12:54:01 PST 2017,9,0,0,0,Reviewable,NotReviewed,1 cond,1800,60000,Sun Dec 24 12:54:01 PST 2017,https://requester.mturk.com/mturk/manageHIT?HITId=3KQC8JMJGCSVYAA70DJ56N7K0DZH38,3ZDAD0O1T1D0616AAYCJG6UXTN7XT1,6,Submitted,Sat Nov 25 05:58:13 PST 2017,Fri Nov 24 13:05:57 PST 2017,Fri Nov 24 13:18:13 PST 2017,,,,,,[],"""cond2""",undefined,7.5765
7,one_slider_practice,he was left with one penny,0.96,NA,English,2,Male,30,none,Yes,short stories,3,Windows,768,1366,Chrome,3KQC8JMJGCSVYAA70DJ56N7K0DZH38,3UFCYGUHNP4CXE3VBIPPD007NZATNX,Judging whether a speaker is right or wrong about a scenario,"In this task you will be watching a short video. At the end of the video, a puppet will make a statement and your goal is to say whether the puppett is right or wrong",language research UCI fun cognitive science university explanations,$1.25,Fri Nov 24 12:54:01 PST 2017,9,0,0,0,Reviewable,NotReviewed,1 cond,1800,60000,Sun Dec 24 12:54:01 PST 2017,https://requester.mturk.com/mturk/manageHIT?HITId=3KQC8JMJGCSVYAA70DJ56N7K0DZH38,31JLPPHS2UU8DBUOUSJWFGZ6NKQ3OM,7,Submitted,Sat Nov 25 06:03:02 PST 2017,Fri Nov 24 13:06:35 PST 2017,Fri Nov 24 13:23:02 PST 2017,,,,,,[],"""cond2""",undefined,16.223583333333334
7,one_slider_practice,the small one was not able,0,NA,English,2,Male,30,none,Yes,short stories,3,Windows,768,1366,Chrome,3KQC8JMJGCSVYAA70DJ56N7K0DZH38,3UFCYGUHNP4CXE3VBIPPD007NZATNX,Judging whether a speaker is right or wrong about a scenario,"In this task you will be watching a short video. At the end of the video, a puppet will make a statement and your goal is to say whether the puppett is right or wrong",language research UCI fun cognitive science university explanations,$1.25,Fri Nov 24 12:54:01 PST 2017,9,0,0,0,Reviewable,NotReviewed,1 cond,1800,60000,Sun Dec 24 12:54:01 PST 2017,https://requester.mturk.com/mturk/manageHIT?HITId=3KQC8JMJGCSVYAA70DJ56N7K0DZH38,31JLPPHS2UU8DBUOUSJWFGZ6NKQ3OM,7,Submitted,Sat Nov 25 06:03:02 PST 2017,Fri Nov 24 13:06:35 PST 2017,Fri Nov 24 13:23:02 PST 2017,,,,,,[],"""cond2""",undefined,16.223583333333334
7,one_slider,the small one was unable,0,cond2,English,2,Male,30,none,Yes,short stories,3,Windows,768,1366,Chrome,3KQC8JMJGCSVYAA70DJ56N7K0DZH38,3UFCYGUHNP4CXE3VBIPPD007NZATNX,Judging whether a speaker is right or wrong about a scenario,"In this task you will be watching a short video. At the end of the video, a puppet will make a statement and your goal is to say whether the puppett is right or wrong",language research UCI fun cognitive science university explanations,$1.25,Fri Nov 24 12:54:01 PST 2017,9,0,0,0,Reviewable,NotReviewed,1 cond,1800,60000,Sun Dec 24 12:54:01 PST 2017,https://requester.mturk.com/mturk/manageHIT?HITId=3KQC8JMJGCSVYAA70DJ56N7K0DZH38,31JLPPHS2UU8DBUOUSJWFGZ6NKQ3OM,7,Submitted,Sat Nov 25 06:03:02 PST 2017,Fri Nov 24 13:06:35 PST 2017,Fri Nov 24 13:23:02 PST 2017,,,,,,[],"""cond2""",undefined,16.223583333333334
7,one_slider,all the hippos drunk milk,0.03,cond2,English,2,Male,30,none,Yes,short stories,3,Windows,768,1366,Chrome,3KQC8JMJGCSVYAA70DJ56N7K0DZH38,3UFCYGUHNP4CXE3VBIPPD007NZATNX,Judging whether a speaker is right or wrong about a scenario,"In this task you will be watching a short video. At the end of the video, a puppet will make a statement and your goal is to say whether the puppett is right or wrong",language research UCI fun cognitive science university explanations,$1.25,Fri Nov 24 12:54:01 PST 2017,9,0,0,0,Reviewable,NotReviewed,1 cond,1800,60000,Sun Dec 24 12:54:01 PST 2017,https://requester.mturk.com/mturk/manageHIT?HITId=3KQC8JMJGCSVYAA70DJ56N7K0DZH38,31JLPPHS2UU8DBUOUSJWFGZ6NKQ3OM,7,Submitted,Sat Nov 25 06:03:02 PST 2017,Fri Nov 24 13:06:35 PST 2017,Fri Nov 24 13:23:02 PST 2017,,,,,,[],"""cond2""",undefined,16.223583333333334
7,one_slider,one butterfly went to the city,0.02,cond1,English,2,Male,30,none,Yes,short stories,3,Windows,768,1366,Chrome,3KQC8JMJGCSVYAA70DJ56N7K0DZH38,3UFCYGUHNP4CXE3VBIPPD007NZATNX,Judging whether a speaker is right or wrong about a scenario,"In this task you will be watching a short video. At the end of the video, a puppet will make a statement and your goal is to say whether the puppett is right or wrong",language research UCI fun cognitive science university explanations,$1.25,Fri Nov 24 12:54:01 PST 2017,9,0,0,0,Reviewable,NotReviewed,1 cond,1800,60000,Sun Dec 24 12:54:01 PST 2017,https://requester.mturk.com/mturk/manageHIT?HITId=3KQC8JMJGCSVYAA70DJ56N7K0DZH38,31JLPPHS2UU8DBUOUSJWFGZ6NKQ3OM,7,Submitted,Sat Nov 25 06:03:02 PST 2017,Fri Nov 24 13:06:35 PST 2017,Fri Nov 24 13:23:02 PST 2017,,,,,,[],"""cond2""",undefined,16.223583333333334
7,one_slider,the first dog was not afraid of the ball rolling off the table so it rolled its ball ,0.03,cond3,English,2,Male,30,none,Yes,short stories,3,Windows,768,1366,Chrome,3KQC8JMJGCSVYAA70DJ56N7K0DZH38,3UFCYGUHNP4CXE3VBIPPD007NZATNX,Judging whether a speaker is right or wrong about a scenario,"In this task you will be watching a short video. At the end of the video, a puppet will make a statement and your goal is to say whether the puppett is right or wrong",language research UCI fun cognitive science university explanations,$1.25,Fri Nov 24 12:54:01 PST 2017,9,0,0,0,Reviewable,NotReviewed,1 cond,1800,60000,Sun Dec 24 12:54:01 PST 2017,https://requester.mturk.com/mturk/manageHIT?HITId=3KQC8JMJGCSVYAA70DJ56N7K0DZH38,31JLPPHS2UU8DBUOUSJWFGZ6NKQ3OM,7,Submitted,Sat Nov 25 06:03:02 PST 2017,Fri Nov 24 13:06:35 PST 2017,Fri Nov 24 13:23:02 PST 2017,,,,,,[],"""cond2""",undefined,16.223583333333334
7,one_slider,they did not like them,0.97,cond3,English,2,Male,30,none,Yes,short stories,3,Windows,768,1366,Chrome,3KQC8JMJGCSVYAA70DJ56N7K0DZH38,3UFCYGUHNP4CXE3VBIPPD007NZATNX,Judging whether a speaker is right or wrong about a scenario,"In this task you will be watching a short video. At the end of the video, a puppet will make a statement and your goal is to say whether the puppett is right or wrong",language research UCI fun cognitive science university explanations,$1.25,Fri Nov 24 12:54:01 PST 2017,9,0,0,0,Reviewable,NotReviewed,1 cond,1800,60000,Sun Dec 24 12:54:01 PST 2017,https://requester.mturk.com/mturk/manageHIT?HITId=3KQC8JMJGCSVYAA70DJ56N7K0DZH38,31JLPPHS2UU8DBUOUSJWFGZ6NKQ3OM,7,Submitted,Sat Nov 25 06:03:02 PST 2017,Fri Nov 24 13:06:35 PST 2017,Fri Nov 24 13:23:02 PST 2017,,,,,,[],"""cond2""",undefined,16.223583333333334
7,one_slider,the book was too high for two lizards,0.02,cond3,English,2,Male,30,none,Yes,short stories,3,Windows,768,1366,Chrome,3KQC8JMJGCSVYAA70DJ56N7K0DZH38,3UFCYGUHNP4CXE3VBIPPD007NZATNX,Judging whether a speaker is right or wrong about a scenario,"In this task you will be watching a short video. At the end of the video, a puppet will make a statement and your goal is to say whether the puppett is right or wrong",language research UCI fun cognitive science university explanations,$1.25,Fri Nov 24 12:54:01 PST 2017,9,0,0,0,Reviewable,NotReviewed,1 cond,1800,60000,Sun Dec 24 12:54:01 PST 2017,https://requester.mturk.com/mturk/manageHIT?HITId=3KQC8JMJGCSVYAA70DJ56N7K0DZH38,31JLPPHS2UU8DBUOUSJWFGZ6NKQ3OM,7,Submitted,Sat Nov 25 06:03:02 PST 2017,Fri Nov 24 13:06:35 PST 2017,Fri Nov 24 13:23:02 PST 2017,,,,,,[],"""cond2""",undefined,16.223583333333334
7,one_slider,they were too full,0.99,cond2,English,2,Male,30,none,Yes,short stories,3,Windows,768,1366,Chrome,3KQC8JMJGCSVYAA70DJ56N7K0DZH38,3UFCYGUHNP4CXE3VBIPPD007NZATNX,Judging whether a speaker is right or wrong about a scenario,"In this task you will be watching a short video. At the end of the video, a puppet will make a statement and your goal is to say whether the puppett is right or wrong",language research UCI fun cognitive science university explanations,$1.25,Fri Nov 24 12:54:01 PST 2017,9,0,0,0,Reviewable,NotReviewed,1 cond,1800,60000,Sun Dec 24 12:54:01 PST 2017,https://requester.mturk.com/mturk/manageHIT?HITId=3KQC8JMJGCSVYAA70DJ56N7K0DZH38,31JLPPHS2UU8DBUOUSJWFGZ6NKQ3OM,7,Submitted,Sat Nov 25 06:03:02 PST 2017,Fri Nov 24 13:06:35 PST 2017,Fri Nov 24 13:23:02 PST 2017,,,,,,[],"""cond2""",undefined,16.223583333333334
8,one_slider_practice,the smurf bought two cars and one penny left,0.99,NA,english,2,Female,36,thanks,Yes,understanding of words. I dont know,2,Windows,768,1024,Chrome,3KQC8JMJGCSVYAA70DJ56N7K0DZH38,3UFCYGUHNP4CXE3VBIPPD007NZATNX,Judging whether a speaker is right or wrong about a scenario,"In this task you will be watching a short video. At the end of the video, a puppet will make a statement and your goal is to say whether the puppett is right or wrong",language research UCI fun cognitive science university explanations,$1.25,Fri Nov 24 12:54:01 PST 2017,9,0,0,0,Reviewable,NotReviewed,1 cond,1800,60000,Sun Dec 24 12:54:01 PST 2017,https://requester.mturk.com/mturk/manageHIT?HITId=3KQC8JMJGCSVYAA70DJ56N7K0DZH38,3TE22NPXPBCPRE3ABM96BNL7KTL44X,8,Submitted,Sat Nov 25 06:15:00 PST 2017,Fri Nov 24 13:24:59 PST 2017,Fri Nov 24 13:35:00 PST 2017,,,,,,[],"""cond1""",undefined,9.971133333333333
8,one_slider_practice,the last dog did not jump on the table because he was too small,0.02,NA,english,2,Female,36,thanks,Yes,understanding of words. I dont know,2,Windows,768,1024,Chrome,3KQC8JMJGCSVYAA70DJ56N7K0DZH38,3UFCYGUHNP4CXE3VBIPPD007NZATNX,Judging whether a speaker is right or wrong about a scenario,"In this task you will be watching a short video. At the end of the video, a puppet will make a statement and your goal is to say whether the puppett is right or wrong",language research UCI fun cognitive science university explanations,$1.25,Fri Nov 24 12:54:01 PST 2017,9,0,0,0,Reviewable,NotReviewed,1 cond,1800,60000,Sun Dec 24 12:54:01 PST 2017,https://requester.mturk.com/mturk/manageHIT?HITId=3KQC8JMJGCSVYAA70DJ56N7K0DZH38,3TE22NPXPBCPRE3ABM96BNL7KTL44X,8,Submitted,Sat Nov 25 06:15:00 PST 2017,Fri Nov 24 13:24:59 PST 2017,Fri Nov 24 13:35:00 PST 2017,,,,,,[],"""cond1""",undefined,9.971133333333333
8,one_slider,only one frog jumped over the fence,0.01,cond2,english,2,Female,36,thanks,Yes,understanding of words. I dont know,2,Windows,768,1024,Chrome,3KQC8JMJGCSVYAA70DJ56N7K0DZH38,3UFCYGUHNP4CXE3VBIPPD007NZATNX,Judging whether a speaker is right or wrong about a scenario,"In this task you will be watching a short video. At the end of the video, a puppet will make a statement and your goal is to say whether the puppett is right or wrong",language research UCI fun cognitive science university explanations,$1.25,Fri Nov 24 12:54:01 PST 2017,9,0,0,0,Reviewable,NotReviewed,1 cond,1800,60000,Sun Dec 24 12:54:01 PST 2017,https://requester.mturk.com/mturk/manageHIT?HITId=3KQC8JMJGCSVYAA70DJ56N7K0DZH38,3TE22NPXPBCPRE3ABM96BNL7KTL44X,8,Submitted,Sat Nov 25 06:15:00 PST 2017,Fri Nov 24 13:24:59 PST 2017,Fri Nov 24 13:35:00 PST 2017,,,,,,[],"""cond1""",undefined,9.971133333333333
8,one_slider,there are only two hippos,0.02,cond1,english,2,Female,36,thanks,Yes,understanding of words. I dont know,2,Windows,768,1024,Chrome,3KQC8JMJGCSVYAA70DJ56N7K0DZH38,3UFCYGUHNP4CXE3VBIPPD007NZATNX,Judging whether a speaker is right or wrong about a scenario,"In this task you will be watching a short video. At the end of the video, a puppet will make a statement and your goal is to say whether the puppett is right or wrong",language research UCI fun cognitive science university explanations,$1.25,Fri Nov 24 12:54:01 PST 2017,9,0,0,0,Reviewable,NotReviewed,1 cond,1800,60000,Sun Dec 24 12:54:01 PST 2017,https://requester.mturk.com/mturk/manageHIT?HITId=3KQC8JMJGCSVYAA70DJ56N7K0DZH38,3TE22NPXPBCPRE3ABM96BNL7KTL44X,8,Submitted,Sat Nov 25 06:15:00 PST 2017,Fri Nov 24 13:24:59 PST 2017,Fri Nov 24 13:35:00 PST 2017,,,,,,[],"""cond1""",undefined,9.971133333333333
8,one_slider,"one butterfly went to the city
",0.01,cond1,english,2,Female,36,thanks,Yes,understanding of words. I dont know,2,Windows,768,1024,Chrome,3KQC8JMJGCSVYAA70DJ56N7K0DZH38,3UFCYGUHNP4CXE3VBIPPD007NZATNX,Judging whether a speaker is right or wrong about a scenario,"In this task you will be watching a short video. At the end of the video, a puppet will make a statement and your goal is to say whether the puppett is right or wrong",language research UCI fun cognitive science university explanations,$1.25,Fri Nov 24 12:54:01 PST 2017,9,0,0,0,Reviewable,NotReviewed,1 cond,1800,60000,Sun Dec 24 12:54:01 PST 2017,https://requester.mturk.com/mturk/manageHIT?HITId=3KQC8JMJGCSVYAA70DJ56N7K0DZH38,3TE22NPXPBCPRE3ABM96BNL7KTL44X,8,Submitted,Sat Nov 25 06:15:00 PST 2017,Fri Nov 24 13:24:59 PST 2017,Fri Nov 24 13:35:00 PST 2017,,,,,,[],"""cond1""",undefined,9.971133333333333
8,one_slider,the first dog rolled his ball,0,cond4,english,2,Female,36,thanks,Yes,understanding of words. I dont know,2,Windows,768,1024,Chrome,3KQC8JMJGCSVYAA70DJ56N7K0DZH38,3UFCYGUHNP4CXE3VBIPPD007NZATNX,Judging whether a speaker is right or wrong about a scenario,"In this task you will be watching a short video. At the end of the video, a puppet will make a statement and your goal is to say whether the puppett is right or wrong",language research UCI fun cognitive science university explanations,$1.25,Fri Nov 24 12:54:01 PST 2017,9,0,0,0,Reviewable,NotReviewed,1 cond,1800,60000,Sun Dec 24 12:54:01 PST 2017,https://requester.mturk.com/mturk/manageHIT?HITId=3KQC8JMJGCSVYAA70DJ56N7K0DZH38,3TE22NPXPBCPRE3ABM96BNL7KTL44X,8,Submitted,Sat Nov 25 06:15:00 PST 2017,Fri Nov 24 13:24:59 PST 2017,Fri Nov 24 13:35:00 PST 2017,,,,,,[],"""cond1""",undefined,9.971133333333333
8,one_slider,no lions bought eggs,0.02,cond4,english,2,Female,36,thanks,Yes,understanding of words. I dont know,2,Windows,768,1024,Chrome,3KQC8JMJGCSVYAA70DJ56N7K0DZH38,3UFCYGUHNP4CXE3VBIPPD007NZATNX,Judging whether a speaker is right or wrong about a scenario,"In this task you will be watching a short video. At the end of the video, a puppet will make a statement and your goal is to say whether the puppett is right or wrong",language research UCI fun cognitive science university explanations,$1.25,Fri Nov 24 12:54:01 PST 2017,9,0,0,0,Reviewable,NotReviewed,1 cond,1800,60000,Sun Dec 24 12:54:01 PST 2017,https://requester.mturk.com/mturk/manageHIT?HITId=3KQC8JMJGCSVYAA70DJ56N7K0DZH38,3TE22NPXPBCPRE3ABM96BNL7KTL44X,8,Submitted,Sat Nov 25 06:15:00 PST 2017,Fri Nov 24 13:24:59 PST 2017,Fri Nov 24 13:35:00 PST 2017,,,,,,[],"""cond1""",undefined,9.971133333333333
8,one_slider,two lizards thought the book was too high to jump on,0,cond4,english,2,Female,36,thanks,Yes,understanding of words. I dont know,2,Windows,768,1024,Chrome,3KQC8JMJGCSVYAA70DJ56N7K0DZH38,3UFCYGUHNP4CXE3VBIPPD007NZATNX,Judging whether a speaker is right or wrong about a scenario,"In this task you will be watching a short video. At the end of the video, a puppet will make a statement and your goal is to say whether the puppett is right or wrong",language research UCI fun cognitive science university explanations,$1.25,Fri Nov 24 12:54:01 PST 2017,9,0,0,0,Reviewable,NotReviewed,1 cond,1800,60000,Sun Dec 24 12:54:01 PST 2017,https://requester.mturk.com/mturk/manageHIT?HITId=3KQC8JMJGCSVYAA70DJ56N7K0DZH38,3TE22NPXPBCPRE3ABM96BNL7KTL44X,8,Submitted,Sat Nov 25 06:15:00 PST 2017,Fri Nov 24 13:24:59 PST 2017,Fri Nov 24 13:35:00 PST 2017,,,,,,[],"""cond1""",undefined,9.971133333333333
8,one_slider,one dinosaur ate the bug,0.03,cond1,english,2,Female,36,thanks,Yes,understanding of words. I dont know,2,Windows,768,1024,Chrome,3KQC8JMJGCSVYAA70DJ56N7K0DZH38,3UFCYGUHNP4CXE3VBIPPD007NZATNX,Judging whether a speaker is right or wrong about a scenario,"In this task you will be watching a short video. At the end of the video, a puppet will make a statement and your goal is to say whether the puppett is right or wrong",language research UCI fun cognitive science university explanations,$1.25,Fri Nov 24 12:54:01 PST 2017,9,0,0,0,Reviewable,NotReviewed,1 cond,1800,60000,Sun Dec 24 12:54:01 PST 2017,https://requester.mturk.com/mturk/manageHIT?HITId=3KQC8JMJGCSVYAA70DJ56N7K0DZH38,3TE22NPXPBCPRE3ABM96BNL7KTL44X,8,Submitted,Sat Nov 25 06:15:00 PST 2017,Fri Nov 24 13:24:59 PST 2017,Fri Nov 24 13:35:00 PST 2017,,,,,,[],"""cond1""",undefined,9.971133333333333
