workerid,hitid,hittypeid,title,description,keywords,reward,creationtime,assignments,numavailable,numpending,numcomplete,hitstatus,reviewstatus,annotation,assignmentduration,autoapprovaldelay,hitlifetime,viewhit,assignmentid,workerid,assignmentstatus,autoapprovaltime,assignmentaccepttime,assignmentsubmittime,assignmentapprovaltime,assignmentrejecttime,deadline,feedback,reject,Answer.catch_trials,Answer.condition,Answer.justification,Answer.time_in_minutes
0,3KQC8JMJGCSVYAA70DJ56N7K0DZH38,3UFCYGUHNP4CXE3VBIPPD007NZATNX,Judging whether a speaker is right or wrong about a scenario,"In this task you will be watching a short video. At the end of the video, a puppet will make a statement and your goal is to say whether the puppett is right or wrong",language research UCI fun cognitive science university explanations,$1.25,Fri Nov 24 12:54:01 PST 2017,9,0,0,0,Reviewable,NotReviewed,1 cond,1800,60000,Sun Dec 24 12:54:01 PST 2017,https://requester.mturk.com/mturk/manageHIT?HITId=3KQC8JMJGCSVYAA70DJ56N7K0DZH38,3II4UPYCOJ79GF912UHCHUGITYWDQ1,0,Submitted,Sat Nov 25 05:44:36 PST 2017,Fri Nov 24 12:55:09 PST 2017,Fri Nov 24 13:04:36 PST 2017,,,,,,[],"""cond4""",undefined,9.392083333333334
1,3KQC8JMJGCSVYAA70DJ56N7K0DZH38,3UFCYGUHNP4CXE3VBIPPD007NZATNX,Judging whether a speaker is right or wrong about a scenario,"In this task you will be watching a short video. At the end of the video, a puppet will make a statement and your goal is to say whether the puppett is right or wrong",language research UCI fun cognitive science university explanations,$1.25,Fri Nov 24 12:54:01 PST 2017,9,0,0,0,Reviewable,NotReviewed,1 cond,1800,60000,Sun Dec 24 12:54:01 PST 2017,https://requester.mturk.com/mturk/manageHIT?HITId=3KQC8JMJGCSVYAA70DJ56N7K0DZH38,3SUWZRL0MYDLY34HJGEYH7HCT9L6EQ,1,Submitted,Sat Nov 25 05:45:09 PST 2017,Fri Nov 24 12:55:07 PST 2017,Fri Nov 24 13:05:09 PST 2017,,,,,,[],"""cond4""",undefined,9.497316666666666
2,3KQC8JMJGCSVYAA70DJ56N7K0DZH38,3UFCYGUHNP4CXE3VBIPPD007NZATNX,Judging whether a speaker is right or wrong about a scenario,"In this task you will be watching a short video. At the end of the video, a puppet will make a statement and your goal is to say whether the puppett is right or wrong",language research UCI fun cognitive science university explanations,$1.25,Fri Nov 24 12:54:01 PST 2017,9,0,0,0,Reviewable,NotReviewed,1 cond,1800,60000,Sun Dec 24 12:54:01 PST 2017,https://requester.mturk.com/mturk/manageHIT?HITId=3KQC8JMJGCSVYAA70DJ56N7K0DZH38,3E13VNJ1NNV27M569TS87QONDRC1IW,2,Submitted,Sat Nov 25 05:45:57 PST 2017,Fri Nov 24 12:54:36 PST 2017,Fri Nov 24 13:05:57 PST 2017,,,,,,[],"""cond3""",undefined,11.285383333333334
3,3KQC8JMJGCSVYAA70DJ56N7K0DZH38,3UFCYGUHNP4CXE3VBIPPD007NZATNX,Judging whether a speaker is right or wrong about a scenario,"In this task you will be watching a short video. At the end of the video, a puppet will make a statement and your goal is to say whether the puppett is right or wrong",language research UCI fun cognitive science university explanations,$1.25,Fri Nov 24 12:54:01 PST 2017,9,0,0,0,Reviewable,NotReviewed,1 cond,1800,60000,Sun Dec 24 12:54:01 PST 2017,https://requester.mturk.com/mturk/manageHIT?HITId=3KQC8JMJGCSVYAA70DJ56N7K0DZH38,32VNZTT0A74WSK58MY5JJGWHC74R42,3,Submitted,Sat Nov 25 05:48:43 PST 2017,Fri Nov 24 12:54:40 PST 2017,Fri Nov 24 13:08:43 PST 2017,,,,,,[],"""cond1""",undefined,8.125766666666667
4,3KQC8JMJGCSVYAA70DJ56N7K0DZH38,3UFCYGUHNP4CXE3VBIPPD007NZATNX,Judging whether a speaker is right or wrong about a scenario,"In this task you will be watching a short video. At the end of the video, a puppet will make a statement and your goal is to say whether the puppett is right or wrong",language research UCI fun cognitive science university explanations,$1.25,Fri Nov 24 12:54:01 PST 2017,9,0,0,0,Reviewable,NotReviewed,1 cond,1800,60000,Sun Dec 24 12:54:01 PST 2017,https://requester.mturk.com/mturk/manageHIT?HITId=3KQC8JMJGCSVYAA70DJ56N7K0DZH38,3U4J9857OEB6V062SZH0MDBNLNSB7U,4,Submitted,Sat Nov 25 05:52:38 PST 2017,Fri Nov 24 12:55:45 PST 2017,Fri Nov 24 13:12:38 PST 2017,,,,,,[],"""cond1""",undefined,8.995633333333334
5,3KQC8JMJGCSVYAA70DJ56N7K0DZH38,3UFCYGUHNP4CXE3VBIPPD007NZATNX,Judging whether a speaker is right or wrong about a scenario,"In this task you will be watching a short video. At the end of the video, a puppet will make a statement and your goal is to say whether the puppett is right or wrong",language research UCI fun cognitive science university explanations,$1.25,Fri Nov 24 12:54:01 PST 2017,9,0,0,0,Reviewable,NotReviewed,1 cond,1800,60000,Sun Dec 24 12:54:01 PST 2017,https://requester.mturk.com/mturk/manageHIT?HITId=3KQC8JMJGCSVYAA70DJ56N7K0DZH38,3RRCEFRB7MC9CDOJQ1JTJ1RDUL2B4A,5,Submitted,Sat Nov 25 05:55:00 PST 2017,Fri Nov 24 12:55:11 PST 2017,Fri Nov 24 13:15:00 PST 2017,,,,,,[],"""cond3""",undefined,12.069916666666666
6,3KQC8JMJGCSVYAA70DJ56N7K0DZH38,3UFCYGUHNP4CXE3VBIPPD007NZATNX,Judging whether a speaker is right or wrong about a scenario,"In this task you will be watching a short video. At the end of the video, a puppet will make a statement and your goal is to say whether the puppett is right or wrong",language research UCI fun cognitive science university explanations,$1.25,Fri Nov 24 12:54:01 PST 2017,9,0,0,0,Reviewable,NotReviewed,1 cond,1800,60000,Sun Dec 24 12:54:01 PST 2017,https://requester.mturk.com/mturk/manageHIT?HITId=3KQC8JMJGCSVYAA70DJ56N7K0DZH38,3ZDAD0O1T1D0616AAYCJG6UXTN7XT1,6,Submitted,Sat Nov 25 05:58:13 PST 2017,Fri Nov 24 13:05:57 PST 2017,Fri Nov 24 13:18:13 PST 2017,,,,,,[],"""cond2""",undefined,7.5765
7,3KQC8JMJGCSVYAA70DJ56N7K0DZH38,3UFCYGUHNP4CXE3VBIPPD007NZATNX,Judging whether a speaker is right or wrong about a scenario,"In this task you will be watching a short video. At the end of the video, a puppet will make a statement and your goal is to say whether the puppett is right or wrong",language research UCI fun cognitive science university explanations,$1.25,Fri Nov 24 12:54:01 PST 2017,9,0,0,0,Reviewable,NotReviewed,1 cond,1800,60000,Sun Dec 24 12:54:01 PST 2017,https://requester.mturk.com/mturk/manageHIT?HITId=3KQC8JMJGCSVYAA70DJ56N7K0DZH38,31JLPPHS2UU8DBUOUSJWFGZ6NKQ3OM,7,Submitted,Sat Nov 25 06:03:02 PST 2017,Fri Nov 24 13:06:35 PST 2017,Fri Nov 24 13:23:02 PST 2017,,,,,,[],"""cond2""",undefined,16.223583333333334
8,3KQC8JMJGCSVYAA70DJ56N7K0DZH38,3UFCYGUHNP4CXE3VBIPPD007NZATNX,Judging whether a speaker is right or wrong about a scenario,"In this task you will be watching a short video. At the end of the video, a puppet will make a statement and your goal is to say whether the puppett is right or wrong",language research UCI fun cognitive science university explanations,$1.25,Fri Nov 24 12:54:01 PST 2017,9,0,0,0,Reviewable,NotReviewed,1 cond,1800,60000,Sun Dec 24 12:54:01 PST 2017,https://requester.mturk.com/mturk/manageHIT?HITId=3KQC8JMJGCSVYAA70DJ56N7K0DZH38,3TE22NPXPBCPRE3ABM96BNL7KTL44X,8,Submitted,Sat Nov 25 06:15:00 PST 2017,Fri Nov 24 13:24:59 PST 2017,Fri Nov 24 13:35:00 PST 2017,,,,,,[],"""cond1""",undefined,9.971133333333333
