workerid,language,enjoyment,gender,age,comments,asses,selfreport,education
0,English,2,Female,51,"No comments, thank you.",Yes,To see how well we could explain something.,2
1,English,1,Male,31,,Yes,I&quotecharm honestly not sure.,3
2,English,2,Female,57,I have none. ,Yes,To see how we interpreted the question asked by the puppet. ,3
3,English,2,Female,41,,Yes,"Not sure, reasoning skills?",4
4,English,2,Male,34,,Yes,Paying attention,2
5,English,2,Female,35,Hope to see more of these.,Yes,I am not sure,3
6,English,2,Male,21,,Yes,How well people are able to follow the details of a story.,2
7,English,2,Male,30,none,Yes,short stories,3
8,english,2,Female,36,thanks,Yes,understanding of words. I dont know,2
