workerid,trial_type,justification,response,condition,language,enjoyment,gender,age,comments,asses,selfreport,education,OS,screenH,screenW,Browser,hitid,hittypeid,title,description,keywords,reward,creationtime,assignments,numavailable,numpending,numcomplete,hitstatus,reviewstatus,annotation,assignmentduration,autoapprovaldelay,hitlifetime,viewhit,assignmentid,workerid,assignmentstatus,autoapprovaltime,assignmentaccepttime,assignmentsubmittime,assignmentapprovaltime,assignmentrejecttime,deadline,feedback,reject,Answer.catch_trials,Answer.condition,Answer.justification,Answer.time_in_minutes
0,one_slider_practice,he bought 2 of them,0.91,NA,English,2,Female,29,no,Yes,how you discern things,3,Windows,900,1600,Chrome,3T2EL38U0MKKR1GO3SDNMHOPYVWQXD,3UFCYGUHNP4CXE3VBIPPD007NZATNX,Judging whether a speaker is right or wrong about a scenario,"In this task you will be watching a short video. At the end of the video, a puppet will make a statement and your goal is to say whether the puppett is right or wrong",language research UCI fun cognitive science university explanations,$1.25,Fri Nov 24 12:52:52 PST 2017,9,0,0,0,Reviewable,NotReviewed,1 cond,1800,60000,Sun Dec 24 12:52:52 PST 2017,https://requester.mturk.com/mturk/manageHIT?HITId=3T2EL38U0MKKR1GO3SDNMHOPYVWQXD,31Z0PCVWUKF6RM0JSL8LM7H9RUS7TG,0,Submitted,Sat Nov 25 05:39:55 PST 2017,Fri Nov 24 12:53:04 PST 2017,Fri Nov 24 12:59:55 PST 2017,,,,,,[],"""cond1""",undefined,6.04005
0,one_slider_practice,the 3rd dog was too small to jump,0,NA,English,2,Female,29,no,Yes,how you discern things,3,Windows,900,1600,Chrome,3T2EL38U0MKKR1GO3SDNMHOPYVWQXD,3UFCYGUHNP4CXE3VBIPPD007NZATNX,Judging whether a speaker is right or wrong about a scenario,"In this task you will be watching a short video. At the end of the video, a puppet will make a statement and your goal is to say whether the puppett is right or wrong",language research UCI fun cognitive science university explanations,$1.25,Fri Nov 24 12:52:52 PST 2017,9,0,0,0,Reviewable,NotReviewed,1 cond,1800,60000,Sun Dec 24 12:52:52 PST 2017,https://requester.mturk.com/mturk/manageHIT?HITId=3T2EL38U0MKKR1GO3SDNMHOPYVWQXD,31Z0PCVWUKF6RM0JSL8LM7H9RUS7TG,0,Submitted,Sat Nov 25 05:39:55 PST 2017,Fri Nov 24 12:53:04 PST 2017,Fri Nov 24 12:59:55 PST 2017,,,,,,[],"""cond1""",undefined,6.04005
0,one_slider,4 frogs jumped over the fence,0.01,cond4,English,2,Female,29,no,Yes,how you discern things,3,Windows,900,1600,Chrome,3T2EL38U0MKKR1GO3SDNMHOPYVWQXD,3UFCYGUHNP4CXE3VBIPPD007NZATNX,Judging whether a speaker is right or wrong about a scenario,"In this task you will be watching a short video. At the end of the video, a puppet will make a statement and your goal is to say whether the puppett is right or wrong",language research UCI fun cognitive science university explanations,$1.25,Fri Nov 24 12:52:52 PST 2017,9,0,0,0,Reviewable,NotReviewed,1 cond,1800,60000,Sun Dec 24 12:52:52 PST 2017,https://requester.mturk.com/mturk/manageHIT?HITId=3T2EL38U0MKKR1GO3SDNMHOPYVWQXD,31Z0PCVWUKF6RM0JSL8LM7H9RUS7TG,0,Submitted,Sat Nov 25 05:39:55 PST 2017,Fri Nov 24 12:53:04 PST 2017,Fri Nov 24 12:59:55 PST 2017,,,,,,[],"""cond1""",undefined,6.04005
0,one_slider,there were only 2 hippos,0,cond4,English,2,Female,29,no,Yes,how you discern things,3,Windows,900,1600,Chrome,3T2EL38U0MKKR1GO3SDNMHOPYVWQXD,3UFCYGUHNP4CXE3VBIPPD007NZATNX,Judging whether a speaker is right or wrong about a scenario,"In this task you will be watching a short video. At the end of the video, a puppet will make a statement and your goal is to say whether the puppett is right or wrong",language research UCI fun cognitive science university explanations,$1.25,Fri Nov 24 12:52:52 PST 2017,9,0,0,0,Reviewable,NotReviewed,1 cond,1800,60000,Sun Dec 24 12:52:52 PST 2017,https://requester.mturk.com/mturk/manageHIT?HITId=3T2EL38U0MKKR1GO3SDNMHOPYVWQXD,31Z0PCVWUKF6RM0JSL8LM7H9RUS7TG,0,Submitted,Sat Nov 25 05:39:55 PST 2017,Fri Nov 24 12:53:04 PST 2017,Fri Nov 24 12:59:55 PST 2017,,,,,,[],"""cond1""",undefined,6.04005
0,one_slider,2 stayed in the forest and 2 didn&quotechart like the forest so they went to the city,0.99,cond4,English,2,Female,29,no,Yes,how you discern things,3,Windows,900,1600,Chrome,3T2EL38U0MKKR1GO3SDNMHOPYVWQXD,3UFCYGUHNP4CXE3VBIPPD007NZATNX,Judging whether a speaker is right or wrong about a scenario,"In this task you will be watching a short video. At the end of the video, a puppet will make a statement and your goal is to say whether the puppett is right or wrong",language research UCI fun cognitive science university explanations,$1.25,Fri Nov 24 12:52:52 PST 2017,9,0,0,0,Reviewable,NotReviewed,1 cond,1800,60000,Sun Dec 24 12:52:52 PST 2017,https://requester.mturk.com/mturk/manageHIT?HITId=3T2EL38U0MKKR1GO3SDNMHOPYVWQXD,31Z0PCVWUKF6RM0JSL8LM7H9RUS7TG,0,Submitted,Sat Nov 25 05:39:55 PST 2017,Fri Nov 24 12:53:04 PST 2017,Fri Nov 24 12:59:55 PST 2017,,,,,,[],"""cond1""",undefined,6.04005
0,one_slider,one dog did roll his ball,0.01,cond2,English,2,Female,29,no,Yes,how you discern things,3,Windows,900,1600,Chrome,3T2EL38U0MKKR1GO3SDNMHOPYVWQXD,3UFCYGUHNP4CXE3VBIPPD007NZATNX,Judging whether a speaker is right or wrong about a scenario,"In this task you will be watching a short video. At the end of the video, a puppet will make a statement and your goal is to say whether the puppett is right or wrong",language research UCI fun cognitive science university explanations,$1.25,Fri Nov 24 12:52:52 PST 2017,9,0,0,0,Reviewable,NotReviewed,1 cond,1800,60000,Sun Dec 24 12:52:52 PST 2017,https://requester.mturk.com/mturk/manageHIT?HITId=3T2EL38U0MKKR1GO3SDNMHOPYVWQXD,31Z0PCVWUKF6RM0JSL8LM7H9RUS7TG,0,Submitted,Sat Nov 25 05:39:55 PST 2017,Fri Nov 24 12:53:04 PST 2017,Fri Nov 24 12:59:55 PST 2017,,,,,,[],"""cond1""",undefined,6.04005
0,one_slider,"4 lions bought eggs, not just 2",0.1,cond4,English,2,Female,29,no,Yes,how you discern things,3,Windows,900,1600,Chrome,3T2EL38U0MKKR1GO3SDNMHOPYVWQXD,3UFCYGUHNP4CXE3VBIPPD007NZATNX,Judging whether a speaker is right or wrong about a scenario,"In this task you will be watching a short video. At the end of the video, a puppet will make a statement and your goal is to say whether the puppett is right or wrong",language research UCI fun cognitive science university explanations,$1.25,Fri Nov 24 12:52:52 PST 2017,9,0,0,0,Reviewable,NotReviewed,1 cond,1800,60000,Sun Dec 24 12:52:52 PST 2017,https://requester.mturk.com/mturk/manageHIT?HITId=3T2EL38U0MKKR1GO3SDNMHOPYVWQXD,31Z0PCVWUKF6RM0JSL8LM7H9RUS7TG,0,Submitted,Sat Nov 25 05:39:55 PST 2017,Fri Nov 24 12:53:04 PST 2017,Fri Nov 24 12:59:55 PST 2017,,,,,,[],"""cond1""",undefined,6.04005
0,one_slider,only 2 lizards went on the book,0.01,cond3,English,2,Female,29,no,Yes,how you discern things,3,Windows,900,1600,Chrome,3T2EL38U0MKKR1GO3SDNMHOPYVWQXD,3UFCYGUHNP4CXE3VBIPPD007NZATNX,Judging whether a speaker is right or wrong about a scenario,"In this task you will be watching a short video. At the end of the video, a puppet will make a statement and your goal is to say whether the puppett is right or wrong",language research UCI fun cognitive science university explanations,$1.25,Fri Nov 24 12:52:52 PST 2017,9,0,0,0,Reviewable,NotReviewed,1 cond,1800,60000,Sun Dec 24 12:52:52 PST 2017,https://requester.mturk.com/mturk/manageHIT?HITId=3T2EL38U0MKKR1GO3SDNMHOPYVWQXD,31Z0PCVWUKF6RM0JSL8LM7H9RUS7TG,0,Submitted,Sat Nov 25 05:39:55 PST 2017,Fri Nov 24 12:53:04 PST 2017,Fri Nov 24 12:59:55 PST 2017,,,,,,[],"""cond1""",undefined,6.04005
0,one_slider,one dinosaur did eat a bug,0,cond1,English,2,Female,29,no,Yes,how you discern things,3,Windows,900,1600,Chrome,3T2EL38U0MKKR1GO3SDNMHOPYVWQXD,3UFCYGUHNP4CXE3VBIPPD007NZATNX,Judging whether a speaker is right or wrong about a scenario,"In this task you will be watching a short video. At the end of the video, a puppet will make a statement and your goal is to say whether the puppett is right or wrong",language research UCI fun cognitive science university explanations,$1.25,Fri Nov 24 12:52:52 PST 2017,9,0,0,0,Reviewable,NotReviewed,1 cond,1800,60000,Sun Dec 24 12:52:52 PST 2017,https://requester.mturk.com/mturk/manageHIT?HITId=3T2EL38U0MKKR1GO3SDNMHOPYVWQXD,31Z0PCVWUKF6RM0JSL8LM7H9RUS7TG,0,Submitted,Sat Nov 25 05:39:55 PST 2017,Fri Nov 24 12:53:04 PST 2017,Fri Nov 24 12:59:55 PST 2017,,,,,,[],"""cond1""",undefined,6.04005
1,one_slider_practice,Brainy smurf bought two cars,1,NA,English,1,Male,21,,Yes,perception,3,Windows,768,1360,Chrome,3T2EL38U0MKKR1GO3SDNMHOPYVWQXD,3UFCYGUHNP4CXE3VBIPPD007NZATNX,Judging whether a speaker is right or wrong about a scenario,"In this task you will be watching a short video. At the end of the video, a puppet will make a statement and your goal is to say whether the puppett is right or wrong",language research UCI fun cognitive science university explanations,$1.25,Fri Nov 24 12:52:52 PST 2017,9,0,0,0,Reviewable,NotReviewed,1 cond,1800,60000,Sun Dec 24 12:52:52 PST 2017,https://requester.mturk.com/mturk/manageHIT?HITId=3T2EL38U0MKKR1GO3SDNMHOPYVWQXD,336YQZE83VENRNWGVVSC298L6G15MY,1,Submitted,Sat Nov 25 05:41:23 PST 2017,Fri Nov 24 12:53:09 PST 2017,Fri Nov 24 13:01:23 PST 2017,,,,,,[],"""cond3""",undefined,8.119883333333334
1,one_slider_practice,One of the dogs decided not too,0,NA,English,1,Male,21,,Yes,perception,3,Windows,768,1360,Chrome,3T2EL38U0MKKR1GO3SDNMHOPYVWQXD,3UFCYGUHNP4CXE3VBIPPD007NZATNX,Judging whether a speaker is right or wrong about a scenario,"In this task you will be watching a short video. At the end of the video, a puppet will make a statement and your goal is to say whether the puppett is right or wrong",language research UCI fun cognitive science university explanations,$1.25,Fri Nov 24 12:52:52 PST 2017,9,0,0,0,Reviewable,NotReviewed,1 cond,1800,60000,Sun Dec 24 12:52:52 PST 2017,https://requester.mturk.com/mturk/manageHIT?HITId=3T2EL38U0MKKR1GO3SDNMHOPYVWQXD,336YQZE83VENRNWGVVSC298L6G15MY,1,Submitted,Sat Nov 25 05:41:23 PST 2017,Fri Nov 24 12:53:09 PST 2017,Fri Nov 24 13:01:23 PST 2017,,,,,,[],"""cond3""",undefined,8.119883333333334
1,one_slider,Littel frong said it was too big,1,cond1,English,1,Male,21,,Yes,perception,3,Windows,768,1360,Chrome,3T2EL38U0MKKR1GO3SDNMHOPYVWQXD,3UFCYGUHNP4CXE3VBIPPD007NZATNX,Judging whether a speaker is right or wrong about a scenario,"In this task you will be watching a short video. At the end of the video, a puppet will make a statement and your goal is to say whether the puppett is right or wrong",language research UCI fun cognitive science university explanations,$1.25,Fri Nov 24 12:52:52 PST 2017,9,0,0,0,Reviewable,NotReviewed,1 cond,1800,60000,Sun Dec 24 12:52:52 PST 2017,https://requester.mturk.com/mturk/manageHIT?HITId=3T2EL38U0MKKR1GO3SDNMHOPYVWQXD,336YQZE83VENRNWGVVSC298L6G15MY,1,Submitted,Sat Nov 25 05:41:23 PST 2017,Fri Nov 24 12:53:09 PST 2017,Fri Nov 24 13:01:23 PST 2017,,,,,,[],"""cond3""",undefined,8.119883333333334
1,one_slider,only 2 drank milk,0,cond4,English,1,Male,21,,Yes,perception,3,Windows,768,1360,Chrome,3T2EL38U0MKKR1GO3SDNMHOPYVWQXD,3UFCYGUHNP4CXE3VBIPPD007NZATNX,Judging whether a speaker is right or wrong about a scenario,"In this task you will be watching a short video. At the end of the video, a puppet will make a statement and your goal is to say whether the puppett is right or wrong",language research UCI fun cognitive science university explanations,$1.25,Fri Nov 24 12:52:52 PST 2017,9,0,0,0,Reviewable,NotReviewed,1 cond,1800,60000,Sun Dec 24 12:52:52 PST 2017,https://requester.mturk.com/mturk/manageHIT?HITId=3T2EL38U0MKKR1GO3SDNMHOPYVWQXD,336YQZE83VENRNWGVVSC298L6G15MY,1,Submitted,Sat Nov 25 05:41:23 PST 2017,Fri Nov 24 12:53:09 PST 2017,Fri Nov 24 13:01:23 PST 2017,,,,,,[],"""cond3""",undefined,8.119883333333334
1,one_slider,ONly 2 butterflyes went to the city,0.06,cond2,English,1,Male,21,,Yes,perception,3,Windows,768,1360,Chrome,3T2EL38U0MKKR1GO3SDNMHOPYVWQXD,3UFCYGUHNP4CXE3VBIPPD007NZATNX,Judging whether a speaker is right or wrong about a scenario,"In this task you will be watching a short video. At the end of the video, a puppet will make a statement and your goal is to say whether the puppett is right or wrong",language research UCI fun cognitive science university explanations,$1.25,Fri Nov 24 12:52:52 PST 2017,9,0,0,0,Reviewable,NotReviewed,1 cond,1800,60000,Sun Dec 24 12:52:52 PST 2017,https://requester.mturk.com/mturk/manageHIT?HITId=3T2EL38U0MKKR1GO3SDNMHOPYVWQXD,336YQZE83VENRNWGVVSC298L6G15MY,1,Submitted,Sat Nov 25 05:41:23 PST 2017,Fri Nov 24 12:53:09 PST 2017,Fri Nov 24 13:01:23 PST 2017,,,,,,[],"""cond3""",undefined,8.119883333333334
1,one_slider,one dog rolled its ball,0.03,cond3,English,1,Male,21,,Yes,perception,3,Windows,768,1360,Chrome,3T2EL38U0MKKR1GO3SDNMHOPYVWQXD,3UFCYGUHNP4CXE3VBIPPD007NZATNX,Judging whether a speaker is right or wrong about a scenario,"In this task you will be watching a short video. At the end of the video, a puppet will make a statement and your goal is to say whether the puppett is right or wrong",language research UCI fun cognitive science university explanations,$1.25,Fri Nov 24 12:52:52 PST 2017,9,0,0,0,Reviewable,NotReviewed,1 cond,1800,60000,Sun Dec 24 12:52:52 PST 2017,https://requester.mturk.com/mturk/manageHIT?HITId=3T2EL38U0MKKR1GO3SDNMHOPYVWQXD,336YQZE83VENRNWGVVSC298L6G15MY,1,Submitted,Sat Nov 25 05:41:23 PST 2017,Fri Nov 24 12:53:09 PST 2017,Fri Nov 24 13:01:23 PST 2017,,,,,,[],"""cond3""",undefined,8.119883333333334
1,one_slider,all four lions baught eggs but only 2 baught cookies,1,cond4,English,1,Male,21,,Yes,perception,3,Windows,768,1360,Chrome,3T2EL38U0MKKR1GO3SDNMHOPYVWQXD,3UFCYGUHNP4CXE3VBIPPD007NZATNX,Judging whether a speaker is right or wrong about a scenario,"In this task you will be watching a short video. At the end of the video, a puppet will make a statement and your goal is to say whether the puppett is right or wrong",language research UCI fun cognitive science university explanations,$1.25,Fri Nov 24 12:52:52 PST 2017,9,0,0,0,Reviewable,NotReviewed,1 cond,1800,60000,Sun Dec 24 12:52:52 PST 2017,https://requester.mturk.com/mturk/manageHIT?HITId=3T2EL38U0MKKR1GO3SDNMHOPYVWQXD,336YQZE83VENRNWGVVSC298L6G15MY,1,Submitted,Sat Nov 25 05:41:23 PST 2017,Fri Nov 24 12:53:09 PST 2017,Fri Nov 24 13:01:23 PST 2017,,,,,,[],"""cond3""",undefined,8.119883333333334
1,one_slider,only 2 jumped on 2 thought it was too high,0,cond3,English,1,Male,21,,Yes,perception,3,Windows,768,1360,Chrome,3T2EL38U0MKKR1GO3SDNMHOPYVWQXD,3UFCYGUHNP4CXE3VBIPPD007NZATNX,Judging whether a speaker is right or wrong about a scenario,"In this task you will be watching a short video. At the end of the video, a puppet will make a statement and your goal is to say whether the puppett is right or wrong",language research UCI fun cognitive science university explanations,$1.25,Fri Nov 24 12:52:52 PST 2017,9,0,0,0,Reviewable,NotReviewed,1 cond,1800,60000,Sun Dec 24 12:52:52 PST 2017,https://requester.mturk.com/mturk/manageHIT?HITId=3T2EL38U0MKKR1GO3SDNMHOPYVWQXD,336YQZE83VENRNWGVVSC298L6G15MY,1,Submitted,Sat Nov 25 05:41:23 PST 2017,Fri Nov 24 12:53:09 PST 2017,Fri Nov 24 13:01:23 PST 2017,,,,,,[],"""cond3""",undefined,8.119883333333334
1,one_slider,2 dinosaurs didnt like bugs,1,cond3,English,1,Male,21,,Yes,perception,3,Windows,768,1360,Chrome,3T2EL38U0MKKR1GO3SDNMHOPYVWQXD,3UFCYGUHNP4CXE3VBIPPD007NZATNX,Judging whether a speaker is right or wrong about a scenario,"In this task you will be watching a short video. At the end of the video, a puppet will make a statement and your goal is to say whether the puppett is right or wrong",language research UCI fun cognitive science university explanations,$1.25,Fri Nov 24 12:52:52 PST 2017,9,0,0,0,Reviewable,NotReviewed,1 cond,1800,60000,Sun Dec 24 12:52:52 PST 2017,https://requester.mturk.com/mturk/manageHIT?HITId=3T2EL38U0MKKR1GO3SDNMHOPYVWQXD,336YQZE83VENRNWGVVSC298L6G15MY,1,Submitted,Sat Nov 25 05:41:23 PST 2017,Fri Nov 24 12:53:09 PST 2017,Fri Nov 24 13:01:23 PST 2017,,,,,,[],"""cond3""",undefined,8.119883333333334
2,one_slider_practice,he bought it with the pennies,0.96,NA,english,0,Female,26,,Yes,,0,Mac,900,1440,Chrome,3T2EL38U0MKKR1GO3SDNMHOPYVWQXD,3UFCYGUHNP4CXE3VBIPPD007NZATNX,Judging whether a speaker is right or wrong about a scenario,"In this task you will be watching a short video. At the end of the video, a puppet will make a statement and your goal is to say whether the puppett is right or wrong",language research UCI fun cognitive science university explanations,$1.25,Fri Nov 24 12:52:52 PST 2017,9,0,0,0,Reviewable,NotReviewed,1 cond,1800,60000,Sun Dec 24 12:52:52 PST 2017,https://requester.mturk.com/mturk/manageHIT?HITId=3T2EL38U0MKKR1GO3SDNMHOPYVWQXD,3IAEQB9FMEKE0C5NE3GI9JY4HZCWDN,2,Submitted,Sat Nov 25 05:43:08 PST 2017,Fri Nov 24 12:53:12 PST 2017,Fri Nov 24 13:03:08 PST 2017,,,,,,[],"""cond3""",undefined,9.78545
2,one_slider_practice,the last dog thought he was too small,0,NA,english,0,Female,26,,Yes,,0,Mac,900,1440,Chrome,3T2EL38U0MKKR1GO3SDNMHOPYVWQXD,3UFCYGUHNP4CXE3VBIPPD007NZATNX,Judging whether a speaker is right or wrong about a scenario,"In this task you will be watching a short video. At the end of the video, a puppet will make a statement and your goal is to say whether the puppett is right or wrong",language research UCI fun cognitive science university explanations,$1.25,Fri Nov 24 12:52:52 PST 2017,9,0,0,0,Reviewable,NotReviewed,1 cond,1800,60000,Sun Dec 24 12:52:52 PST 2017,https://requester.mturk.com/mturk/manageHIT?HITId=3T2EL38U0MKKR1GO3SDNMHOPYVWQXD,3IAEQB9FMEKE0C5NE3GI9JY4HZCWDN,2,Submitted,Sat Nov 25 05:43:08 PST 2017,Fri Nov 24 12:53:12 PST 2017,Fri Nov 24 13:03:08 PST 2017,,,,,,[],"""cond3""",undefined,9.78545
2,one_slider,they all jumped the fence,0.14,cond4,english,0,Female,26,,Yes,,0,Mac,900,1440,Chrome,3T2EL38U0MKKR1GO3SDNMHOPYVWQXD,3UFCYGUHNP4CXE3VBIPPD007NZATNX,Judging whether a speaker is right or wrong about a scenario,"In this task you will be watching a short video. At the end of the video, a puppet will make a statement and your goal is to say whether the puppett is right or wrong",language research UCI fun cognitive science university explanations,$1.25,Fri Nov 24 12:52:52 PST 2017,9,0,0,0,Reviewable,NotReviewed,1 cond,1800,60000,Sun Dec 24 12:52:52 PST 2017,https://requester.mturk.com/mturk/manageHIT?HITId=3T2EL38U0MKKR1GO3SDNMHOPYVWQXD,3IAEQB9FMEKE0C5NE3GI9JY4HZCWDN,2,Submitted,Sat Nov 25 05:43:08 PST 2017,Fri Nov 24 12:53:12 PST 2017,Fri Nov 24 13:03:08 PST 2017,,,,,,[],"""cond3""",undefined,9.78545
2,one_slider,two hippos drank milk,0.12,cond2,english,0,Female,26,,Yes,,0,Mac,900,1440,Chrome,3T2EL38U0MKKR1GO3SDNMHOPYVWQXD,3UFCYGUHNP4CXE3VBIPPD007NZATNX,Judging whether a speaker is right or wrong about a scenario,"In this task you will be watching a short video. At the end of the video, a puppet will make a statement and your goal is to say whether the puppett is right or wrong",language research UCI fun cognitive science university explanations,$1.25,Fri Nov 24 12:52:52 PST 2017,9,0,0,0,Reviewable,NotReviewed,1 cond,1800,60000,Sun Dec 24 12:52:52 PST 2017,https://requester.mturk.com/mturk/manageHIT?HITId=3T2EL38U0MKKR1GO3SDNMHOPYVWQXD,3IAEQB9FMEKE0C5NE3GI9JY4HZCWDN,2,Submitted,Sat Nov 25 05:43:08 PST 2017,Fri Nov 24 12:53:12 PST 2017,Fri Nov 24 13:03:08 PST 2017,,,,,,[],"""cond3""",undefined,9.78545
2,one_slider,one left the forest,0.98,cond2,english,0,Female,26,,Yes,,0,Mac,900,1440,Chrome,3T2EL38U0MKKR1GO3SDNMHOPYVWQXD,3UFCYGUHNP4CXE3VBIPPD007NZATNX,Judging whether a speaker is right or wrong about a scenario,"In this task you will be watching a short video. At the end of the video, a puppet will make a statement and your goal is to say whether the puppett is right or wrong",language research UCI fun cognitive science university explanations,$1.25,Fri Nov 24 12:52:52 PST 2017,9,0,0,0,Reviewable,NotReviewed,1 cond,1800,60000,Sun Dec 24 12:52:52 PST 2017,https://requester.mturk.com/mturk/manageHIT?HITId=3T2EL38U0MKKR1GO3SDNMHOPYVWQXD,3IAEQB9FMEKE0C5NE3GI9JY4HZCWDN,2,Submitted,Sat Nov 25 05:43:08 PST 2017,Fri Nov 24 12:53:12 PST 2017,Fri Nov 24 13:03:08 PST 2017,,,,,,[],"""cond3""",undefined,9.78545
2,one_slider,one dog rolled the ball,0.01,cond2,english,0,Female,26,,Yes,,0,Mac,900,1440,Chrome,3T2EL38U0MKKR1GO3SDNMHOPYVWQXD,3UFCYGUHNP4CXE3VBIPPD007NZATNX,Judging whether a speaker is right or wrong about a scenario,"In this task you will be watching a short video. At the end of the video, a puppet will make a statement and your goal is to say whether the puppett is right or wrong",language research UCI fun cognitive science university explanations,$1.25,Fri Nov 24 12:52:52 PST 2017,9,0,0,0,Reviewable,NotReviewed,1 cond,1800,60000,Sun Dec 24 12:52:52 PST 2017,https://requester.mturk.com/mturk/manageHIT?HITId=3T2EL38U0MKKR1GO3SDNMHOPYVWQXD,3IAEQB9FMEKE0C5NE3GI9JY4HZCWDN,2,Submitted,Sat Nov 25 05:43:08 PST 2017,Fri Nov 24 12:53:12 PST 2017,Fri Nov 24 13:03:08 PST 2017,,,,,,[],"""cond3""",undefined,9.78545
2,one_slider,only one lion did,0.97,cond1,english,0,Female,26,,Yes,,0,Mac,900,1440,Chrome,3T2EL38U0MKKR1GO3SDNMHOPYVWQXD,3UFCYGUHNP4CXE3VBIPPD007NZATNX,Judging whether a speaker is right or wrong about a scenario,"In this task you will be watching a short video. At the end of the video, a puppet will make a statement and your goal is to say whether the puppett is right or wrong",language research UCI fun cognitive science university explanations,$1.25,Fri Nov 24 12:52:52 PST 2017,9,0,0,0,Reviewable,NotReviewed,1 cond,1800,60000,Sun Dec 24 12:52:52 PST 2017,https://requester.mturk.com/mturk/manageHIT?HITId=3T2EL38U0MKKR1GO3SDNMHOPYVWQXD,3IAEQB9FMEKE0C5NE3GI9JY4HZCWDN,2,Submitted,Sat Nov 25 05:43:08 PST 2017,Fri Nov 24 12:53:12 PST 2017,Fri Nov 24 13:03:08 PST 2017,,,,,,[],"""cond3""",undefined,9.78545
2,one_slider,two jumped on the book and the other two didnt,0.03,cond3,english,0,Female,26,,Yes,,0,Mac,900,1440,Chrome,3T2EL38U0MKKR1GO3SDNMHOPYVWQXD,3UFCYGUHNP4CXE3VBIPPD007NZATNX,Judging whether a speaker is right or wrong about a scenario,"In this task you will be watching a short video. At the end of the video, a puppet will make a statement and your goal is to say whether the puppett is right or wrong",language research UCI fun cognitive science university explanations,$1.25,Fri Nov 24 12:52:52 PST 2017,9,0,0,0,Reviewable,NotReviewed,1 cond,1800,60000,Sun Dec 24 12:52:52 PST 2017,https://requester.mturk.com/mturk/manageHIT?HITId=3T2EL38U0MKKR1GO3SDNMHOPYVWQXD,3IAEQB9FMEKE0C5NE3GI9JY4HZCWDN,2,Submitted,Sat Nov 25 05:43:08 PST 2017,Fri Nov 24 12:53:12 PST 2017,Fri Nov 24 13:03:08 PST 2017,,,,,,[],"""cond3""",undefined,9.78545
2,one_slider,two did and two didnt,0.93,cond3,english,0,Female,26,,Yes,,0,Mac,900,1440,Chrome,3T2EL38U0MKKR1GO3SDNMHOPYVWQXD,3UFCYGUHNP4CXE3VBIPPD007NZATNX,Judging whether a speaker is right or wrong about a scenario,"In this task you will be watching a short video. At the end of the video, a puppet will make a statement and your goal is to say whether the puppett is right or wrong",language research UCI fun cognitive science university explanations,$1.25,Fri Nov 24 12:52:52 PST 2017,9,0,0,0,Reviewable,NotReviewed,1 cond,1800,60000,Sun Dec 24 12:52:52 PST 2017,https://requester.mturk.com/mturk/manageHIT?HITId=3T2EL38U0MKKR1GO3SDNMHOPYVWQXD,3IAEQB9FMEKE0C5NE3GI9JY4HZCWDN,2,Submitted,Sat Nov 25 05:43:08 PST 2017,Fri Nov 24 12:53:12 PST 2017,Fri Nov 24 13:03:08 PST 2017,,,,,,[],"""cond3""",undefined,9.78545
3,one_slider_practice,He bought 2 cars,0.82,NA,English,1,Male,21,,No,Judging whether a speaker is right or wrong,2,Windows,1080,1920,Chrome,3T2EL38U0MKKR1GO3SDNMHOPYVWQXD,3UFCYGUHNP4CXE3VBIPPD007NZATNX,Judging whether a speaker is right or wrong about a scenario,"In this task you will be watching a short video. At the end of the video, a puppet will make a statement and your goal is to say whether the puppett is right or wrong",language research UCI fun cognitive science university explanations,$1.25,Fri Nov 24 12:52:52 PST 2017,9,0,0,0,Reviewable,NotReviewed,1 cond,1800,60000,Sun Dec 24 12:52:52 PST 2017,https://requester.mturk.com/mturk/manageHIT?HITId=3T2EL38U0MKKR1GO3SDNMHOPYVWQXD,30LB5CDZNCAOVN9YDECUTG834C80ZP,3,Submitted,Sat Nov 25 05:47:18 PST 2017,Fri Nov 24 12:53:03 PST 2017,Fri Nov 24 13:07:18 PST 2017,,,,,,[],"""cond1""",undefined,7.480033333333333
3,one_slider_practice,The last dog did not jump on the table,0,NA,English,1,Male,21,,No,Judging whether a speaker is right or wrong,2,Windows,1080,1920,Chrome,3T2EL38U0MKKR1GO3SDNMHOPYVWQXD,3UFCYGUHNP4CXE3VBIPPD007NZATNX,Judging whether a speaker is right or wrong about a scenario,"In this task you will be watching a short video. At the end of the video, a puppet will make a statement and your goal is to say whether the puppett is right or wrong",language research UCI fun cognitive science university explanations,$1.25,Fri Nov 24 12:52:52 PST 2017,9,0,0,0,Reviewable,NotReviewed,1 cond,1800,60000,Sun Dec 24 12:52:52 PST 2017,https://requester.mturk.com/mturk/manageHIT?HITId=3T2EL38U0MKKR1GO3SDNMHOPYVWQXD,30LB5CDZNCAOVN9YDECUTG834C80ZP,3,Submitted,Sat Nov 25 05:47:18 PST 2017,Fri Nov 24 12:53:03 PST 2017,Fri Nov 24 13:07:18 PST 2017,,,,,,[],"""cond1""",undefined,7.480033333333333
3,one_slider,The first frog did jump over the rock,0,cond1,English,1,Male,21,,No,Judging whether a speaker is right or wrong,2,Windows,1080,1920,Chrome,3T2EL38U0MKKR1GO3SDNMHOPYVWQXD,3UFCYGUHNP4CXE3VBIPPD007NZATNX,Judging whether a speaker is right or wrong about a scenario,"In this task you will be watching a short video. At the end of the video, a puppet will make a statement and your goal is to say whether the puppett is right or wrong",language research UCI fun cognitive science university explanations,$1.25,Fri Nov 24 12:52:52 PST 2017,9,0,0,0,Reviewable,NotReviewed,1 cond,1800,60000,Sun Dec 24 12:52:52 PST 2017,https://requester.mturk.com/mturk/manageHIT?HITId=3T2EL38U0MKKR1GO3SDNMHOPYVWQXD,30LB5CDZNCAOVN9YDECUTG834C80ZP,3,Submitted,Sat Nov 25 05:47:18 PST 2017,Fri Nov 24 12:53:03 PST 2017,Fri Nov 24 13:07:18 PST 2017,,,,,,[],"""cond1""",undefined,7.480033333333333
3,one_slider,There were only 2 hippos,0.03,cond2,English,1,Male,21,,No,Judging whether a speaker is right or wrong,2,Windows,1080,1920,Chrome,3T2EL38U0MKKR1GO3SDNMHOPYVWQXD,3UFCYGUHNP4CXE3VBIPPD007NZATNX,Judging whether a speaker is right or wrong about a scenario,"In this task you will be watching a short video. At the end of the video, a puppet will make a statement and your goal is to say whether the puppett is right or wrong",language research UCI fun cognitive science university explanations,$1.25,Fri Nov 24 12:52:52 PST 2017,9,0,0,0,Reviewable,NotReviewed,1 cond,1800,60000,Sun Dec 24 12:52:52 PST 2017,https://requester.mturk.com/mturk/manageHIT?HITId=3T2EL38U0MKKR1GO3SDNMHOPYVWQXD,30LB5CDZNCAOVN9YDECUTG834C80ZP,3,Submitted,Sat Nov 25 05:47:18 PST 2017,Fri Nov 24 12:53:03 PST 2017,Fri Nov 24 13:07:18 PST 2017,,,,,,[],"""cond1""",undefined,7.480033333333333
3,one_slider,Only one went to the forest and both went to the city,0,cond2,English,1,Male,21,,No,Judging whether a speaker is right or wrong,2,Windows,1080,1920,Chrome,3T2EL38U0MKKR1GO3SDNMHOPYVWQXD,3UFCYGUHNP4CXE3VBIPPD007NZATNX,Judging whether a speaker is right or wrong about a scenario,"In this task you will be watching a short video. At the end of the video, a puppet will make a statement and your goal is to say whether the puppett is right or wrong",language research UCI fun cognitive science university explanations,$1.25,Fri Nov 24 12:52:52 PST 2017,9,0,0,0,Reviewable,NotReviewed,1 cond,1800,60000,Sun Dec 24 12:52:52 PST 2017,https://requester.mturk.com/mturk/manageHIT?HITId=3T2EL38U0MKKR1GO3SDNMHOPYVWQXD,30LB5CDZNCAOVN9YDECUTG834C80ZP,3,Submitted,Sat Nov 25 05:47:18 PST 2017,Fri Nov 24 12:53:03 PST 2017,Fri Nov 24 13:07:18 PST 2017,,,,,,[],"""cond1""",undefined,7.480033333333333
3,one_slider,First dog rolled his ball,0,cond4,English,1,Male,21,,No,Judging whether a speaker is right or wrong,2,Windows,1080,1920,Chrome,3T2EL38U0MKKR1GO3SDNMHOPYVWQXD,3UFCYGUHNP4CXE3VBIPPD007NZATNX,Judging whether a speaker is right or wrong about a scenario,"In this task you will be watching a short video. At the end of the video, a puppet will make a statement and your goal is to say whether the puppett is right or wrong",language research UCI fun cognitive science university explanations,$1.25,Fri Nov 24 12:52:52 PST 2017,9,0,0,0,Reviewable,NotReviewed,1 cond,1800,60000,Sun Dec 24 12:52:52 PST 2017,https://requester.mturk.com/mturk/manageHIT?HITId=3T2EL38U0MKKR1GO3SDNMHOPYVWQXD,30LB5CDZNCAOVN9YDECUTG834C80ZP,3,Submitted,Sat Nov 25 05:47:18 PST 2017,Fri Nov 24 12:53:03 PST 2017,Fri Nov 24 13:07:18 PST 2017,,,,,,[],"""cond1""",undefined,7.480033333333333
3,one_slider,Only 2 out of 4 bought cookies,1,cond3,English,1,Male,21,,No,Judging whether a speaker is right or wrong,2,Windows,1080,1920,Chrome,3T2EL38U0MKKR1GO3SDNMHOPYVWQXD,3UFCYGUHNP4CXE3VBIPPD007NZATNX,Judging whether a speaker is right or wrong about a scenario,"In this task you will be watching a short video. At the end of the video, a puppet will make a statement and your goal is to say whether the puppett is right or wrong",language research UCI fun cognitive science university explanations,$1.25,Fri Nov 24 12:52:52 PST 2017,9,0,0,0,Reviewable,NotReviewed,1 cond,1800,60000,Sun Dec 24 12:52:52 PST 2017,https://requester.mturk.com/mturk/manageHIT?HITId=3T2EL38U0MKKR1GO3SDNMHOPYVWQXD,30LB5CDZNCAOVN9YDECUTG834C80ZP,3,Submitted,Sat Nov 25 05:47:18 PST 2017,Fri Nov 24 12:53:03 PST 2017,Fri Nov 24 13:07:18 PST 2017,,,,,,[],"""cond1""",undefined,7.480033333333333
3,one_slider,Only 2 lizards climbed on the book,0,cond4,English,1,Male,21,,No,Judging whether a speaker is right or wrong,2,Windows,1080,1920,Chrome,3T2EL38U0MKKR1GO3SDNMHOPYVWQXD,3UFCYGUHNP4CXE3VBIPPD007NZATNX,Judging whether a speaker is right or wrong about a scenario,"In this task you will be watching a short video. At the end of the video, a puppet will make a statement and your goal is to say whether the puppett is right or wrong",language research UCI fun cognitive science university explanations,$1.25,Fri Nov 24 12:52:52 PST 2017,9,0,0,0,Reviewable,NotReviewed,1 cond,1800,60000,Sun Dec 24 12:52:52 PST 2017,https://requester.mturk.com/mturk/manageHIT?HITId=3T2EL38U0MKKR1GO3SDNMHOPYVWQXD,30LB5CDZNCAOVN9YDECUTG834C80ZP,3,Submitted,Sat Nov 25 05:47:18 PST 2017,Fri Nov 24 12:53:03 PST 2017,Fri Nov 24 13:07:18 PST 2017,,,,,,[],"""cond1""",undefined,7.480033333333333
3,one_slider,Only 1 dinosaur didn&quotechart eat bugs,0,cond1,English,1,Male,21,,No,Judging whether a speaker is right or wrong,2,Windows,1080,1920,Chrome,3T2EL38U0MKKR1GO3SDNMHOPYVWQXD,3UFCYGUHNP4CXE3VBIPPD007NZATNX,Judging whether a speaker is right or wrong about a scenario,"In this task you will be watching a short video. At the end of the video, a puppet will make a statement and your goal is to say whether the puppett is right or wrong",language research UCI fun cognitive science university explanations,$1.25,Fri Nov 24 12:52:52 PST 2017,9,0,0,0,Reviewable,NotReviewed,1 cond,1800,60000,Sun Dec 24 12:52:52 PST 2017,https://requester.mturk.com/mturk/manageHIT?HITId=3T2EL38U0MKKR1GO3SDNMHOPYVWQXD,30LB5CDZNCAOVN9YDECUTG834C80ZP,3,Submitted,Sat Nov 25 05:47:18 PST 2017,Fri Nov 24 12:53:03 PST 2017,Fri Nov 24 13:07:18 PST 2017,,,,,,[],"""cond1""",undefined,7.480033333333333
4,one_slider_practice,he bought a silver and yellow car with his pennies,1,NA,English,2,Female,25,nothing just Worker ID: A2GN5L03ZQEOZF,Yes,If people could listen to instructions and remember what they were told and to see if the puppet is correct,2,Windows,768,1366,Chrome,3T2EL38U0MKKR1GO3SDNMHOPYVWQXD,3UFCYGUHNP4CXE3VBIPPD007NZATNX,Judging whether a speaker is right or wrong about a scenario,"In this task you will be watching a short video. At the end of the video, a puppet will make a statement and your goal is to say whether the puppett is right or wrong",language research UCI fun cognitive science university explanations,$1.25,Fri Nov 24 12:52:52 PST 2017,9,0,0,0,Reviewable,NotReviewed,1 cond,1800,60000,Sun Dec 24 12:52:52 PST 2017,https://requester.mturk.com/mturk/manageHIT?HITId=3T2EL38U0MKKR1GO3SDNMHOPYVWQXD,34Q075JO1XDR0ROQ53321MORRXV101,4,Submitted,Sat Nov 25 05:48:20 PST 2017,Fri Nov 24 12:53:09 PST 2017,Fri Nov 24 13:08:20 PST 2017,,,,,,[],"""cond3""",undefined,15.118316666666667
4,one_slider_practice,the small dog didn&quotechart want to jump on the table because he said he was too small.,0,NA,English,2,Female,25,nothing just Worker ID: A2GN5L03ZQEOZF,Yes,If people could listen to instructions and remember what they were told and to see if the puppet is correct,2,Windows,768,1366,Chrome,3T2EL38U0MKKR1GO3SDNMHOPYVWQXD,3UFCYGUHNP4CXE3VBIPPD007NZATNX,Judging whether a speaker is right or wrong about a scenario,"In this task you will be watching a short video. At the end of the video, a puppet will make a statement and your goal is to say whether the puppett is right or wrong",language research UCI fun cognitive science university explanations,$1.25,Fri Nov 24 12:52:52 PST 2017,9,0,0,0,Reviewable,NotReviewed,1 cond,1800,60000,Sun Dec 24 12:52:52 PST 2017,https://requester.mturk.com/mturk/manageHIT?HITId=3T2EL38U0MKKR1GO3SDNMHOPYVWQXD,34Q075JO1XDR0ROQ53321MORRXV101,4,Submitted,Sat Nov 25 05:48:20 PST 2017,Fri Nov 24 12:53:09 PST 2017,Fri Nov 24 13:08:20 PST 2017,,,,,,[],"""cond3""",undefined,15.118316666666667
4,one_slider,the little frog didn&quotechart want to jump over the rock but the larger frog jumped over the rock.,1,cond2,English,2,Female,25,nothing just Worker ID: A2GN5L03ZQEOZF,Yes,If people could listen to instructions and remember what they were told and to see if the puppet is correct,2,Windows,768,1366,Chrome,3T2EL38U0MKKR1GO3SDNMHOPYVWQXD,3UFCYGUHNP4CXE3VBIPPD007NZATNX,Judging whether a speaker is right or wrong about a scenario,"In this task you will be watching a short video. At the end of the video, a puppet will make a statement and your goal is to say whether the puppett is right or wrong",language research UCI fun cognitive science university explanations,$1.25,Fri Nov 24 12:52:52 PST 2017,9,0,0,0,Reviewable,NotReviewed,1 cond,1800,60000,Sun Dec 24 12:52:52 PST 2017,https://requester.mturk.com/mturk/manageHIT?HITId=3T2EL38U0MKKR1GO3SDNMHOPYVWQXD,34Q075JO1XDR0ROQ53321MORRXV101,4,Submitted,Sat Nov 25 05:48:20 PST 2017,Fri Nov 24 12:53:09 PST 2017,Fri Nov 24 13:08:20 PST 2017,,,,,,[],"""cond3""",undefined,15.118316666666667
4,one_slider,Only two hippos drank the milk because there were only two milks and two hippos,0.02,cond3,English,2,Female,25,nothing just Worker ID: A2GN5L03ZQEOZF,Yes,If people could listen to instructions and remember what they were told and to see if the puppet is correct,2,Windows,768,1366,Chrome,3T2EL38U0MKKR1GO3SDNMHOPYVWQXD,3UFCYGUHNP4CXE3VBIPPD007NZATNX,Judging whether a speaker is right or wrong about a scenario,"In this task you will be watching a short video. At the end of the video, a puppet will make a statement and your goal is to say whether the puppett is right or wrong",language research UCI fun cognitive science university explanations,$1.25,Fri Nov 24 12:52:52 PST 2017,9,0,0,0,Reviewable,NotReviewed,1 cond,1800,60000,Sun Dec 24 12:52:52 PST 2017,https://requester.mturk.com/mturk/manageHIT?HITId=3T2EL38U0MKKR1GO3SDNMHOPYVWQXD,34Q075JO1XDR0ROQ53321MORRXV101,4,Submitted,Sat Nov 25 05:48:20 PST 2017,Fri Nov 24 12:53:09 PST 2017,Fri Nov 24 13:08:20 PST 2017,,,,,,[],"""cond3""",undefined,15.118316666666667
4,one_slider,Two of the butterflies decided to go to the city because they didn&quotechart like the forest that&quotechars why the puppet is incorrect.,0.01,cond4,English,2,Female,25,nothing just Worker ID: A2GN5L03ZQEOZF,Yes,If people could listen to instructions and remember what they were told and to see if the puppet is correct,2,Windows,768,1366,Chrome,3T2EL38U0MKKR1GO3SDNMHOPYVWQXD,3UFCYGUHNP4CXE3VBIPPD007NZATNX,Judging whether a speaker is right or wrong about a scenario,"In this task you will be watching a short video. At the end of the video, a puppet will make a statement and your goal is to say whether the puppett is right or wrong",language research UCI fun cognitive science university explanations,$1.25,Fri Nov 24 12:52:52 PST 2017,9,0,0,0,Reviewable,NotReviewed,1 cond,1800,60000,Sun Dec 24 12:52:52 PST 2017,https://requester.mturk.com/mturk/manageHIT?HITId=3T2EL38U0MKKR1GO3SDNMHOPYVWQXD,34Q075JO1XDR0ROQ53321MORRXV101,4,Submitted,Sat Nov 25 05:48:20 PST 2017,Fri Nov 24 12:53:09 PST 2017,Fri Nov 24 13:08:20 PST 2017,,,,,,[],"""cond3""",undefined,15.118316666666667
4,one_slider,The first dog wanted to roll his ball on the table and didn&quotechart worry about it falling off the table that&quotechars why the puppet is incorrect.,0.02,cond2,English,2,Female,25,nothing just Worker ID: A2GN5L03ZQEOZF,Yes,If people could listen to instructions and remember what they were told and to see if the puppet is correct,2,Windows,768,1366,Chrome,3T2EL38U0MKKR1GO3SDNMHOPYVWQXD,3UFCYGUHNP4CXE3VBIPPD007NZATNX,Judging whether a speaker is right or wrong about a scenario,"In this task you will be watching a short video. At the end of the video, a puppet will make a statement and your goal is to say whether the puppett is right or wrong",language research UCI fun cognitive science university explanations,$1.25,Fri Nov 24 12:52:52 PST 2017,9,0,0,0,Reviewable,NotReviewed,1 cond,1800,60000,Sun Dec 24 12:52:52 PST 2017,https://requester.mturk.com/mturk/manageHIT?HITId=3T2EL38U0MKKR1GO3SDNMHOPYVWQXD,34Q075JO1XDR0ROQ53321MORRXV101,4,Submitted,Sat Nov 25 05:48:20 PST 2017,Fri Nov 24 12:53:09 PST 2017,Fri Nov 24 13:08:20 PST 2017,,,,,,[],"""cond3""",undefined,15.118316666666667
4,one_slider,The puppet is incorrect the first lion bought a cookie because he liked cookies. So only one lion bought a cookie.,0.02,cond1,English,2,Female,25,nothing just Worker ID: A2GN5L03ZQEOZF,Yes,If people could listen to instructions and remember what they were told and to see if the puppet is correct,2,Windows,768,1366,Chrome,3T2EL38U0MKKR1GO3SDNMHOPYVWQXD,3UFCYGUHNP4CXE3VBIPPD007NZATNX,Judging whether a speaker is right or wrong about a scenario,"In this task you will be watching a short video. At the end of the video, a puppet will make a statement and your goal is to say whether the puppett is right or wrong",language research UCI fun cognitive science university explanations,$1.25,Fri Nov 24 12:52:52 PST 2017,9,0,0,0,Reviewable,NotReviewed,1 cond,1800,60000,Sun Dec 24 12:52:52 PST 2017,https://requester.mturk.com/mturk/manageHIT?HITId=3T2EL38U0MKKR1GO3SDNMHOPYVWQXD,34Q075JO1XDR0ROQ53321MORRXV101,4,Submitted,Sat Nov 25 05:48:20 PST 2017,Fri Nov 24 12:53:09 PST 2017,Fri Nov 24 13:08:20 PST 2017,,,,,,[],"""cond3""",undefined,15.118316666666667
4,one_slider,The two last lizards decided that the book was too high and didn&quotechart want to jump that&quotechars why the puppet is incorrect and not all the four lizards jumped on the book.,0.02,cond3,English,2,Female,25,nothing just Worker ID: A2GN5L03ZQEOZF,Yes,If people could listen to instructions and remember what they were told and to see if the puppet is correct,2,Windows,768,1366,Chrome,3T2EL38U0MKKR1GO3SDNMHOPYVWQXD,3UFCYGUHNP4CXE3VBIPPD007NZATNX,Judging whether a speaker is right or wrong about a scenario,"In this task you will be watching a short video. At the end of the video, a puppet will make a statement and your goal is to say whether the puppett is right or wrong",language research UCI fun cognitive science university explanations,$1.25,Fri Nov 24 12:52:52 PST 2017,9,0,0,0,Reviewable,NotReviewed,1 cond,1800,60000,Sun Dec 24 12:52:52 PST 2017,https://requester.mturk.com/mturk/manageHIT?HITId=3T2EL38U0MKKR1GO3SDNMHOPYVWQXD,34Q075JO1XDR0ROQ53321MORRXV101,4,Submitted,Sat Nov 25 05:48:20 PST 2017,Fri Nov 24 12:53:09 PST 2017,Fri Nov 24 13:08:20 PST 2017,,,,,,[],"""cond3""",undefined,15.118316666666667
4,one_slider,Two dinosaurs didn&quotechart eat bugs because they don&quotechart like bugs so the puppet is correct and the fish were too hard to catch.,0.99,cond3,English,2,Female,25,nothing just Worker ID: A2GN5L03ZQEOZF,Yes,If people could listen to instructions and remember what they were told and to see if the puppet is correct,2,Windows,768,1366,Chrome,3T2EL38U0MKKR1GO3SDNMHOPYVWQXD,3UFCYGUHNP4CXE3VBIPPD007NZATNX,Judging whether a speaker is right or wrong about a scenario,"In this task you will be watching a short video. At the end of the video, a puppet will make a statement and your goal is to say whether the puppett is right or wrong",language research UCI fun cognitive science university explanations,$1.25,Fri Nov 24 12:52:52 PST 2017,9,0,0,0,Reviewable,NotReviewed,1 cond,1800,60000,Sun Dec 24 12:52:52 PST 2017,https://requester.mturk.com/mturk/manageHIT?HITId=3T2EL38U0MKKR1GO3SDNMHOPYVWQXD,34Q075JO1XDR0ROQ53321MORRXV101,4,Submitted,Sat Nov 25 05:48:20 PST 2017,Fri Nov 24 12:53:09 PST 2017,Fri Nov 24 13:08:20 PST 2017,,,,,,[],"""cond3""",undefined,15.118316666666667
5,one_slider_practice,Two cars were bought,0.99,NA,english,2,Male,56,,Yes,no idea,3,Windows,768,1366,Chrome,3T2EL38U0MKKR1GO3SDNMHOPYVWQXD,3UFCYGUHNP4CXE3VBIPPD007NZATNX,Judging whether a speaker is right or wrong about a scenario,"In this task you will be watching a short video. At the end of the video, a puppet will make a statement and your goal is to say whether the puppett is right or wrong",language research UCI fun cognitive science university explanations,$1.25,Fri Nov 24 12:52:52 PST 2017,9,0,0,0,Reviewable,NotReviewed,1 cond,1800,60000,Sun Dec 24 12:52:52 PST 2017,https://requester.mturk.com/mturk/manageHIT?HITId=3T2EL38U0MKKR1GO3SDNMHOPYVWQXD,3OONKJ5DKCJDG6Y19LY2XZXIBC1OBW,5,Submitted,Sat Nov 25 05:53:40 PST 2017,Fri Nov 24 12:53:12 PST 2017,Fri Nov 24 13:13:40 PST 2017,,,,,,[],"""cond1""",undefined,7.202233333333333
5,one_slider_practice,3rd dog did not jump,0.01,NA,english,2,Male,56,,Yes,no idea,3,Windows,768,1366,Chrome,3T2EL38U0MKKR1GO3SDNMHOPYVWQXD,3UFCYGUHNP4CXE3VBIPPD007NZATNX,Judging whether a speaker is right or wrong about a scenario,"In this task you will be watching a short video. At the end of the video, a puppet will make a statement and your goal is to say whether the puppett is right or wrong",language research UCI fun cognitive science university explanations,$1.25,Fri Nov 24 12:52:52 PST 2017,9,0,0,0,Reviewable,NotReviewed,1 cond,1800,60000,Sun Dec 24 12:52:52 PST 2017,https://requester.mturk.com/mturk/manageHIT?HITId=3T2EL38U0MKKR1GO3SDNMHOPYVWQXD,3OONKJ5DKCJDG6Y19LY2XZXIBC1OBW,5,Submitted,Sat Nov 25 05:53:40 PST 2017,Fri Nov 24 12:53:12 PST 2017,Fri Nov 24 13:13:40 PST 2017,,,,,,[],"""cond1""",undefined,7.202233333333333
5,one_slider,The smaller frog did not jump over the rock,0.99,cond2,english,2,Male,56,,Yes,no idea,3,Windows,768,1366,Chrome,3T2EL38U0MKKR1GO3SDNMHOPYVWQXD,3UFCYGUHNP4CXE3VBIPPD007NZATNX,Judging whether a speaker is right or wrong about a scenario,"In this task you will be watching a short video. At the end of the video, a puppet will make a statement and your goal is to say whether the puppett is right or wrong",language research UCI fun cognitive science university explanations,$1.25,Fri Nov 24 12:52:52 PST 2017,9,0,0,0,Reviewable,NotReviewed,1 cond,1800,60000,Sun Dec 24 12:52:52 PST 2017,https://requester.mturk.com/mturk/manageHIT?HITId=3T2EL38U0MKKR1GO3SDNMHOPYVWQXD,3OONKJ5DKCJDG6Y19LY2XZXIBC1OBW,5,Submitted,Sat Nov 25 05:53:40 PST 2017,Fri Nov 24 12:53:12 PST 2017,Fri Nov 24 13:13:40 PST 2017,,,,,,[],"""cond1""",undefined,7.202233333333333
5,one_slider,There are only two hippos,0.01,cond2,english,2,Male,56,,Yes,no idea,3,Windows,768,1366,Chrome,3T2EL38U0MKKR1GO3SDNMHOPYVWQXD,3UFCYGUHNP4CXE3VBIPPD007NZATNX,Judging whether a speaker is right or wrong about a scenario,"In this task you will be watching a short video. At the end of the video, a puppet will make a statement and your goal is to say whether the puppett is right or wrong",language research UCI fun cognitive science university explanations,$1.25,Fri Nov 24 12:52:52 PST 2017,9,0,0,0,Reviewable,NotReviewed,1 cond,1800,60000,Sun Dec 24 12:52:52 PST 2017,https://requester.mturk.com/mturk/manageHIT?HITId=3T2EL38U0MKKR1GO3SDNMHOPYVWQXD,3OONKJ5DKCJDG6Y19LY2XZXIBC1OBW,5,Submitted,Sat Nov 25 05:53:40 PST 2017,Fri Nov 24 12:53:12 PST 2017,Fri Nov 24 13:13:40 PST 2017,,,,,,[],"""cond1""",undefined,7.202233333333333
5,one_slider,The butterfly went to the city,0.03,cond1,english,2,Male,56,,Yes,no idea,3,Windows,768,1366,Chrome,3T2EL38U0MKKR1GO3SDNMHOPYVWQXD,3UFCYGUHNP4CXE3VBIPPD007NZATNX,Judging whether a speaker is right or wrong about a scenario,"In this task you will be watching a short video. At the end of the video, a puppet will make a statement and your goal is to say whether the puppett is right or wrong",language research UCI fun cognitive science university explanations,$1.25,Fri Nov 24 12:52:52 PST 2017,9,0,0,0,Reviewable,NotReviewed,1 cond,1800,60000,Sun Dec 24 12:52:52 PST 2017,https://requester.mturk.com/mturk/manageHIT?HITId=3T2EL38U0MKKR1GO3SDNMHOPYVWQXD,3OONKJ5DKCJDG6Y19LY2XZXIBC1OBW,5,Submitted,Sat Nov 25 05:53:40 PST 2017,Fri Nov 24 12:53:12 PST 2017,Fri Nov 24 13:13:40 PST 2017,,,,,,[],"""cond1""",undefined,7.202233333333333
5,one_slider,The first dog rolled the ball,0.03,cond1,english,2,Male,56,,Yes,no idea,3,Windows,768,1366,Chrome,3T2EL38U0MKKR1GO3SDNMHOPYVWQXD,3UFCYGUHNP4CXE3VBIPPD007NZATNX,Judging whether a speaker is right or wrong about a scenario,"In this task you will be watching a short video. At the end of the video, a puppet will make a statement and your goal is to say whether the puppett is right or wrong",language research UCI fun cognitive science university explanations,$1.25,Fri Nov 24 12:52:52 PST 2017,9,0,0,0,Reviewable,NotReviewed,1 cond,1800,60000,Sun Dec 24 12:52:52 PST 2017,https://requester.mturk.com/mturk/manageHIT?HITId=3T2EL38U0MKKR1GO3SDNMHOPYVWQXD,3OONKJ5DKCJDG6Y19LY2XZXIBC1OBW,5,Submitted,Sat Nov 25 05:53:40 PST 2017,Fri Nov 24 12:53:12 PST 2017,Fri Nov 24 13:13:40 PST 2017,,,,,,[],"""cond1""",undefined,7.202233333333333
5,one_slider,4 bought an egg but 2 is smaller so 2 bought eggs is right too,0.63,cond4,english,2,Male,56,,Yes,no idea,3,Windows,768,1366,Chrome,3T2EL38U0MKKR1GO3SDNMHOPYVWQXD,3UFCYGUHNP4CXE3VBIPPD007NZATNX,Judging whether a speaker is right or wrong about a scenario,"In this task you will be watching a short video. At the end of the video, a puppet will make a statement and your goal is to say whether the puppett is right or wrong",language research UCI fun cognitive science university explanations,$1.25,Fri Nov 24 12:52:52 PST 2017,9,0,0,0,Reviewable,NotReviewed,1 cond,1800,60000,Sun Dec 24 12:52:52 PST 2017,https://requester.mturk.com/mturk/manageHIT?HITId=3T2EL38U0MKKR1GO3SDNMHOPYVWQXD,3OONKJ5DKCJDG6Y19LY2XZXIBC1OBW,5,Submitted,Sat Nov 25 05:53:40 PST 2017,Fri Nov 24 12:53:12 PST 2017,Fri Nov 24 13:13:40 PST 2017,,,,,,[],"""cond1""",undefined,7.202233333333333
5,one_slider,only two lizards climbed on the book,0.01,cond3,english,2,Male,56,,Yes,no idea,3,Windows,768,1366,Chrome,3T2EL38U0MKKR1GO3SDNMHOPYVWQXD,3UFCYGUHNP4CXE3VBIPPD007NZATNX,Judging whether a speaker is right or wrong about a scenario,"In this task you will be watching a short video. At the end of the video, a puppet will make a statement and your goal is to say whether the puppett is right or wrong",language research UCI fun cognitive science university explanations,$1.25,Fri Nov 24 12:52:52 PST 2017,9,0,0,0,Reviewable,NotReviewed,1 cond,1800,60000,Sun Dec 24 12:52:52 PST 2017,https://requester.mturk.com/mturk/manageHIT?HITId=3T2EL38U0MKKR1GO3SDNMHOPYVWQXD,3OONKJ5DKCJDG6Y19LY2XZXIBC1OBW,5,Submitted,Sat Nov 25 05:53:40 PST 2017,Fri Nov 24 12:53:12 PST 2017,Fri Nov 24 13:13:40 PST 2017,,,,,,[],"""cond1""",undefined,7.202233333333333
5,one_slider,One dinosaur did eat a bug,0.04,cond1,english,2,Male,56,,Yes,no idea,3,Windows,768,1366,Chrome,3T2EL38U0MKKR1GO3SDNMHOPYVWQXD,3UFCYGUHNP4CXE3VBIPPD007NZATNX,Judging whether a speaker is right or wrong about a scenario,"In this task you will be watching a short video. At the end of the video, a puppet will make a statement and your goal is to say whether the puppett is right or wrong",language research UCI fun cognitive science university explanations,$1.25,Fri Nov 24 12:52:52 PST 2017,9,0,0,0,Reviewable,NotReviewed,1 cond,1800,60000,Sun Dec 24 12:52:52 PST 2017,https://requester.mturk.com/mturk/manageHIT?HITId=3T2EL38U0MKKR1GO3SDNMHOPYVWQXD,3OONKJ5DKCJDG6Y19LY2XZXIBC1OBW,5,Submitted,Sat Nov 25 05:53:40 PST 2017,Fri Nov 24 12:53:12 PST 2017,Fri Nov 24 13:13:40 PST 2017,,,,,,[],"""cond1""",undefined,7.202233333333333
6,one_slider_practice,He bought two cars and had 1 coin left,0.97,NA,English,1,Female,32,,Yes,Choices,1,Windows,720,1280,Chrome,3T2EL38U0MKKR1GO3SDNMHOPYVWQXD,3UFCYGUHNP4CXE3VBIPPD007NZATNX,Judging whether a speaker is right or wrong about a scenario,"In this task you will be watching a short video. At the end of the video, a puppet will make a statement and your goal is to say whether the puppett is right or wrong",language research UCI fun cognitive science university explanations,$1.25,Fri Nov 24 12:52:52 PST 2017,9,0,0,0,Reviewable,NotReviewed,1 cond,1800,60000,Sun Dec 24 12:52:52 PST 2017,https://requester.mturk.com/mturk/manageHIT?HITId=3T2EL38U0MKKR1GO3SDNMHOPYVWQXD,3WAKVUDHUWGLRZF8SQYVR33BA8Z7U7,6,Submitted,Sat Nov 25 06:00:31 PST 2017,Fri Nov 24 12:53:09 PST 2017,Fri Nov 24 13:20:31 PST 2017,,,,,,[],"""cond1""",undefined,6.9096166666666665
6,one_slider_practice,Only 1 dog jumped on the table.,0.04,NA,English,1,Female,32,,Yes,Choices,1,Windows,720,1280,Chrome,3T2EL38U0MKKR1GO3SDNMHOPYVWQXD,3UFCYGUHNP4CXE3VBIPPD007NZATNX,Judging whether a speaker is right or wrong about a scenario,"In this task you will be watching a short video. At the end of the video, a puppet will make a statement and your goal is to say whether the puppett is right or wrong",language research UCI fun cognitive science university explanations,$1.25,Fri Nov 24 12:52:52 PST 2017,9,0,0,0,Reviewable,NotReviewed,1 cond,1800,60000,Sun Dec 24 12:52:52 PST 2017,https://requester.mturk.com/mturk/manageHIT?HITId=3T2EL38U0MKKR1GO3SDNMHOPYVWQXD,3WAKVUDHUWGLRZF8SQYVR33BA8Z7U7,6,Submitted,Sat Nov 25 06:00:31 PST 2017,Fri Nov 24 12:53:09 PST 2017,Fri Nov 24 13:20:31 PST 2017,,,,,,[],"""cond1""",undefined,6.9096166666666665
6,one_slider,Only two jumped over the other two thought it was too high,0.95,cond3,English,1,Female,32,,Yes,Choices,1,Windows,720,1280,Chrome,3T2EL38U0MKKR1GO3SDNMHOPYVWQXD,3UFCYGUHNP4CXE3VBIPPD007NZATNX,Judging whether a speaker is right or wrong about a scenario,"In this task you will be watching a short video. At the end of the video, a puppet will make a statement and your goal is to say whether the puppett is right or wrong",language research UCI fun cognitive science university explanations,$1.25,Fri Nov 24 12:52:52 PST 2017,9,0,0,0,Reviewable,NotReviewed,1 cond,1800,60000,Sun Dec 24 12:52:52 PST 2017,https://requester.mturk.com/mturk/manageHIT?HITId=3T2EL38U0MKKR1GO3SDNMHOPYVWQXD,3WAKVUDHUWGLRZF8SQYVR33BA8Z7U7,6,Submitted,Sat Nov 25 06:00:31 PST 2017,Fri Nov 24 12:53:09 PST 2017,Fri Nov 24 13:20:31 PST 2017,,,,,,[],"""cond1""",undefined,6.9096166666666665
6,one_slider,There is only two hippos,0.03,cond4,English,1,Female,32,,Yes,Choices,1,Windows,720,1280,Chrome,3T2EL38U0MKKR1GO3SDNMHOPYVWQXD,3UFCYGUHNP4CXE3VBIPPD007NZATNX,Judging whether a speaker is right or wrong about a scenario,"In this task you will be watching a short video. At the end of the video, a puppet will make a statement and your goal is to say whether the puppett is right or wrong",language research UCI fun cognitive science university explanations,$1.25,Fri Nov 24 12:52:52 PST 2017,9,0,0,0,Reviewable,NotReviewed,1 cond,1800,60000,Sun Dec 24 12:52:52 PST 2017,https://requester.mturk.com/mturk/manageHIT?HITId=3T2EL38U0MKKR1GO3SDNMHOPYVWQXD,3WAKVUDHUWGLRZF8SQYVR33BA8Z7U7,6,Submitted,Sat Nov 25 06:00:31 PST 2017,Fri Nov 24 12:53:09 PST 2017,Fri Nov 24 13:20:31 PST 2017,,,,,,[],"""cond1""",undefined,6.9096166666666665
6,one_slider,One butterfly did go to the city,0.01,cond1,English,1,Female,32,,Yes,Choices,1,Windows,720,1280,Chrome,3T2EL38U0MKKR1GO3SDNMHOPYVWQXD,3UFCYGUHNP4CXE3VBIPPD007NZATNX,Judging whether a speaker is right or wrong about a scenario,"In this task you will be watching a short video. At the end of the video, a puppet will make a statement and your goal is to say whether the puppett is right or wrong",language research UCI fun cognitive science university explanations,$1.25,Fri Nov 24 12:52:52 PST 2017,9,0,0,0,Reviewable,NotReviewed,1 cond,1800,60000,Sun Dec 24 12:52:52 PST 2017,https://requester.mturk.com/mturk/manageHIT?HITId=3T2EL38U0MKKR1GO3SDNMHOPYVWQXD,3WAKVUDHUWGLRZF8SQYVR33BA8Z7U7,6,Submitted,Sat Nov 25 06:00:31 PST 2017,Fri Nov 24 12:53:09 PST 2017,Fri Nov 24 13:20:31 PST 2017,,,,,,[],"""cond1""",undefined,6.9096166666666665
6,one_slider,One dog did roll the ball.,0.02,cond2,English,1,Female,32,,Yes,Choices,1,Windows,720,1280,Chrome,3T2EL38U0MKKR1GO3SDNMHOPYVWQXD,3UFCYGUHNP4CXE3VBIPPD007NZATNX,Judging whether a speaker is right or wrong about a scenario,"In this task you will be watching a short video. At the end of the video, a puppet will make a statement and your goal is to say whether the puppett is right or wrong",language research UCI fun cognitive science university explanations,$1.25,Fri Nov 24 12:52:52 PST 2017,9,0,0,0,Reviewable,NotReviewed,1 cond,1800,60000,Sun Dec 24 12:52:52 PST 2017,https://requester.mturk.com/mturk/manageHIT?HITId=3T2EL38U0MKKR1GO3SDNMHOPYVWQXD,3WAKVUDHUWGLRZF8SQYVR33BA8Z7U7,6,Submitted,Sat Nov 25 06:00:31 PST 2017,Fri Nov 24 12:53:09 PST 2017,Fri Nov 24 13:20:31 PST 2017,,,,,,[],"""cond1""",undefined,6.9096166666666665
6,one_slider,Two lions did not buy either because they did not like them.,1,cond1,English,1,Female,32,,Yes,Choices,1,Windows,720,1280,Chrome,3T2EL38U0MKKR1GO3SDNMHOPYVWQXD,3UFCYGUHNP4CXE3VBIPPD007NZATNX,Judging whether a speaker is right or wrong about a scenario,"In this task you will be watching a short video. At the end of the video, a puppet will make a statement and your goal is to say whether the puppett is right or wrong",language research UCI fun cognitive science university explanations,$1.25,Fri Nov 24 12:52:52 PST 2017,9,0,0,0,Reviewable,NotReviewed,1 cond,1800,60000,Sun Dec 24 12:52:52 PST 2017,https://requester.mturk.com/mturk/manageHIT?HITId=3T2EL38U0MKKR1GO3SDNMHOPYVWQXD,3WAKVUDHUWGLRZF8SQYVR33BA8Z7U7,6,Submitted,Sat Nov 25 06:00:31 PST 2017,Fri Nov 24 12:53:09 PST 2017,Fri Nov 24 13:20:31 PST 2017,,,,,,[],"""cond1""",undefined,6.9096166666666665
6,one_slider,Two lizards thought the book was too high.,0.02,cond3,English,1,Female,32,,Yes,Choices,1,Windows,720,1280,Chrome,3T2EL38U0MKKR1GO3SDNMHOPYVWQXD,3UFCYGUHNP4CXE3VBIPPD007NZATNX,Judging whether a speaker is right or wrong about a scenario,"In this task you will be watching a short video. At the end of the video, a puppet will make a statement and your goal is to say whether the puppett is right or wrong",language research UCI fun cognitive science university explanations,$1.25,Fri Nov 24 12:52:52 PST 2017,9,0,0,0,Reviewable,NotReviewed,1 cond,1800,60000,Sun Dec 24 12:52:52 PST 2017,https://requester.mturk.com/mturk/manageHIT?HITId=3T2EL38U0MKKR1GO3SDNMHOPYVWQXD,3WAKVUDHUWGLRZF8SQYVR33BA8Z7U7,6,Submitted,Sat Nov 25 06:00:31 PST 2017,Fri Nov 24 12:53:09 PST 2017,Fri Nov 24 13:20:31 PST 2017,,,,,,[],"""cond1""",undefined,6.9096166666666665
6,one_slider,One dinosaur was too full to eat a bug.,0.02,cond1,English,1,Female,32,,Yes,Choices,1,Windows,720,1280,Chrome,3T2EL38U0MKKR1GO3SDNMHOPYVWQXD,3UFCYGUHNP4CXE3VBIPPD007NZATNX,Judging whether a speaker is right or wrong about a scenario,"In this task you will be watching a short video. At the end of the video, a puppet will make a statement and your goal is to say whether the puppett is right or wrong",language research UCI fun cognitive science university explanations,$1.25,Fri Nov 24 12:52:52 PST 2017,9,0,0,0,Reviewable,NotReviewed,1 cond,1800,60000,Sun Dec 24 12:52:52 PST 2017,https://requester.mturk.com/mturk/manageHIT?HITId=3T2EL38U0MKKR1GO3SDNMHOPYVWQXD,3WAKVUDHUWGLRZF8SQYVR33BA8Z7U7,6,Submitted,Sat Nov 25 06:00:31 PST 2017,Fri Nov 24 12:53:09 PST 2017,Fri Nov 24 13:20:31 PST 2017,,,,,,[],"""cond1""",undefined,6.9096166666666665
7,one_slider_practice,He paid 2 pennies for each,1,NA,English,2,Female,34,,Yes,Not sure,3,Windows,1080,1920,Chrome,3T2EL38U0MKKR1GO3SDNMHOPYVWQXD,3UFCYGUHNP4CXE3VBIPPD007NZATNX,Judging whether a speaker is right or wrong about a scenario,"In this task you will be watching a short video. At the end of the video, a puppet will make a statement and your goal is to say whether the puppett is right or wrong",language research UCI fun cognitive science university explanations,$1.25,Fri Nov 24 12:52:52 PST 2017,9,0,0,0,Reviewable,NotReviewed,1 cond,1800,60000,Sun Dec 24 12:52:52 PST 2017,https://requester.mturk.com/mturk/manageHIT?HITId=3T2EL38U0MKKR1GO3SDNMHOPYVWQXD,36ZN444YTRYN3EC7FVQJJM1V62RIO5,7,Submitted,Sat Nov 25 06:48:35 PST 2017,Fri Nov 24 13:55:16 PST 2017,Fri Nov 24 14:08:35 PST 2017,,,,,,[],"""cond1""",undefined,13.1648
7,one_slider_practice,One was too small to jump,0,NA,English,2,Female,34,,Yes,Not sure,3,Windows,1080,1920,Chrome,3T2EL38U0MKKR1GO3SDNMHOPYVWQXD,3UFCYGUHNP4CXE3VBIPPD007NZATNX,Judging whether a speaker is right or wrong about a scenario,"In this task you will be watching a short video. At the end of the video, a puppet will make a statement and your goal is to say whether the puppett is right or wrong",language research UCI fun cognitive science university explanations,$1.25,Fri Nov 24 12:52:52 PST 2017,9,0,0,0,Reviewable,NotReviewed,1 cond,1800,60000,Sun Dec 24 12:52:52 PST 2017,https://requester.mturk.com/mturk/manageHIT?HITId=3T2EL38U0MKKR1GO3SDNMHOPYVWQXD,36ZN444YTRYN3EC7FVQJJM1V62RIO5,7,Submitted,Sat Nov 25 06:48:35 PST 2017,Fri Nov 24 13:55:16 PST 2017,Fri Nov 24 14:08:35 PST 2017,,,,,,[],"""cond1""",undefined,13.1648
7,one_slider,THe 2nd frog thought the rock was too big to jump over,1,cond2,English,2,Female,34,,Yes,Not sure,3,Windows,1080,1920,Chrome,3T2EL38U0MKKR1GO3SDNMHOPYVWQXD,3UFCYGUHNP4CXE3VBIPPD007NZATNX,Judging whether a speaker is right or wrong about a scenario,"In this task you will be watching a short video. At the end of the video, a puppet will make a statement and your goal is to say whether the puppett is right or wrong",language research UCI fun cognitive science university explanations,$1.25,Fri Nov 24 12:52:52 PST 2017,9,0,0,0,Reviewable,NotReviewed,1 cond,1800,60000,Sun Dec 24 12:52:52 PST 2017,https://requester.mturk.com/mturk/manageHIT?HITId=3T2EL38U0MKKR1GO3SDNMHOPYVWQXD,36ZN444YTRYN3EC7FVQJJM1V62RIO5,7,Submitted,Sat Nov 25 06:48:35 PST 2017,Fri Nov 24 13:55:16 PST 2017,Fri Nov 24 14:08:35 PST 2017,,,,,,[],"""cond1""",undefined,13.1648
7,one_slider,There was only two hippos,0,cond2,English,2,Female,34,,Yes,Not sure,3,Windows,1080,1920,Chrome,3T2EL38U0MKKR1GO3SDNMHOPYVWQXD,3UFCYGUHNP4CXE3VBIPPD007NZATNX,Judging whether a speaker is right or wrong about a scenario,"In this task you will be watching a short video. At the end of the video, a puppet will make a statement and your goal is to say whether the puppett is right or wrong",language research UCI fun cognitive science university explanations,$1.25,Fri Nov 24 12:52:52 PST 2017,9,0,0,0,Reviewable,NotReviewed,1 cond,1800,60000,Sun Dec 24 12:52:52 PST 2017,https://requester.mturk.com/mturk/manageHIT?HITId=3T2EL38U0MKKR1GO3SDNMHOPYVWQXD,36ZN444YTRYN3EC7FVQJJM1V62RIO5,7,Submitted,Sat Nov 25 06:48:35 PST 2017,Fri Nov 24 13:55:16 PST 2017,Fri Nov 24 14:08:35 PST 2017,,,,,,[],"""cond1""",undefined,13.1648
7,one_slider,The 2nd butterfly went to the forrest,1,cond1,English,2,Female,34,,Yes,Not sure,3,Windows,1080,1920,Chrome,3T2EL38U0MKKR1GO3SDNMHOPYVWQXD,3UFCYGUHNP4CXE3VBIPPD007NZATNX,Judging whether a speaker is right or wrong about a scenario,"In this task you will be watching a short video. At the end of the video, a puppet will make a statement and your goal is to say whether the puppett is right or wrong",language research UCI fun cognitive science university explanations,$1.25,Fri Nov 24 12:52:52 PST 2017,9,0,0,0,Reviewable,NotReviewed,1 cond,1800,60000,Sun Dec 24 12:52:52 PST 2017,https://requester.mturk.com/mturk/manageHIT?HITId=3T2EL38U0MKKR1GO3SDNMHOPYVWQXD,36ZN444YTRYN3EC7FVQJJM1V62RIO5,7,Submitted,Sat Nov 25 06:48:35 PST 2017,Fri Nov 24 13:55:16 PST 2017,Fri Nov 24 14:08:35 PST 2017,,,,,,[],"""cond1""",undefined,13.1648
7,one_slider,The first dog rolled his ball,0,cond1,English,2,Female,34,,Yes,Not sure,3,Windows,1080,1920,Chrome,3T2EL38U0MKKR1GO3SDNMHOPYVWQXD,3UFCYGUHNP4CXE3VBIPPD007NZATNX,Judging whether a speaker is right or wrong about a scenario,"In this task you will be watching a short video. At the end of the video, a puppet will make a statement and your goal is to say whether the puppett is right or wrong",language research UCI fun cognitive science university explanations,$1.25,Fri Nov 24 12:52:52 PST 2017,9,0,0,0,Reviewable,NotReviewed,1 cond,1800,60000,Sun Dec 24 12:52:52 PST 2017,https://requester.mturk.com/mturk/manageHIT?HITId=3T2EL38U0MKKR1GO3SDNMHOPYVWQXD,36ZN444YTRYN3EC7FVQJJM1V62RIO5,7,Submitted,Sat Nov 25 06:48:35 PST 2017,Fri Nov 24 13:55:16 PST 2017,Fri Nov 24 14:08:35 PST 2017,,,,,,[],"""cond1""",undefined,13.1648
7,one_slider,All 4 lions bought eggs,0,cond4,English,2,Female,34,,Yes,Not sure,3,Windows,1080,1920,Chrome,3T2EL38U0MKKR1GO3SDNMHOPYVWQXD,3UFCYGUHNP4CXE3VBIPPD007NZATNX,Judging whether a speaker is right or wrong about a scenario,"In this task you will be watching a short video. At the end of the video, a puppet will make a statement and your goal is to say whether the puppett is right or wrong",language research UCI fun cognitive science university explanations,$1.25,Fri Nov 24 12:52:52 PST 2017,9,0,0,0,Reviewable,NotReviewed,1 cond,1800,60000,Sun Dec 24 12:52:52 PST 2017,https://requester.mturk.com/mturk/manageHIT?HITId=3T2EL38U0MKKR1GO3SDNMHOPYVWQXD,36ZN444YTRYN3EC7FVQJJM1V62RIO5,7,Submitted,Sat Nov 25 06:48:35 PST 2017,Fri Nov 24 13:55:16 PST 2017,Fri Nov 24 14:08:35 PST 2017,,,,,,[],"""cond1""",undefined,13.1648
7,one_slider,Two lizards thought the book was too high,0,cond2,English,2,Female,34,,Yes,Not sure,3,Windows,1080,1920,Chrome,3T2EL38U0MKKR1GO3SDNMHOPYVWQXD,3UFCYGUHNP4CXE3VBIPPD007NZATNX,Judging whether a speaker is right or wrong about a scenario,"In this task you will be watching a short video. At the end of the video, a puppet will make a statement and your goal is to say whether the puppett is right or wrong",language research UCI fun cognitive science university explanations,$1.25,Fri Nov 24 12:52:52 PST 2017,9,0,0,0,Reviewable,NotReviewed,1 cond,1800,60000,Sun Dec 24 12:52:52 PST 2017,https://requester.mturk.com/mturk/manageHIT?HITId=3T2EL38U0MKKR1GO3SDNMHOPYVWQXD,36ZN444YTRYN3EC7FVQJJM1V62RIO5,7,Submitted,Sat Nov 25 06:48:35 PST 2017,Fri Nov 24 13:55:16 PST 2017,Fri Nov 24 14:08:35 PST 2017,,,,,,[],"""cond1""",undefined,13.1648
7,one_slider,One ate a bug cause it was easier to catch,0,cond1,English,2,Female,34,,Yes,Not sure,3,Windows,1080,1920,Chrome,3T2EL38U0MKKR1GO3SDNMHOPYVWQXD,3UFCYGUHNP4CXE3VBIPPD007NZATNX,Judging whether a speaker is right or wrong about a scenario,"In this task you will be watching a short video. At the end of the video, a puppet will make a statement and your goal is to say whether the puppett is right or wrong",language research UCI fun cognitive science university explanations,$1.25,Fri Nov 24 12:52:52 PST 2017,9,0,0,0,Reviewable,NotReviewed,1 cond,1800,60000,Sun Dec 24 12:52:52 PST 2017,https://requester.mturk.com/mturk/manageHIT?HITId=3T2EL38U0MKKR1GO3SDNMHOPYVWQXD,36ZN444YTRYN3EC7FVQJJM1V62RIO5,7,Submitted,Sat Nov 25 06:48:35 PST 2017,Fri Nov 24 13:55:16 PST 2017,Fri Nov 24 14:08:35 PST 2017,,,,,,[],"""cond1""",undefined,13.1648
8,one_slider_practice,"I saw him buy one, and then another.",0.97,NA,American English,2,Male,58,I would have liked to have seen a &quotecharjustification&quotechar or two in the examples.  I was concerned about possibly not knowing what was wanted there.  ,Yes,Analysis of interpretations of linguistic communication,2,Windows,615,1093,Chrome,3T2EL38U0MKKR1GO3SDNMHOPYVWQXD,3UFCYGUHNP4CXE3VBIPPD007NZATNX,Judging whether a speaker is right or wrong about a scenario,"In this task you will be watching a short video. At the end of the video, a puppet will make a statement and your goal is to say whether the puppett is right or wrong",language research UCI fun cognitive science university explanations,$1.25,Fri Nov 24 12:52:52 PST 2017,9,0,0,0,Reviewable,NotReviewed,1 cond,1800,60000,Sun Dec 24 12:52:52 PST 2017,https://requester.mturk.com/mturk/manageHIT?HITId=3T2EL38U0MKKR1GO3SDNMHOPYVWQXD,3XC1O3LBOSM567PLWF9V5CZAME1TLF,8,Submitted,Sat Nov 25 06:55:44 PST 2017,Fri Nov 24 13:51:59 PST 2017,Fri Nov 24 14:15:44 PST 2017,,,,,,[],"""cond2""",undefined,23.104383333333335
8,one_slider_practice,The third of three dogs did not jump because he was too small to do so.,0,NA,American English,2,Male,58,I would have liked to have seen a &quotecharjustification&quotechar or two in the examples.  I was concerned about possibly not knowing what was wanted there.  ,Yes,Analysis of interpretations of linguistic communication,2,Windows,615,1093,Chrome,3T2EL38U0MKKR1GO3SDNMHOPYVWQXD,3UFCYGUHNP4CXE3VBIPPD007NZATNX,Judging whether a speaker is right or wrong about a scenario,"In this task you will be watching a short video. At the end of the video, a puppet will make a statement and your goal is to say whether the puppett is right or wrong",language research UCI fun cognitive science university explanations,$1.25,Fri Nov 24 12:52:52 PST 2017,9,0,0,0,Reviewable,NotReviewed,1 cond,1800,60000,Sun Dec 24 12:52:52 PST 2017,https://requester.mturk.com/mturk/manageHIT?HITId=3T2EL38U0MKKR1GO3SDNMHOPYVWQXD,3XC1O3LBOSM567PLWF9V5CZAME1TLF,8,Submitted,Sat Nov 25 06:55:44 PST 2017,Fri Nov 24 13:51:59 PST 2017,Fri Nov 24 14:15:44 PST 2017,,,,,,[],"""cond2""",undefined,23.104383333333335
8,one_slider,Two of four frogs were too small to jump over the rock.,0.98,cond3,American English,2,Male,58,I would have liked to have seen a &quotecharjustification&quotechar or two in the examples.  I was concerned about possibly not knowing what was wanted there.  ,Yes,Analysis of interpretations of linguistic communication,2,Windows,615,1093,Chrome,3T2EL38U0MKKR1GO3SDNMHOPYVWQXD,3UFCYGUHNP4CXE3VBIPPD007NZATNX,Judging whether a speaker is right or wrong about a scenario,"In this task you will be watching a short video. At the end of the video, a puppet will make a statement and your goal is to say whether the puppett is right or wrong",language research UCI fun cognitive science university explanations,$1.25,Fri Nov 24 12:52:52 PST 2017,9,0,0,0,Reviewable,NotReviewed,1 cond,1800,60000,Sun Dec 24 12:52:52 PST 2017,https://requester.mturk.com/mturk/manageHIT?HITId=3T2EL38U0MKKR1GO3SDNMHOPYVWQXD,3XC1O3LBOSM567PLWF9V5CZAME1TLF,8,Submitted,Sat Nov 25 06:55:44 PST 2017,Fri Nov 24 13:51:59 PST 2017,Fri Nov 24 14:15:44 PST 2017,,,,,,[],"""cond2""",undefined,23.104383333333335
8,one_slider,We were only shown two hippos and two containers of milk.,0,cond2,American English,2,Male,58,I would have liked to have seen a &quotecharjustification&quotechar or two in the examples.  I was concerned about possibly not knowing what was wanted there.  ,Yes,Analysis of interpretations of linguistic communication,2,Windows,615,1093,Chrome,3T2EL38U0MKKR1GO3SDNMHOPYVWQXD,3UFCYGUHNP4CXE3VBIPPD007NZATNX,Judging whether a speaker is right or wrong about a scenario,"In this task you will be watching a short video. At the end of the video, a puppet will make a statement and your goal is to say whether the puppett is right or wrong",language research UCI fun cognitive science university explanations,$1.25,Fri Nov 24 12:52:52 PST 2017,9,0,0,0,Reviewable,NotReviewed,1 cond,1800,60000,Sun Dec 24 12:52:52 PST 2017,https://requester.mturk.com/mturk/manageHIT?HITId=3T2EL38U0MKKR1GO3SDNMHOPYVWQXD,3XC1O3LBOSM567PLWF9V5CZAME1TLF,8,Submitted,Sat Nov 25 06:55:44 PST 2017,Fri Nov 24 13:51:59 PST 2017,Fri Nov 24 14:15:44 PST 2017,,,,,,[],"""cond2""",undefined,23.104383333333335
8,one_slider,"Two butterflies went to the forest originally, but one decided to continue to the city. ",0.98,cond2,American English,2,Male,58,I would have liked to have seen a &quotecharjustification&quotechar or two in the examples.  I was concerned about possibly not knowing what was wanted there.  ,Yes,Analysis of interpretations of linguistic communication,2,Windows,615,1093,Chrome,3T2EL38U0MKKR1GO3SDNMHOPYVWQXD,3UFCYGUHNP4CXE3VBIPPD007NZATNX,Judging whether a speaker is right or wrong about a scenario,"In this task you will be watching a short video. At the end of the video, a puppet will make a statement and your goal is to say whether the puppett is right or wrong",language research UCI fun cognitive science university explanations,$1.25,Fri Nov 24 12:52:52 PST 2017,9,0,0,0,Reviewable,NotReviewed,1 cond,1800,60000,Sun Dec 24 12:52:52 PST 2017,https://requester.mturk.com/mturk/manageHIT?HITId=3T2EL38U0MKKR1GO3SDNMHOPYVWQXD,3XC1O3LBOSM567PLWF9V5CZAME1TLF,8,Submitted,Sat Nov 25 06:55:44 PST 2017,Fri Nov 24 13:51:59 PST 2017,Fri Nov 24 14:15:44 PST 2017,,,,,,[],"""cond2""",undefined,23.104383333333335
8,one_slider,"One of two dogs did, but the other decided against it.",0,cond3,American English,2,Male,58,I would have liked to have seen a &quotecharjustification&quotechar or two in the examples.  I was concerned about possibly not knowing what was wanted there.  ,Yes,Analysis of interpretations of linguistic communication,2,Windows,615,1093,Chrome,3T2EL38U0MKKR1GO3SDNMHOPYVWQXD,3UFCYGUHNP4CXE3VBIPPD007NZATNX,Judging whether a speaker is right or wrong about a scenario,"In this task you will be watching a short video. At the end of the video, a puppet will make a statement and your goal is to say whether the puppett is right or wrong",language research UCI fun cognitive science university explanations,$1.25,Fri Nov 24 12:52:52 PST 2017,9,0,0,0,Reviewable,NotReviewed,1 cond,1800,60000,Sun Dec 24 12:52:52 PST 2017,https://requester.mturk.com/mturk/manageHIT?HITId=3T2EL38U0MKKR1GO3SDNMHOPYVWQXD,3XC1O3LBOSM567PLWF9V5CZAME1TLF,8,Submitted,Sat Nov 25 06:55:44 PST 2017,Fri Nov 24 13:51:59 PST 2017,Fri Nov 24 14:15:44 PST 2017,,,,,,[],"""cond2""",undefined,23.104383333333335
8,one_slider,"Two lions both bought eggs, but only ONE lion bought a cookie.",0.49,cond2,American English,2,Male,58,I would have liked to have seen a &quotecharjustification&quotechar or two in the examples.  I was concerned about possibly not knowing what was wanted there.  ,Yes,Analysis of interpretations of linguistic communication,2,Windows,615,1093,Chrome,3T2EL38U0MKKR1GO3SDNMHOPYVWQXD,3UFCYGUHNP4CXE3VBIPPD007NZATNX,Judging whether a speaker is right or wrong about a scenario,"In this task you will be watching a short video. At the end of the video, a puppet will make a statement and your goal is to say whether the puppett is right or wrong",language research UCI fun cognitive science university explanations,$1.25,Fri Nov 24 12:52:52 PST 2017,9,0,0,0,Reviewable,NotReviewed,1 cond,1800,60000,Sun Dec 24 12:52:52 PST 2017,https://requester.mturk.com/mturk/manageHIT?HITId=3T2EL38U0MKKR1GO3SDNMHOPYVWQXD,3XC1O3LBOSM567PLWF9V5CZAME1TLF,8,Submitted,Sat Nov 25 06:55:44 PST 2017,Fri Nov 24 13:51:59 PST 2017,Fri Nov 24 14:15:44 PST 2017,,,,,,[],"""cond2""",undefined,23.104383333333335
8,one_slider,Only two of four lizards jumped on the book.,0.01,cond1,American English,2,Male,58,I would have liked to have seen a &quotecharjustification&quotechar or two in the examples.  I was concerned about possibly not knowing what was wanted there.  ,Yes,Analysis of interpretations of linguistic communication,2,Windows,615,1093,Chrome,3T2EL38U0MKKR1GO3SDNMHOPYVWQXD,3UFCYGUHNP4CXE3VBIPPD007NZATNX,Judging whether a speaker is right or wrong about a scenario,"In this task you will be watching a short video. At the end of the video, a puppet will make a statement and your goal is to say whether the puppett is right or wrong",language research UCI fun cognitive science university explanations,$1.25,Fri Nov 24 12:52:52 PST 2017,9,0,0,0,Reviewable,NotReviewed,1 cond,1800,60000,Sun Dec 24 12:52:52 PST 2017,https://requester.mturk.com/mturk/manageHIT?HITId=3T2EL38U0MKKR1GO3SDNMHOPYVWQXD,3XC1O3LBOSM567PLWF9V5CZAME1TLF,8,Submitted,Sat Nov 25 06:55:44 PST 2017,Fri Nov 24 13:51:59 PST 2017,Fri Nov 24 14:15:44 PST 2017,,,,,,[],"""cond2""",undefined,23.104383333333335
8,one_slider,"Two dinosaurs did eat bugs, but only ONE dinosaur ate a fish.  (Correctness rating for these situations is based on the somewhat ambiguous language)",0.49,cond2,American English,2,Male,58,I would have liked to have seen a &quotecharjustification&quotechar or two in the examples.  I was concerned about possibly not knowing what was wanted there.  ,Yes,Analysis of interpretations of linguistic communication,2,Windows,615,1093,Chrome,3T2EL38U0MKKR1GO3SDNMHOPYVWQXD,3UFCYGUHNP4CXE3VBIPPD007NZATNX,Judging whether a speaker is right or wrong about a scenario,"In this task you will be watching a short video. At the end of the video, a puppet will make a statement and your goal is to say whether the puppett is right or wrong",language research UCI fun cognitive science university explanations,$1.25,Fri Nov 24 12:52:52 PST 2017,9,0,0,0,Reviewable,NotReviewed,1 cond,1800,60000,Sun Dec 24 12:52:52 PST 2017,https://requester.mturk.com/mturk/manageHIT?HITId=3T2EL38U0MKKR1GO3SDNMHOPYVWQXD,3XC1O3LBOSM567PLWF9V5CZAME1TLF,8,Submitted,Sat Nov 25 06:55:44 PST 2017,Fri Nov 24 13:51:59 PST 2017,Fri Nov 24 14:15:44 PST 2017,,,,,,[],"""cond2""",undefined,23.104383333333335
