workerid,hitid,hittypeid,title,description,keywords,reward,creationtime,assignments,numavailable,numpending,numcomplete,hitstatus,reviewstatus,annotation,assignmentduration,autoapprovaldelay,hitlifetime,viewhit,assignmentid,workerid,assignmentstatus,autoapprovaltime,assignmentaccepttime,assignmentsubmittime,assignmentapprovaltime,assignmentrejecttime,deadline,feedback,reject,Answer.catch_trials,Answer.condition,Answer.justification,Answer.time_in_minutes
0,3T2EL38U0MKKR1GO3SDNMHOPYVWQXD,3UFCYGUHNP4CXE3VBIPPD007NZATNX,Judging whether a speaker is right or wrong about a scenario,"In this task you will be watching a short video. At the end of the video, a puppet will make a statement and your goal is to say whether the puppett is right or wrong",language research UCI fun cognitive science university explanations,$1.25,Fri Nov 24 12:52:52 PST 2017,9,0,0,0,Reviewable,NotReviewed,1 cond,1800,60000,Sun Dec 24 12:52:52 PST 2017,https://requester.mturk.com/mturk/manageHIT?HITId=3T2EL38U0MKKR1GO3SDNMHOPYVWQXD,31Z0PCVWUKF6RM0JSL8LM7H9RUS7TG,0,Submitted,Sat Nov 25 05:39:55 PST 2017,Fri Nov 24 12:53:04 PST 2017,Fri Nov 24 12:59:55 PST 2017,,,,,,[],"""cond1""",undefined,6.04005
1,3T2EL38U0MKKR1GO3SDNMHOPYVWQXD,3UFCYGUHNP4CXE3VBIPPD007NZATNX,Judging whether a speaker is right or wrong about a scenario,"In this task you will be watching a short video. At the end of the video, a puppet will make a statement and your goal is to say whether the puppett is right or wrong",language research UCI fun cognitive science university explanations,$1.25,Fri Nov 24 12:52:52 PST 2017,9,0,0,0,Reviewable,NotReviewed,1 cond,1800,60000,Sun Dec 24 12:52:52 PST 2017,https://requester.mturk.com/mturk/manageHIT?HITId=3T2EL38U0MKKR1GO3SDNMHOPYVWQXD,336YQZE83VENRNWGVVSC298L6G15MY,1,Submitted,Sat Nov 25 05:41:23 PST 2017,Fri Nov 24 12:53:09 PST 2017,Fri Nov 24 13:01:23 PST 2017,,,,,,[],"""cond3""",undefined,8.119883333333334
2,3T2EL38U0MKKR1GO3SDNMHOPYVWQXD,3UFCYGUHNP4CXE3VBIPPD007NZATNX,Judging whether a speaker is right or wrong about a scenario,"In this task you will be watching a short video. At the end of the video, a puppet will make a statement and your goal is to say whether the puppett is right or wrong",language research UCI fun cognitive science university explanations,$1.25,Fri Nov 24 12:52:52 PST 2017,9,0,0,0,Reviewable,NotReviewed,1 cond,1800,60000,Sun Dec 24 12:52:52 PST 2017,https://requester.mturk.com/mturk/manageHIT?HITId=3T2EL38U0MKKR1GO3SDNMHOPYVWQXD,3IAEQB9FMEKE0C5NE3GI9JY4HZCWDN,2,Submitted,Sat Nov 25 05:43:08 PST 2017,Fri Nov 24 12:53:12 PST 2017,Fri Nov 24 13:03:08 PST 2017,,,,,,[],"""cond3""",undefined,9.78545
3,3T2EL38U0MKKR1GO3SDNMHOPYVWQXD,3UFCYGUHNP4CXE3VBIPPD007NZATNX,Judging whether a speaker is right or wrong about a scenario,"In this task you will be watching a short video. At the end of the video, a puppet will make a statement and your goal is to say whether the puppett is right or wrong",language research UCI fun cognitive science university explanations,$1.25,Fri Nov 24 12:52:52 PST 2017,9,0,0,0,Reviewable,NotReviewed,1 cond,1800,60000,Sun Dec 24 12:52:52 PST 2017,https://requester.mturk.com/mturk/manageHIT?HITId=3T2EL38U0MKKR1GO3SDNMHOPYVWQXD,30LB5CDZNCAOVN9YDECUTG834C80ZP,3,Submitted,Sat Nov 25 05:47:18 PST 2017,Fri Nov 24 12:53:03 PST 2017,Fri Nov 24 13:07:18 PST 2017,,,,,,[],"""cond1""",undefined,7.480033333333333
4,3T2EL38U0MKKR1GO3SDNMHOPYVWQXD,3UFCYGUHNP4CXE3VBIPPD007NZATNX,Judging whether a speaker is right or wrong about a scenario,"In this task you will be watching a short video. At the end of the video, a puppet will make a statement and your goal is to say whether the puppett is right or wrong",language research UCI fun cognitive science university explanations,$1.25,Fri Nov 24 12:52:52 PST 2017,9,0,0,0,Reviewable,NotReviewed,1 cond,1800,60000,Sun Dec 24 12:52:52 PST 2017,https://requester.mturk.com/mturk/manageHIT?HITId=3T2EL38U0MKKR1GO3SDNMHOPYVWQXD,34Q075JO1XDR0ROQ53321MORRXV101,4,Submitted,Sat Nov 25 05:48:20 PST 2017,Fri Nov 24 12:53:09 PST 2017,Fri Nov 24 13:08:20 PST 2017,,,,,,[],"""cond3""",undefined,15.118316666666667
5,3T2EL38U0MKKR1GO3SDNMHOPYVWQXD,3UFCYGUHNP4CXE3VBIPPD007NZATNX,Judging whether a speaker is right or wrong about a scenario,"In this task you will be watching a short video. At the end of the video, a puppet will make a statement and your goal is to say whether the puppett is right or wrong",language research UCI fun cognitive science university explanations,$1.25,Fri Nov 24 12:52:52 PST 2017,9,0,0,0,Reviewable,NotReviewed,1 cond,1800,60000,Sun Dec 24 12:52:52 PST 2017,https://requester.mturk.com/mturk/manageHIT?HITId=3T2EL38U0MKKR1GO3SDNMHOPYVWQXD,3OONKJ5DKCJDG6Y19LY2XZXIBC1OBW,5,Submitted,Sat Nov 25 05:53:40 PST 2017,Fri Nov 24 12:53:12 PST 2017,Fri Nov 24 13:13:40 PST 2017,,,,,,[],"""cond1""",undefined,7.202233333333333
6,3T2EL38U0MKKR1GO3SDNMHOPYVWQXD,3UFCYGUHNP4CXE3VBIPPD007NZATNX,Judging whether a speaker is right or wrong about a scenario,"In this task you will be watching a short video. At the end of the video, a puppet will make a statement and your goal is to say whether the puppett is right or wrong",language research UCI fun cognitive science university explanations,$1.25,Fri Nov 24 12:52:52 PST 2017,9,0,0,0,Reviewable,NotReviewed,1 cond,1800,60000,Sun Dec 24 12:52:52 PST 2017,https://requester.mturk.com/mturk/manageHIT?HITId=3T2EL38U0MKKR1GO3SDNMHOPYVWQXD,3WAKVUDHUWGLRZF8SQYVR33BA8Z7U7,6,Submitted,Sat Nov 25 06:00:31 PST 2017,Fri Nov 24 12:53:09 PST 2017,Fri Nov 24 13:20:31 PST 2017,,,,,,[],"""cond1""",undefined,6.9096166666666665
7,3T2EL38U0MKKR1GO3SDNMHOPYVWQXD,3UFCYGUHNP4CXE3VBIPPD007NZATNX,Judging whether a speaker is right or wrong about a scenario,"In this task you will be watching a short video. At the end of the video, a puppet will make a statement and your goal is to say whether the puppett is right or wrong",language research UCI fun cognitive science university explanations,$1.25,Fri Nov 24 12:52:52 PST 2017,9,0,0,0,Reviewable,NotReviewed,1 cond,1800,60000,Sun Dec 24 12:52:52 PST 2017,https://requester.mturk.com/mturk/manageHIT?HITId=3T2EL38U0MKKR1GO3SDNMHOPYVWQXD,36ZN444YTRYN3EC7FVQJJM1V62RIO5,7,Submitted,Sat Nov 25 06:48:35 PST 2017,Fri Nov 24 13:55:16 PST 2017,Fri Nov 24 14:08:35 PST 2017,,,,,,[],"""cond1""",undefined,13.1648
8,3T2EL38U0MKKR1GO3SDNMHOPYVWQXD,3UFCYGUHNP4CXE3VBIPPD007NZATNX,Judging whether a speaker is right or wrong about a scenario,"In this task you will be watching a short video. At the end of the video, a puppet will make a statement and your goal is to say whether the puppett is right or wrong",language research UCI fun cognitive science university explanations,$1.25,Fri Nov 24 12:52:52 PST 2017,9,0,0,0,Reviewable,NotReviewed,1 cond,1800,60000,Sun Dec 24 12:52:52 PST 2017,https://requester.mturk.com/mturk/manageHIT?HITId=3T2EL38U0MKKR1GO3SDNMHOPYVWQXD,3XC1O3LBOSM567PLWF9V5CZAME1TLF,8,Submitted,Sat Nov 25 06:55:44 PST 2017,Fri Nov 24 13:51:59 PST 2017,Fri Nov 24 14:15:44 PST 2017,,,,,,[],"""cond2""",undefined,23.104383333333335
