workerid,hitid,hittypeid,title,description,keywords,reward,creationtime,assignments,numavailable,numpending,numcomplete,hitstatus,reviewstatus,annotation,assignmentduration,autoapprovaldelay,hitlifetime,viewhit,assignmentid,workerid,assignmentstatus,autoapprovaltime,assignmentaccepttime,assignmentsubmittime,assignmentapprovaltime,assignmentrejecttime,deadline,feedback,reject,Answer.catch_trials,Answer.condition,Answer.justification,Answer.time_in_minutes
0,301KG0KX9CL6DSEOWD50ND2SUZZH2X,3UFCYGUHNP4CXE3VBIPPD007NZATNX,Judging whether a speaker is right or wrong about a scenario,"In this task you will be watching a short video. At the end of the video, a puppet will make a statement and your goal is to say whether the puppett is right or wrong",language research UCI fun cognitive science university explanations,$1.25,Fri Nov 24 12:53:33 PST 2017,9,0,0,0,Reviewable,NotReviewed,1 cond,1800,60000,Sun Dec 24 12:53:33 PST 2017,https://requester.mturk.com/mturk/manageHIT?HITId=301KG0KX9CL6DSEOWD50ND2SUZZH2X,3U84XHCDICD5UBRZWFZW5JYGLONZ43,0,Submitted,Sat Nov 25 05:42:25 PST 2017,Fri Nov 24 12:54:09 PST 2017,Fri Nov 24 13:02:25 PST 2017,,,,,,[],"""cond2""",undefined,8.222083333333334
1,301KG0KX9CL6DSEOWD50ND2SUZZH2X,3UFCYGUHNP4CXE3VBIPPD007NZATNX,Judging whether a speaker is right or wrong about a scenario,"In this task you will be watching a short video. At the end of the video, a puppet will make a statement and your goal is to say whether the puppett is right or wrong",language research UCI fun cognitive science university explanations,$1.25,Fri Nov 24 12:53:33 PST 2017,9,0,0,0,Reviewable,NotReviewed,1 cond,1800,60000,Sun Dec 24 12:53:33 PST 2017,https://requester.mturk.com/mturk/manageHIT?HITId=301KG0KX9CL6DSEOWD50ND2SUZZH2X,3R6P78PK7KBPKFBKLOCFSKU2QXATG4,1,Submitted,Sat Nov 25 05:43:49 PST 2017,Fri Nov 24 12:53:49 PST 2017,Fri Nov 24 13:03:49 PST 2017,,,,,,[],"""cond2""",undefined,9.93155
2,301KG0KX9CL6DSEOWD50ND2SUZZH2X,3UFCYGUHNP4CXE3VBIPPD007NZATNX,Judging whether a speaker is right or wrong about a scenario,"In this task you will be watching a short video. At the end of the video, a puppet will make a statement and your goal is to say whether the puppett is right or wrong",language research UCI fun cognitive science university explanations,$1.25,Fri Nov 24 12:53:33 PST 2017,9,0,0,0,Reviewable,NotReviewed,1 cond,1800,60000,Sun Dec 24 12:53:33 PST 2017,https://requester.mturk.com/mturk/manageHIT?HITId=301KG0KX9CL6DSEOWD50ND2SUZZH2X,3018Q3ZVOIQBU9LPVZFAWJIH4H1ARX,2,Submitted,Sat Nov 25 05:45:09 PST 2017,Fri Nov 24 12:53:47 PST 2017,Fri Nov 24 13:05:09 PST 2017,,,,,,[],"""cond2""",undefined,11.156983333333333
3,301KG0KX9CL6DSEOWD50ND2SUZZH2X,3UFCYGUHNP4CXE3VBIPPD007NZATNX,Judging whether a speaker is right or wrong about a scenario,"In this task you will be watching a short video. At the end of the video, a puppet will make a statement and your goal is to say whether the puppett is right or wrong",language research UCI fun cognitive science university explanations,$1.25,Fri Nov 24 12:53:33 PST 2017,9,0,0,0,Reviewable,NotReviewed,1 cond,1800,60000,Sun Dec 24 12:53:33 PST 2017,https://requester.mturk.com/mturk/manageHIT?HITId=301KG0KX9CL6DSEOWD50ND2SUZZH2X,3IO1LGZLK9X4P2UQ6DSYPXLQI6N86T,3,Submitted,Sat Nov 25 05:49:09 PST 2017,Fri Nov 24 12:54:04 PST 2017,Fri Nov 24 13:09:09 PST 2017,,,,,,[],"""cond2""",undefined,12.48055
4,301KG0KX9CL6DSEOWD50ND2SUZZH2X,3UFCYGUHNP4CXE3VBIPPD007NZATNX,Judging whether a speaker is right or wrong about a scenario,"In this task you will be watching a short video. At the end of the video, a puppet will make a statement and your goal is to say whether the puppett is right or wrong",language research UCI fun cognitive science university explanations,$1.25,Fri Nov 24 12:53:33 PST 2017,9,0,0,0,Reviewable,NotReviewed,1 cond,1800,60000,Sun Dec 24 12:53:33 PST 2017,https://requester.mturk.com/mturk/manageHIT?HITId=301KG0KX9CL6DSEOWD50ND2SUZZH2X,3FTYUGLFSULKNTQ3I2T9JJLRX29D5O,4,Submitted,Sat Nov 25 05:53:43 PST 2017,Fri Nov 24 13:03:37 PST 2017,Fri Nov 24 13:13:43 PST 2017,,,,,,[],"""cond3""",undefined,9.949866666666667
5,301KG0KX9CL6DSEOWD50ND2SUZZH2X,3UFCYGUHNP4CXE3VBIPPD007NZATNX,Judging whether a speaker is right or wrong about a scenario,"In this task you will be watching a short video. At the end of the video, a puppet will make a statement and your goal is to say whether the puppett is right or wrong",language research UCI fun cognitive science university explanations,$1.25,Fri Nov 24 12:53:33 PST 2017,9,0,0,0,Reviewable,NotReviewed,1 cond,1800,60000,Sun Dec 24 12:53:33 PST 2017,https://requester.mturk.com/mturk/manageHIT?HITId=301KG0KX9CL6DSEOWD50ND2SUZZH2X,3MX2NQ3YC9UYLZVK92ULDQOJDKL5XI,5,Submitted,Sat Nov 25 05:55:23 PST 2017,Fri Nov 24 12:53:54 PST 2017,Fri Nov 24 13:15:23 PST 2017,,,,,,[],"""cond4""",undefined,9.918716666666667
6,301KG0KX9CL6DSEOWD50ND2SUZZH2X,3UFCYGUHNP4CXE3VBIPPD007NZATNX,Judging whether a speaker is right or wrong about a scenario,"In this task you will be watching a short video. At the end of the video, a puppet will make a statement and your goal is to say whether the puppett is right or wrong",language research UCI fun cognitive science university explanations,$1.25,Fri Nov 24 12:53:33 PST 2017,9,0,0,0,Reviewable,NotReviewed,1 cond,1800,60000,Sun Dec 24 12:53:33 PST 2017,https://requester.mturk.com/mturk/manageHIT?HITId=301KG0KX9CL6DSEOWD50ND2SUZZH2X,388U7OUMF71FTWN73XIH7D64VVR0RY,6,Submitted,Sat Nov 25 06:16:13 PST 2017,Fri Nov 24 13:17:22 PST 2017,Fri Nov 24 13:36:13 PST 2017,,,,,,[],"""cond1""",undefined,9.308216666666667
7,301KG0KX9CL6DSEOWD50ND2SUZZH2X,3UFCYGUHNP4CXE3VBIPPD007NZATNX,Judging whether a speaker is right or wrong about a scenario,"In this task you will be watching a short video. At the end of the video, a puppet will make a statement and your goal is to say whether the puppett is right or wrong",language research UCI fun cognitive science university explanations,$1.25,Fri Nov 24 12:53:33 PST 2017,9,0,0,0,Reviewable,NotReviewed,1 cond,1800,60000,Sun Dec 24 12:53:33 PST 2017,https://requester.mturk.com/mturk/manageHIT?HITId=301KG0KX9CL6DSEOWD50ND2SUZZH2X,3FUI0JHJPXYJRM12BUZ4RD1VSTW33T,7,Submitted,Sat Nov 25 06:30:51 PST 2017,Fri Nov 24 13:34:50 PST 2017,Fri Nov 24 13:50:51 PST 2017,,,,,,[],"""cond4""",undefined,15.962333333333333
8,301KG0KX9CL6DSEOWD50ND2SUZZH2X,3UFCYGUHNP4CXE3VBIPPD007NZATNX,Judging whether a speaker is right or wrong about a scenario,"In this task you will be watching a short video. At the end of the video, a puppet will make a statement and your goal is to say whether the puppett is right or wrong",language research UCI fun cognitive science university explanations,$1.25,Fri Nov 24 12:53:33 PST 2017,9,0,0,0,Reviewable,NotReviewed,1 cond,1800,60000,Sun Dec 24 12:53:33 PST 2017,https://requester.mturk.com/mturk/manageHIT?HITId=301KG0KX9CL6DSEOWD50ND2SUZZH2X,3GM6G9ZBKNXPCP76WRAA5PEZMJRTMH,8,Submitted,Sat Nov 25 06:42:47 PST 2017,Fri Nov 24 13:52:00 PST 2017,Fri Nov 24 14:02:47 PST 2017,,,,,,[],"""cond1""",undefined,7.836683333333333
