workerid,hitid,hittypeid,title,description,keywords,reward,creationtime,assignments,numavailable,numpending,numcomplete,hitstatus,reviewstatus,annotation,assignmentduration,autoapprovaldelay,hitlifetime,viewhit,assignmentid,workerid,assignmentstatus,autoapprovaltime,assignmentaccepttime,assignmentsubmittime,assignmentapprovaltime,assignmentrejecttime,deadline,feedback,reject,Answer.catch_trials,Answer.condition,Answer.justification,Answer.time_in_minutes
0,3T2HW4QDUV7QW4O7VU6EM9DQND49C8,3UFCYGUHNP4CXE3VBIPPD007NZATNX,Judging whether a speaker is right or wrong about a scenario,"In this task you will be watching a short video. At the end of the video, a puppet will make a statement and your goal is to say whether the puppett is right or wrong",language research UCI fun cognitive science university explanations,$1.25,Fri Nov 24 12:53:10 PST 2017,9,0,0,0,Reviewable,NotReviewed,1 cond,1800,60000,Sun Dec 24 12:53:10 PST 2017,https://requester.mturk.com/mturk/manageHIT?HITId=3T2HW4QDUV7QW4O7VU6EM9DQND49C8,3PS7W85Z8Z2A55OC7I65038FMKFT9D,0,Submitted,Sat Nov 25 05:39:40 PST 2017,Fri Nov 24 12:53:12 PST 2017,Fri Nov 24 12:59:40 PST 2017,,,,,,[],"""cond4""",undefined,6.37835
1,3T2HW4QDUV7QW4O7VU6EM9DQND49C8,3UFCYGUHNP4CXE3VBIPPD007NZATNX,Judging whether a speaker is right or wrong about a scenario,"In this task you will be watching a short video. At the end of the video, a puppet will make a statement and your goal is to say whether the puppett is right or wrong",language research UCI fun cognitive science university explanations,$1.25,Fri Nov 24 12:53:10 PST 2017,9,0,0,0,Reviewable,NotReviewed,1 cond,1800,60000,Sun Dec 24 12:53:10 PST 2017,https://requester.mturk.com/mturk/manageHIT?HITId=3T2HW4QDUV7QW4O7VU6EM9DQND49C8,3I3WADAZ9Q4BRQHS8B7PUDXQ1GG5OD,1,Submitted,Sat Nov 25 05:39:51 PST 2017,Fri Nov 24 12:53:11 PST 2017,Fri Nov 24 12:59:51 PST 2017,,,,,,[],"""cond3""",undefined,6.538383333333333
2,3T2HW4QDUV7QW4O7VU6EM9DQND49C8,3UFCYGUHNP4CXE3VBIPPD007NZATNX,Judging whether a speaker is right or wrong about a scenario,"In this task you will be watching a short video. At the end of the video, a puppet will make a statement and your goal is to say whether the puppett is right or wrong",language research UCI fun cognitive science university explanations,$1.25,Fri Nov 24 12:53:10 PST 2017,9,0,0,0,Reviewable,NotReviewed,1 cond,1800,60000,Sun Dec 24 12:53:10 PST 2017,https://requester.mturk.com/mturk/manageHIT?HITId=3T2HW4QDUV7QW4O7VU6EM9DQND49C8,39LOEL67OS55SJ78NBU0IU968FL38I,2,Submitted,Sat Nov 25 05:40:57 PST 2017,Fri Nov 24 12:53:15 PST 2017,Fri Nov 24 13:00:57 PST 2017,,,,,,[],"""cond1""",undefined,7.610083333333334
3,3T2HW4QDUV7QW4O7VU6EM9DQND49C8,3UFCYGUHNP4CXE3VBIPPD007NZATNX,Judging whether a speaker is right or wrong about a scenario,"In this task you will be watching a short video. At the end of the video, a puppet will make a statement and your goal is to say whether the puppett is right or wrong",language research UCI fun cognitive science university explanations,$1.25,Fri Nov 24 12:53:10 PST 2017,9,0,0,0,Reviewable,NotReviewed,1 cond,1800,60000,Sun Dec 24 12:53:10 PST 2017,https://requester.mturk.com/mturk/manageHIT?HITId=3T2HW4QDUV7QW4O7VU6EM9DQND49C8,3VSOLARPKB956OQIS30EIQ4HSL3397,3,Submitted,Sat Nov 25 05:41:29 PST 2017,Fri Nov 24 12:53:16 PST 2017,Fri Nov 24 13:01:29 PST 2017,,,,,,[],"""cond3""",undefined,8.045833333333333
4,3T2HW4QDUV7QW4O7VU6EM9DQND49C8,3UFCYGUHNP4CXE3VBIPPD007NZATNX,Judging whether a speaker is right or wrong about a scenario,"In this task you will be watching a short video. At the end of the video, a puppet will make a statement and your goal is to say whether the puppett is right or wrong",language research UCI fun cognitive science university explanations,$1.25,Fri Nov 24 12:53:10 PST 2017,9,0,0,0,Reviewable,NotReviewed,1 cond,1800,60000,Sun Dec 24 12:53:10 PST 2017,https://requester.mturk.com/mturk/manageHIT?HITId=3T2HW4QDUV7QW4O7VU6EM9DQND49C8,374TNBHA8BVCEQ4SYQ4QUFQJBM1YQT,4,Submitted,Sat Nov 25 05:43:28 PST 2017,Fri Nov 24 12:53:17 PST 2017,Fri Nov 24 13:03:28 PST 2017,,,,,,[],"""cond3""",undefined,9.329383333333332
5,3T2HW4QDUV7QW4O7VU6EM9DQND49C8,3UFCYGUHNP4CXE3VBIPPD007NZATNX,Judging whether a speaker is right or wrong about a scenario,"In this task you will be watching a short video. At the end of the video, a puppet will make a statement and your goal is to say whether the puppett is right or wrong",language research UCI fun cognitive science university explanations,$1.25,Fri Nov 24 12:53:10 PST 2017,9,0,0,0,Reviewable,NotReviewed,1 cond,1800,60000,Sun Dec 24 12:53:10 PST 2017,https://requester.mturk.com/mturk/manageHIT?HITId=3T2HW4QDUV7QW4O7VU6EM9DQND49C8,3G0WWMR1UVKI2R0EROVFDZSC72XQNV,5,Submitted,Sat Nov 25 05:48:24 PST 2017,Fri Nov 24 12:53:20 PST 2017,Fri Nov 24 13:08:24 PST 2017,,,,,,[],"""cond2""",undefined,15.0311
6,3T2HW4QDUV7QW4O7VU6EM9DQND49C8,3UFCYGUHNP4CXE3VBIPPD007NZATNX,Judging whether a speaker is right or wrong about a scenario,"In this task you will be watching a short video. At the end of the video, a puppet will make a statement and your goal is to say whether the puppett is right or wrong",language research UCI fun cognitive science university explanations,$1.25,Fri Nov 24 12:53:10 PST 2017,9,0,0,0,Reviewable,NotReviewed,1 cond,1800,60000,Sun Dec 24 12:53:10 PST 2017,https://requester.mturk.com/mturk/manageHIT?HITId=3T2HW4QDUV7QW4O7VU6EM9DQND49C8,33SA9F9TRXUJSIJNAYR2F1GPHBDWEG,6,Submitted,Sat Nov 25 05:49:39 PST 2017,Fri Nov 24 12:53:14 PST 2017,Fri Nov 24 13:09:39 PST 2017,,,,,,[],"""cond1""",undefined,11.615616666666666
7,3T2HW4QDUV7QW4O7VU6EM9DQND49C8,3UFCYGUHNP4CXE3VBIPPD007NZATNX,Judging whether a speaker is right or wrong about a scenario,"In this task you will be watching a short video. At the end of the video, a puppet will make a statement and your goal is to say whether the puppett is right or wrong",language research UCI fun cognitive science university explanations,$1.25,Fri Nov 24 12:53:10 PST 2017,9,0,0,0,Reviewable,NotReviewed,1 cond,1800,60000,Sun Dec 24 12:53:10 PST 2017,https://requester.mturk.com/mturk/manageHIT?HITId=3T2HW4QDUV7QW4O7VU6EM9DQND49C8,39DD6S19JPBNMDOSLLB9E5A7YDNEZU,7,Submitted,Sat Nov 25 06:48:39 PST 2017,Fri Nov 24 13:55:18 PST 2017,Fri Nov 24 14:08:39 PST 2017,,,,,,[],"""cond3""",undefined,11.607666666666667
8,3T2HW4QDUV7QW4O7VU6EM9DQND49C8,3UFCYGUHNP4CXE3VBIPPD007NZATNX,Judging whether a speaker is right or wrong about a scenario,"In this task you will be watching a short video. At the end of the video, a puppet will make a statement and your goal is to say whether the puppett is right or wrong",language research UCI fun cognitive science university explanations,$1.25,Fri Nov 24 12:53:10 PST 2017,9,0,0,0,Reviewable,NotReviewed,1 cond,1800,60000,Sun Dec 24 12:53:10 PST 2017,https://requester.mturk.com/mturk/manageHIT?HITId=3T2HW4QDUV7QW4O7VU6EM9DQND49C8,3QRYMNZ7FYHVU7S68SPAI43ZR95TNL,8,Submitted,Sat Nov 25 07:25:52 PST 2017,Fri Nov 24 14:16:53 PST 2017,Fri Nov 24 14:45:52 PST 2017,,,,,,[],"""cond2""",undefined,28.801066666666667
