workerid,language,enjoyment,gender,age,comments,asses,selfreport,education
0,english,2,Female,29,thank you,Yes,comprehension ,1
1,English,0,Male,35,Forced writing makes this a bad HIT.,Yes,don&quotechart know,3
2,ENGLISH,2,Male,27,thank you,Yes,perceptions of beliefs,1
3,english,1,Male,39,,Yes,testing memory,2
4,English,1,Male,27,"None, thanks.",Yes,Not totally sure.,3
5,english,1,Female,33,,Yes,opinions on story lines.,3
6,English,1,Male,59,,Yes,I must admit I have no idea about this one.,1
7,English,2,Female,33,This was very fun!,Yes,Whether or not you thought the puppet said the right thing.,3
8,English,2,Female,23,Thank you.,Yes,Comprehension of words and pictures.,2
